Heartbeat done
Requested the message succesfully
ahrs AHRS2 {roll : 0.000114278809633106, pitch : -9.1635636636056e-05, yaw : -0.3456798195838928, altitude : 0.0, lat : 0, lng : 0}
ahrs AHRS2 {roll : 0.0001143275439972058, pitch : -9.341864642919973e-05, yaw : -0.3456784784793854, altitude : 0.0, lat : 0, lng : 0}
ahrs AHRS2 {roll : 0.00011240151070524007, pitch : -9.618373587727547e-05, yaw : -0.3456777334213257, altitude : 0.0, lat : 0, lng : 0}
ahrs AHRS2 {roll : 0.00011194785474799573, pitch : -9.932782995747402e-05, yaw : -0.3456788659095764, altitude : 0.0, lat : 0, lng : 0}
ahrs AHRS2 {roll : 0.00011150000500492752, pitch : -0.00010100369399879128, yaw : -0.3456772267818451, altitude : 0.0, lat : 0, lng : 0}
ahrs AHRS2 {roll : 0.00011243463086429983, pitch : -0.00010119744547409937, yaw : -0.34567731618881226, altitude : 0.0, lat : 0, lng : 0}
ahrs AHRS2 {roll : 0.00011085618461947888, pitch : -0.00010367685172241181, yaw : -0.3456774652004242, altitude : 0.0, lat : 0, lng : 0}
ahrs AHRS2 {roll : 0.00011151272337883711, pitch : -0.00010384255438111722, yaw : -0.3456774652004242, altitude : 0.0, lat : 0, lng : 0}
ahrs AHRS2 {roll : 0.00011165929754497483, pitch : -0.00010294135427102447, yaw : -0.345674604177475, altitude : 0.0, lat : 0, lng : 0}
ahrs AHRS2 {roll : 0.0001122213143389672, pitch : -0.00010096875485032797, yaw : -0.3456748127937317, altitude : 0.0, lat : 0, lng : 0}
ahrs AHRS2 {roll : 0.00011192067177034914, pitch : -0.0001011111235129647, yaw : -0.34567347168922424, altitude : 0.0, lat : 0, lng : 0}
ahrs AHRS2 {roll : 0.00011283419735264033, pitch : -0.00010014584404416382, yaw : -0.34567373991012573, altitude : 0.0, lat : 0, lng : 0}
ahrs AHRS2 {roll : 0.0001134207850554958, pitch : -9.815090015763417e-05, yaw : -0.3456697165966034, altitude : 0.0, lat : 0, lng : 0}
ahrs AHRS2 {roll : 0.00011769821867346764, pitch : -0.00010047540854429826, yaw : -0.3456697463989258, altitude : 0.0, lat : 0, lng : 0}
ahrs AHRS2 {roll : 0.00012126924411859363, pitch : -0.00010002473572967574, yaw : -0.3456691801548004, altitude : 0.0, lat : 0, lng : 0}
ahrs AHRS2 {roll : 0.00012308673467487097, pitch : -0.00010042953363154083, yaw : -0.3456701636314392, altitude : 0.0, lat : 0, lng : 0}
ahrs AHRS2 {roll : 0.00012443870946299285, pitch : -9.964901255443692e-05, yaw : -0.34567007422447205, altitude : 0.0, lat : 0, lng : 0}
ahrs AHRS2 {roll : 0.00012703660468105227, pitch : -0.00010026164818555117, yaw : -0.3456696569919586, altitude : 0.0, lat : 0, lng : 0}
ahrs AHRS2 {roll : 0.00012872522347606719, pitch : -0.00010047588148154318, yaw : -0.34566959738731384, altitude : 0.0, lat : 0, lng : 0}
ahrs AHRS2 {roll : 0.00013024051440879703, pitch : -9.826875611906871e-05, yaw : -0.3456686735153198, altitude : 0.0, lat : 0, lng : 0}
ahrs AHRS2 {roll : 0.00013040484918747097, pitch : -9.490428783465177e-05, yaw : -0.34566715359687805, altitude : 0.0, lat : 0, lng : 0}
ahrs AHRS2 {roll : 0.0001324469194514677, pitch : -9.319329546997324e-05, yaw : -0.34566935896873474, altitude : 0.0, lat : 0, lng : 0}
ahrs AHRS2 {roll : 0.00013209246390033513, pitch : -8.962890569819137e-05, yaw : -0.3456684947013855, altitude : 0.0, lat : 0, lng : 0}
ahrs AHRS2 {roll : 0.0001326453930232674, pitch : -8.815315231913701e-05, yaw : -0.3456707298755646, altitude : 0.0, lat : 0, lng : 0}
ahrs AHRS2 {roll : 0.00013243014109320939, pitch : -8.605036418884993e-05, yaw : -0.345673531293869, altitude : 0.0, lat : 0, lng : 0}
ahrs AHRS2 {roll : 0.00013596915232483298, pitch : -8.355503814527765e-05, yaw : -0.3456750810146332, altitude : 0.0, lat : 0, lng : 0}
ahrs AHRS2 {roll : 0.00013811908138450235, pitch : -8.31516517791897e-05, yaw : -0.34567445516586304, altitude : 0.0, lat : 0, lng : 0}
ahrs AHRS2 {roll : 0.00014085994916968048, pitch : -8.071033516898751e-05, yaw : -0.34567636251449585, altitude : 0.0, lat : 0, lng : 0}
ahrs AHRS2 {roll : 0.00014477624790742993, pitch : -8.026319119380787e-05, yaw : -0.34567752480506897, altitude : 0.0, lat : 0, lng : 0}
ahrs AHRS2 {roll : 0.00014643694157712162, pitch : -7.911514694569632e-05, yaw : -0.3456774652004242, altitude : 0.0, lat : 0, lng : 0}
ahrs AHRS2 {roll : 0.00015140547475311905, pitch : -7.673492655158043e-05, yaw : -0.345681756734848, altitude : 0.0, lat : 0, lng : 0}
ahrs AHRS2 {roll : 0.0001499862555647269, pitch : -7.708416524110362e-05, yaw : -0.3456827402114868, altitude : 0.0, lat : 0, lng : 0}
ahrs AHRS2 {roll : 0.00014848924183752388, pitch : -7.522985833929852e-05, yaw : -0.34568190574645996, altitude : 0.0, lat : 0, lng : 0}
ahrs AHRS2 {roll : 0.00014705224020872265, pitch : -7.272938819369301e-05, yaw : -0.3456820547580719, altitude : 0.0, lat : 0, lng : 0}
ahrs AHRS2 {roll : 0.00014610178186558187, pitch : -7.247311441460624e-05, yaw : -0.34568363428115845, altitude : 0.0, lat : 0, lng : 0}
ahrs AHRS2 {roll : 0.00014461271348409355, pitch : -7.202265260275453e-05, yaw : -0.3456803560256958, altitude : 0.0, lat : 0, lng : 0}
ahrs AHRS2 {roll : 0.00014273959095589817, pitch : -7.148101576603949e-05, yaw : -0.34568214416503906, altitude : 0.0, lat : 0, lng : 0}
ahrs AHRS2 {roll : 0.000142448945553042, pitch : -6.971524271648377e-05, yaw : -0.34568318724632263, altitude : 0.0, lat : 0, lng : 0}
ahrs AHRS2 {roll : 0.00014118147373665124, pitch : -6.842820585006848e-05, yaw : -0.3456836938858032, altitude : 0.0, lat : 0, lng : 0}
ahrs AHRS2 {roll : 0.00014072358317207545, pitch : -6.83362886775285e-05, yaw : -0.3456851840019226, altitude : 0.0, lat : 0, lng : 0}
ahrs AHRS2 {roll : 0.00014037619985174388, pitch : -6.853272498119622e-05, yaw : -0.34568479657173157, altitude : 0.0, lat : 0, lng : 0}
ahrs AHRS2 {roll : 0.00013954738096799701, pitch : -6.630329153267667e-05, yaw : -0.3456842005252838, altitude : 0.0, lat : 0, lng : 0}
ahrs AHRS2 {roll : 0.0001398563472321257, pitch : -6.447876512538642e-05, yaw : -0.34568506479263306, altitude : 0.0, lat : 0, lng : 0}
ahrs AHRS2 {roll : 0.0001399898756062612, pitch : -6.228384154383093e-05, yaw : -0.3456861674785614, altitude : 0.0, lat : 0, lng : 0}
ahrs AHRS2 {roll : 0.00013959247735328972, pitch : -6.312796904239804e-05, yaw : -0.3456839323043823, altitude : 0.0, lat : 0, lng : 0}
ahrs AHRS2 {roll : 0.00014011877647135407, pitch : -6.43395324004814e-05, yaw : -0.3456849157810211, altitude : 0.0, lat : 0, lng : 0}
ahrs AHRS2 {roll : 0.00013990620209369808, pitch : -6.374381337082013e-05, yaw : -0.34568503499031067, altitude : 0.0, lat : 0, lng : 0}
ahrs AHRS2 {roll : 0.00014000873488839716, pitch : -6.187448889249936e-05, yaw : -0.34568163752555847, altitude : 0.0, lat : 0, lng : 0}
ahrs AHRS2 {roll : 0.00014087445742916316, pitch : -6.0527647292474285e-05, yaw : -0.3456840515136719, altitude : 0.0, lat : 0, lng : 0}
ahrs AHRS2 {roll : 0.00014250709500629455, pitch : -5.764388697571121e-05, yaw : -0.3456868827342987, altitude : 0.0, lat : 0, lng : 0}
ahrs AHRS2 {roll : 0.00014082032430451363, pitch : -5.791715739178471e-05, yaw : -0.34568777680397034, altitude : 0.0, lat : 0, lng : 0}
ahrs AHRS2 {roll : 0.0001413347345078364, pitch : -5.6877066526794806e-05, yaw : -0.3456891179084778, altitude : 0.0, lat : 0, lng : 0}
ahrs AHRS2 {roll : 0.00014159177953843027, pitch : -5.438303196569905e-05, yaw : -0.3456885516643524, altitude : 0.0, lat : 0, lng : 0}
ahrs AHRS2 {roll : 0.00014143290172796696, pitch : -5.2638253691839054e-05, yaw : -0.34568750858306885, altitude : 0.0, lat : 0, lng : 0}
ahrs AHRS2 {roll : 0.00014153760275803506, pitch : -5.1847808208549395e-05, yaw : -0.3456863760948181, altitude : 0.0, lat : 0, lng : 0}
ahrs AHRS2 {roll : 0.00014017251669429243, pitch : -5.120233981870115e-05, yaw : -0.3456859588623047, altitude : 0.0, lat : 0, lng : 0}
ahrs AHRS2 {roll : 0.00014151178766041994, pitch : -5.104460069560446e-05, yaw : -0.3456886112689972, altitude : 0.0, lat : 0, lng : 0}
ahrs AHRS2 {roll : 0.00014183414168655872, pitch : -5.341000360203907e-05, yaw : -0.3456893265247345, altitude : 0.0, lat : 0, lng : 0}
ahrs AHRS2 {roll : 0.000142878940096125, pitch : -5.361068542697467e-05, yaw : -0.3456882834434509, altitude : 0.0, lat : 0, lng : 0}
ahrs AHRS2 {roll : 0.00014301447663456202, pitch : -5.334058005246334e-05, yaw : -0.3456896245479584, altitude : 0.0, lat : 0, lng : 0}
ahrs AHRS2 {roll : 0.00014392493176274002, pitch : -5.3299529099604115e-05, yaw : -0.34569212794303894, altitude : 0.0, lat : 0, lng : 0}
ahrs AHRS2 {roll : 0.00014402596571017057, pitch : -5.417312422650866e-05, yaw : -0.345693439245224, altitude : 0.0, lat : 0, lng : 0}
ahrs AHRS2 {roll : 0.0001427130337106064, pitch : -5.6715300161158666e-05, yaw : -0.3456957936286926, altitude : 0.0, lat : 0, lng : 0}
ahrs AHRS2 {roll : 0.0001409119722666219, pitch : -5.688074088538997e-05, yaw : -0.34569796919822693, altitude : 0.0, lat : 0, lng : 0}
ahrs AHRS2 {roll : 0.000138534524012357, pitch : -5.9969657741021365e-05, yaw : -0.3456973731517792, altitude : 0.0, lat : 0, lng : 0}
ahrs AHRS2 {roll : 0.00013732255320064723, pitch : -6.182614743011072e-05, yaw : -0.34569698572158813, altitude : 0.0, lat : 0, lng : 0}
ahrs AHRS2 {roll : 0.00013605577987618744, pitch : -6.305337592493743e-05, yaw : -0.34569552540779114, altitude : 0.0, lat : 0, lng : 0}
ahrs AHRS2 {roll : 0.00013437301095109433, pitch : -6.530981045216322e-05, yaw : -0.34569552540779114, altitude : 0.0, lat : 0, lng : 0}
ahrs AHRS2 {roll : 0.00013512097939383239, pitch : -6.389062764355913e-05, yaw : -0.3456951975822449, altitude : 0.0, lat : 0, lng : 0}
ahrs AHRS2 {roll : 0.00013588870933745056, pitch : -6.036527702235617e-05, yaw : -0.3456963002681732, altitude : 0.0, lat : 0, lng : 0}
ahrs AHRS2 {roll : 0.00013872685667593032, pitch : -5.876424256712198e-05, yaw : -0.3456978499889374, altitude : 0.0, lat : 0, lng : 0}
ahrs AHRS2 {roll : 0.00013971823500469327, pitch : -5.770840652985498e-05, yaw : -0.3456960916519165, altitude : 0.0, lat : 0, lng : 0}
ahrs AHRS2 {roll : 0.00013944075908511877, pitch : -5.6002012570388615e-05, yaw : -0.3456974923610687, altitude : 0.0, lat : 0, lng : 0}
ahrs AHRS2 {roll : 0.00013983833196107298, pitch : -5.465681169880554e-05, yaw : -0.3456985056400299, altitude : 0.0, lat : 0, lng : 0}
ahrs AHRS2 {roll : 0.00013808235235046595, pitch : -5.149053322384134e-05, yaw : -0.34569987654685974, altitude : 0.0, lat : 0, lng : 0}
ahrs AHRS2 {roll : 0.00013455301814246923, pitch : -4.7450441343244165e-05, yaw : -0.3456983268260956, altitude : 0.0, lat : 0, lng : 0}
ahrs AHRS2 {roll : 0.00013068728731013834, pitch : -4.4375090510584414e-05, yaw : -0.3456985354423523, altitude : 0.0, lat : 0, lng : 0}
ahrs AHRS2 {roll : 0.00012776700896210968, pitch : -4.113386967219412e-05, yaw : -0.3456980586051941, altitude : 0.0, lat : 0, lng : 0}
ahrs AHRS2 {roll : 0.0001260477874893695, pitch : -3.555152943590656e-05, yaw : -0.34569746255874634, altitude : 0.0, lat : 0, lng : 0}
ahrs AHRS2 {roll : 0.00012393321958370507, pitch : -3.2495747291250154e-05, yaw : -0.34569859504699707, altitude : 0.0, lat : 0, lng : 0}
ahrs AHRS2 {roll : 0.0001237285032402724, pitch : -3.3196676668012515e-05, yaw : -0.3456974923610687, altitude : 0.0, lat : 0, lng : 0}
ahrs AHRS2 {roll : 0.0001243741571670398, pitch : -3.146224480587989e-05, yaw : -0.3456959128379822, altitude : 0.0, lat : 0, lng : 0}
ahrs AHRS2 {roll : 0.00012398064427543432, pitch : -3.1389976356877014e-05, yaw : -0.34569698572158813, altitude : 0.0, lat : 0, lng : 0}
ahrs AHRS2 {roll : 0.00012470768706407398, pitch : -3.1423573091160506e-05, yaw : -0.345696359872818, altitude : 0.0, lat : 0, lng : 0}
ahrs AHRS2 {roll : 0.00012329609307926148, pitch : -3.277724317740649e-05, yaw : -0.34569522738456726, altitude : 0.0, lat : 0, lng : 0}
ahrs AHRS2 {roll : 0.00012506337952800095, pitch : -3.2577831007074565e-05, yaw : -0.3456963896751404, altitude : 0.0, lat : 0, lng : 0}
ahrs AHRS2 {roll : 0.00012603960931301117, pitch : -3.22849846270401e-05, yaw : -0.34569570422172546, altitude : 0.0, lat : 0, lng : 0}
ahrs AHRS2 {roll : 0.00012751095346175134, pitch : -3.4507145755924284e-05, yaw : -0.3456958532333374, altitude : 0.0, lat : 0, lng : 0}
ahrs AHRS2 {roll : 0.00012762704864144325, pitch : -3.4524946386227384e-05, yaw : -0.3456965386867523, altitude : 0.0, lat : 0, lng : 0}
ahrs AHRS2 {roll : 0.00012835637608077377, pitch : -3.601395292207599e-05, yaw : -0.34569472074508667, altitude : 0.0, lat : 0, lng : 0}
ahrs AHRS2 {roll : 0.00012956857972312719, pitch : -3.5880635550711304e-05, yaw : -0.3456938564777374, altitude : 0.0, lat : 0, lng : 0}
ahrs AHRS2 {roll : 0.00013139325892552733, pitch : -3.6422323319129646e-05, yaw : -0.34569433331489563, altitude : 0.0, lat : 0, lng : 0}
ahrs AHRS2 {roll : 0.0001344691263511777, pitch : -3.686343916342594e-05, yaw : -0.3456944525241852, altitude : 0.0, lat : 0, lng : 0}
ahrs AHRS2 {roll : 0.00013803843467030674, pitch : -3.9470833144150674e-05, yaw : -0.3456936478614807, altitude : 0.0, lat : 0, lng : 0}
ahrs AHRS2 {roll : 0.00013788690557703376, pitch : -4.0219521906692535e-05, yaw : -0.3456973433494568, altitude : 0.0, lat : 0, lng : 0}
ahrs AHRS2 {roll : 0.0001387715310556814, pitch : -4.0572776924818754e-05, yaw : -0.3456970155239105, altitude : 0.0, lat : 0, lng : 0}
ahrs AHRS2 {roll : 0.0001406873925589025, pitch : -4.249618359608576e-05, yaw : -0.3456968665122986, altitude : 0.0, lat : 0, lng : 0}
ahrs AHRS2 {roll : 0.0001424716174369678, pitch : -4.279238055460155e-05, yaw : -0.345698744058609, altitude : 0.0, lat : 0, lng : 0}
ahrs AHRS2 {roll : 0.0001412498386343941, pitch : -4.410185283632018e-05, yaw : -0.34569820761680603, altitude : 0.0, lat : 0, lng : 0}
ahrs AHRS2 {roll : 0.00014012938481755555, pitch : -4.247504330123775e-05, yaw : -0.34569793939590454, altitude : 0.0, lat : 0, lng : 0}
ahrs AHRS2 {roll : 0.00014063015987630934, pitch : -4.1694460378494114e-05, yaw : -0.3457000255584717, altitude : 0.0, lat : 0, lng : 0}
ahrs AHRS2 {roll : 0.0001396180159645155, pitch : -3.909619408659637e-05, yaw : -0.345700204372406, altitude : 0.0, lat : 0, lng : 0}
ahrs AHRS2 {roll : 0.00013900503108743578, pitch : -3.777875463129021e-05, yaw : -0.34569892287254333, altitude : 0.0, lat : 0, lng : 0}
ahrs AHRS2 {roll : 0.00013837183360010386, pitch : -3.553232818376273e-05, yaw : -0.3457006812095642, altitude : 0.0, lat : 0, lng : 0}
ahrs AHRS2 {roll : 0.00013787909119855613, pitch : -3.377800021553412e-05, yaw : -0.3457011282444, altitude : 0.0, lat : 0, lng : 0}
ahrs AHRS2 {roll : 0.00014081806875765324, pitch : -3.052851025131531e-05, yaw : -0.34570086002349854, altitude : 0.0, lat : 0, lng : 0}
ahrs AHRS2 {roll : 0.00014485408610198647, pitch : -2.986461913678795e-05, yaw : -0.3457024395465851, altitude : 0.0, lat : 0, lng : 0}
ahrs AHRS2 {roll : 0.00014935250510461628, pitch : -2.883883280446753e-05, yaw : -0.34570252895355225, altitude : 0.0, lat : 0, lng : 0}
ahrs AHRS2 {roll : 0.00015299167716875672, pitch : -2.809799843817018e-05, yaw : -0.34570199251174927, altitude : 0.0, lat : 0, lng : 0}
ahrs AHRS2 {roll : 0.00015746061399113387, pitch : -2.5764264137251303e-05, yaw : -0.3457043468952179, altitude : 0.0, lat : 0, lng : 0}
ahrs AHRS2 {roll : 0.00016010004037525505, pitch : -2.4440043489448726e-05, yaw : -0.3457043170928955, altitude : 0.0, lat : 0, lng : 0}
ahrs AHRS2 {roll : 0.00015960558084771037, pitch : -2.4521377781638876e-05, yaw : -0.3457042872905731, altitude : 0.0, lat : 0, lng : 0}
ahrs AHRS2 {roll : 0.0001609830214874819, pitch : -2.7143443730892614e-05, yaw : -0.34570735692977905, altitude : 0.0, lat : 0, lng : 0}
ahrs AHRS2 {roll : 0.00016216441872529685, pitch : -3.003988604177721e-05, yaw : -0.3457108736038208, altitude : 0.0, lat : 0, lng : 0}
ahrs AHRS2 {roll : 0.0001642542047193274, pitch : -3.330894105602056e-05, yaw : -0.34571436047554016, altitude : 0.0, lat : 0, lng : 0}
ahrs AHRS2 {roll : 0.00016594865883234888, pitch : -3.569514592527412e-05, yaw : -0.3457173705101013, altitude : 0.0, lat : 0, lng : 0}
ahrs AHRS2 {roll : 0.000164300377946347, pitch : -3.8717127608833835e-05, yaw : -0.3457163870334625, altitude : 0.0, lat : 0, lng : 0}
ahrs AHRS2 {roll : 0.00016367195348720998, pitch : -3.873423338518478e-05, yaw : -0.3457159399986267, altitude : 0.0, lat : 0, lng : 0}
ahrs AHRS2 {roll : 0.0001626435696380213, pitch : -3.808525070780888e-05, yaw : -0.3457176089286804, altitude : 0.0, lat : 0, lng : 0}
ahrs AHRS2 {roll : 0.00015964357589837164, pitch : -3.9333885069936514e-05, yaw : -0.3457176685333252, altitude : 0.0, lat : 0, lng : 0}
ahrs AHRS2 {roll : 0.000157606671564281, pitch : -4.017428000224754e-05, yaw : -0.34571653604507446, altitude : 0.0, lat : 0, lng : 0}
ahrs AHRS2 {roll : 0.00015597585297655314, pitch : -4.0088929381454363e-05, yaw : -0.34571781754493713, altitude : 0.0, lat : 0, lng : 0}
ahrs AHRS2 {roll : 0.0001544428087072447, pitch : -4.232854917063378e-05, yaw : -0.3457169532775879, altitude : 0.0, lat : 0, lng : 0}
ahrs AHRS2 {roll : 0.0001542851241538301, pitch : -4.06675499107223e-05, yaw : -0.3457159399986267, altitude : 0.0, lat : 0, lng : 0}
ahrs AHRS2 {roll : 0.0001559822994749993, pitch : -3.9631257095607e-05, yaw : -0.34571573138237, altitude : 0.0, lat : 0, lng : 0}
ahrs AHRS2 {roll : 0.000156368114403449, pitch : -3.9931263017933816e-05, yaw : -0.3457171320915222, altitude : 0.0, lat : 0, lng : 0}
ahrs AHRS2 {roll : 0.00015594081196468323, pitch : -3.8699239667039365e-05, yaw : -0.3457161784172058, altitude : 0.0, lat : 0, lng : 0}
ahrs AHRS2 {roll : 0.00015658672782592475, pitch : -3.974224455305375e-05, yaw : -0.3457184135913849, altitude : 0.0, lat : 0, lng : 0}
ahrs AHRS2 {roll : 0.0001561764656798914, pitch : -3.978398672188632e-05, yaw : -0.3457182049751282, altitude : 0.0, lat : 0, lng : 0}
ahrs AHRS2 {roll : 0.00015886891924310476, pitch : -3.879562427755445e-05, yaw : -0.34571781754493713, altitude : 0.0, lat : 0, lng : 0}
ahrs AHRS2 {roll : 0.000158559501869604, pitch : -3.449600626481697e-05, yaw : -0.3457188904285431, altitude : 0.0, lat : 0, lng : 0}
ahrs AHRS2 {roll : 0.00015836110105738044, pitch : -3.564294456737116e-05, yaw : -0.3457200229167938, altitude : 0.0, lat : 0, lng : 0}
ahrs AHRS2 {roll : 0.00015961797907948494, pitch : -3.546687003108673e-05, yaw : -0.34571802616119385, altitude : 0.0, lat : 0, lng : 0}
ahrs AHRS2 {roll : 0.00015957726282067597, pitch : -3.488274523988366e-05, yaw : -0.3457197844982147, altitude : 0.0, lat : 0, lng : 0}
ahrs AHRS2 {roll : 0.00016088411211967468, pitch : -3.436878978391178e-05, yaw : -0.34571871161460876, altitude : 0.0, lat : 0, lng : 0}
ahrs AHRS2 {roll : 0.0001594159402884543, pitch : -3.4789136407198384e-05, yaw : -0.3457183539867401, altitude : 0.0, lat : 0, lng : 0}
ahrs AHRS2 {roll : 0.00015690656437072903, pitch : -3.294310226920061e-05, yaw : -0.34572163224220276, altitude : 0.0, lat : 0, lng : 0}
ahrs AHRS2 {roll : 0.000155949717736803, pitch : -3.4434255212545395e-05, yaw : -0.3457237482070923, altitude : 0.0, lat : 0, lng : 0}
ahrs AHRS2 {roll : 0.00015509176591876894, pitch : -3.563742939149961e-05, yaw : -0.3457237482070923, altitude : 0.0, lat : 0, lng : 0}
ahrs AHRS2 {roll : 0.00015555696154478937, pitch : -3.466871930868365e-05, yaw : -0.3457242250442505, altitude : 0.0, lat : 0, lng : 0}
ahrs AHRS2 {roll : 0.00015554821584373713, pitch : -3.3248274121433496e-05, yaw : -0.34572097659111023, altitude : 0.0, lat : 0, lng : 0}
ahrs AHRS2 {roll : 0.0001539856311865151, pitch : -3.0401773983612657e-05, yaw : -0.34571900963783264, altitude : 0.0, lat : 0, lng : 0}
ahrs AHRS2 {roll : 0.0001508010900579393, pitch : -3.1870884413365275e-05, yaw : -0.34571927785873413, altitude : 0.0, lat : 0, lng : 0}
ahrs AHRS2 {roll : 0.00015018747944850475, pitch : -3.136535451631062e-05, yaw : -0.3457191586494446, altitude : 0.0, lat : 0, lng : 0}
ahrs AHRS2 {roll : 0.00014883319090586156, pitch : -2.877215956686996e-05, yaw : -0.34571945667266846, altitude : 0.0, lat : 0, lng : 0}
ahrs AHRS2 {roll : 0.00014636426931247115, pitch : -2.6646732294466347e-05, yaw : -0.34571966528892517, altitude : 0.0, lat : 0, lng : 0}
ahrs AHRS2 {roll : 0.00014497700612992048, pitch : -2.3868684365879744e-05, yaw : -0.3457198739051819, altitude : 0.0, lat : 0, lng : 0}
ahrs AHRS2 {roll : 0.00014474238560069352, pitch : -2.5810448278207332e-05, yaw : -0.3457193076610565, altitude : 0.0, lat : 0, lng : 0}
ahrs AHRS2 {roll : 0.00014534346701111645, pitch : -2.2298348994809203e-05, yaw : -0.3457176685333252, altitude : 0.0, lat : 0, lng : 0}
ahrs AHRS2 {roll : 0.00014837544586043805, pitch : -2.3792455976945348e-05, yaw : -0.3457201421260834, altitude : 0.0, lat : 0, lng : 0}
ahrs AHRS2 {roll : 0.0001488409616285935, pitch : -2.2194650227902457e-05, yaw : -0.34571942687034607, altitude : 0.0, lat : 0, lng : 0}
ahrs AHRS2 {roll : 0.00014833286695647985, pitch : -2.234698331449181e-05, yaw : -0.3457193970680237, altitude : 0.0, lat : 0, lng : 0}
ahrs AHRS2 {roll : 0.00015104966587387025, pitch : -2.2524691303260624e-05, yaw : -0.34571927785873413, altitude : 0.0, lat : 0, lng : 0}
ahrs AHRS2 {roll : 0.00015424322918988764, pitch : -2.324184424651321e-05, yaw : -0.3457174301147461, altitude : 0.0, lat : 0, lng : 0}
ahrs AHRS2 {roll : 0.00015573931159451604, pitch : -2.3657470592297614e-05, yaw : -0.3457181751728058, altitude : 0.0, lat : 0, lng : 0}
ahrs AHRS2 {roll : 0.00015950785018503666, pitch : -2.5185257982229814e-05, yaw : -0.34571900963783264, altitude : 0.0, lat : 0, lng : 0}
ahrs AHRS2 {roll : 0.00016137174679897726, pitch : -2.572771700215526e-05, yaw : -0.345717191696167, altitude : 0.0, lat : 0, lng : 0}
ahrs AHRS2 {roll : 0.00016572388994973153, pitch : -2.5922650820575655e-05, yaw : -0.3457167446613312, altitude : 0.0, lat : 0, lng : 0}
ahrs AHRS2 {roll : 0.00017073852359317243, pitch : -2.624876651680097e-05, yaw : -0.3457169234752655, altitude : 0.0, lat : 0, lng : 0}
ahrs AHRS2 {roll : 0.00017396276234649122, pitch : -2.5762281438801438e-05, yaw : -0.34571802616119385, altitude : 0.0, lat : 0, lng : 0}
ahrs AHRS2 {roll : 0.00017282203771173954, pitch : -2.382311868132092e-05, yaw : -0.34571895003318787, altitude : 0.0, lat : 0, lng : 0}
ahrs AHRS2 {roll : 0.00017599566490389407, pitch : -2.317133839824237e-05, yaw : -0.3457189202308655, altitude : 0.0, lat : 0, lng : 0}
ahrs AHRS2 {roll : 0.00018130202079191804, pitch : -2.0651637896662578e-05, yaw : -0.3457171320915222, altitude : 0.0, lat : 0, lng : 0}
ahrs AHRS2 {roll : 0.0001823293132474646, pitch : -2.3688975488767028e-05, yaw : -0.3457185924053192, altitude : 0.0, lat : 0, lng : 0}
ahrs AHRS2 {roll : 0.00018515058036427945, pitch : -2.5327633920824155e-05, yaw : -0.34572136402130127, altitude : 0.0, lat : 0, lng : 0}
ahrs AHRS2 {roll : 0.00018668554548639804, pitch : -2.591650263639167e-05, yaw : -0.3457200527191162, altitude : 0.0, lat : 0, lng : 0}
ahrs AHRS2 {roll : 0.000185246899491176, pitch : -2.704390135477297e-05, yaw : -0.34572261571884155, altitude : 0.0, lat : 0, lng : 0}
ahrs AHRS2 {roll : 0.00018809991888701916, pitch : -2.6472047466086224e-05, yaw : -0.34572547674179077, altitude : 0.0, lat : 0, lng : 0}
ahrs AHRS2 {roll : 0.00018739994266070426, pitch : -2.3717962903901935e-05, yaw : -0.3457244634628296, altitude : 0.0, lat : -353632621, lng : 1491652374}
ahrs AHRS2 {roll : 0.0001869881380116567, pitch : -2.1129631932126358e-05, yaw : -0.3406256139278412, altitude : 0.0, lat : -353632621, lng : 1491652374}
ahrs AHRS2 {roll : 0.000187766388989985, pitch : -1.82334642886417e-05, yaw : -0.33360999822616577, altitude : 0.0, lat : -353632621, lng : 1491652374}
ahrs AHRS2 {roll : 0.00019007097580470145, pitch : -1.4574463421013206e-05, yaw : -0.3288863003253937, altitude : 0.0, lat : -353632621, lng : 1491652374}
ahrs AHRS2 {roll : 0.0001921601506182924, pitch : -1.2451760085241403e-05, yaw : -0.3229491710662842, altitude : 0.0, lat : -353632621, lng : 1491652374}
ahrs AHRS2 {roll : 0.00019399895973037928, pitch : -8.654580597067252e-06, yaw : -0.316313236951828, altitude : 0.0, lat : -353632621, lng : 1491652374}
ahrs AHRS2 {roll : 0.00019273397629149258, pitch : -1.0892038517340552e-05, yaw : -0.31156930327415466, altitude : 0.0, lat : -353632621, lng : 1491652374}
ahrs AHRS2 {roll : 0.00019143536337651312, pitch : -1.2700766092166305e-05, yaw : -0.3061361312866211, altitude : 0.0, lat : -353632621, lng : 1491652374}
ahrs AHRS2 {roll : 0.00019273006182629615, pitch : -1.593122760823462e-05, yaw : -0.30021050572395325, altitude : 0.0, lat : -353632621, lng : 1491652374}
ahrs AHRS2 {roll : 0.00019340206927154213, pitch : -1.8000753698288463e-05, yaw : -0.2960070073604584, altitude : 0.0, lat : -353632621, lng : 1491652374}
ahrs AHRS2 {roll : 0.0001934816245920956, pitch : -2.051446972473059e-05, yaw : -0.29149046540260315, altitude : 0.0, lat : -353632621, lng : 1491652374}
ahrs AHRS2 {roll : 0.00019315101963002235, pitch : -2.4186290829675272e-05, yaw : -0.28535062074661255, altitude : 0.0, lat : -353632621, lng : 1491652374}
ahrs AHRS2 {roll : 0.00019058873294852674, pitch : -2.5300014385720715e-05, yaw : -0.2814936339855194, altitude : 0.0, lat : -353632621, lng : 1491652374}
ahrs AHRS2 {roll : 0.00018932134844362736, pitch : -2.532096186769195e-05, yaw : -0.2773520350456238, altitude : 0.0, lat : -353632621, lng : 1491652374}
ahrs AHRS2 {roll : 0.00018811186600942165, pitch : -2.8022848709952086e-05, yaw : -0.27193698287010193, altitude : 0.0, lat : -353632621, lng : 1491652374}
ahrs AHRS2 {roll : 0.00018671716679818928, pitch : -2.7333226171322167e-05, yaw : -0.2684763967990875, altitude : 0.0, lat : -353632621, lng : 1491652374}
ahrs AHRS2 {roll : 0.0001843814825406298, pitch : -2.620641498651821e-05, yaw : -0.2643841505050659, altitude : 0.0, lat : -353632621, lng : 1491652374}
ahrs AHRS2 {roll : 0.0001851641427492723, pitch : -2.7067275368608534e-05, yaw : -0.2594204246997833, altitude : 0.0, lat : -353632621, lng : 1491652374}
ahrs AHRS2 {roll : 0.00018614428699947894, pitch : -2.550164208514616e-05, yaw : -0.25624749064445496, altitude : 0.0, lat : -353632621, lng : 1491652374}
ahrs AHRS2 {roll : 0.00018266374536324292, pitch : -2.3029582735034637e-05, yaw : -0.25277701020240784, altitude : 0.0, lat : -353632621, lng : 1491652374}
ahrs AHRS2 {roll : 0.0001828367094276473, pitch : -2.246442272735294e-05, yaw : -0.24821196496486664, altitude : 0.0, lat : -353632621, lng : 1491652374}
ahrs AHRS2 {roll : 0.00018263317178934813, pitch : -2.1045334506197833e-05, yaw : -0.2449401617050171, altitude : 0.0, lat : -353632621, lng : 1491652374}
ahrs AHRS2 {roll : 0.00018175874720327556, pitch : -1.880198578874115e-05, yaw : -0.2418043315410614, altitude : 0.0, lat : -353632621, lng : 1491652374}
ahrs AHRS2 {roll : 0.00018268458370584995, pitch : -1.7013613614835776e-05, yaw : -0.23751328885555267, altitude : 0.0, lat : -353632621, lng : 1491652374}
ahrs AHRS2 {roll : 0.00018691200239118189, pitch : -1.904499004012905e-05, yaw : -0.23469147086143494, altitude : 0.0, lat : -353632621, lng : 1491652374}
ahrs AHRS2 {roll : 0.00019261149282101542, pitch : -2.169763138226699e-05, yaw : -0.2320091873407364, altitude : 0.0, lat : -353632621, lng : 1491652374}
ahrs AHRS2 {roll : 0.0001970780431292951, pitch : -2.1586078219115734e-05, yaw : -0.22805552184581757, altitude : 0.0, lat : -353632621, lng : 1491652374}
ahrs AHRS2 {roll : 0.00020111730555072427, pitch : -2.217362998635508e-05, yaw : -0.22522659599781036, altitude : 0.0, lat : -353632621, lng : 1491652374}
ahrs AHRS2 {roll : 0.00020415402832441032, pitch : -2.4240373022621498e-05, yaw : -0.22277246415615082, altitude : 0.0, lat : -353632621, lng : 1491652374}
ahrs AHRS2 {roll : 0.00020773810683749616, pitch : -2.6019128199550323e-05, yaw : -0.21915259957313538, altitude : 0.0, lat : -353632621, lng : 1491652374}
ahrs AHRS2 {roll : 0.00020759497419930995, pitch : -2.6170491764787585e-05, yaw : -0.21671271324157715, altitude : 0.0, lat : -353632621, lng : 1491652374}
ahrs AHRS2 {roll : 0.00020518618111964315, pitch : -2.3787812096998096e-05, yaw : -0.2146250158548355, altitude : 0.0, lat : -353632621, lng : 1491652374}
ahrs AHRS2 {roll : 0.00020324093929957598, pitch : -2.319078703294508e-05, yaw : -0.21106429398059845, altitude : 0.0, lat : -353632621, lng : 1491652374}
ahrs AHRS2 {roll : 0.00020331668201833963, pitch : -2.1045942048658617e-05, yaw : -0.20877279341220856, altitude : 0.0, lat : -353632621, lng : 1491652374}
ahrs AHRS2 {roll : 0.00020090039470233023, pitch : -1.92918669199571e-05, yaw : -0.206898495554924, altitude : 0.0, lat : -353632621, lng : 1491652374}
ahrs AHRS2 {roll : 0.00020020683587063104, pitch : -1.883774166344665e-05, yaw : -0.20368333160877228, altitude : 0.0, lat : -353632621, lng : 1491652374}
ahrs AHRS2 {roll : 0.00019778301066253334, pitch : -1.5315339624066837e-05, yaw : -0.20162774622440338, altitude : 0.0, lat : -353632621, lng : 1491652374}
ahrs AHRS2 {roll : 0.00019948763656429946, pitch : -1.4107681636232883e-05, yaw : -0.19973833858966827, altitude : 0.0, lat : -353632621, lng : 1491652374}
ahrs AHRS2 {roll : 0.00019942795915994793, pitch : -1.3899714758736081e-05, yaw : -0.19679604470729828, altitude : 0.0, lat : -353632621, lng : 1491652374}
ahrs AHRS2 {roll : 0.00020004910766147077, pitch : -1.2564125427161343e-05, yaw : -0.1949138194322586, altitude : 0.0, lat : -353632621, lng : 1491652374}
ahrs AHRS2 {roll : 0.00020168583432678133, pitch : -9.618403964850586e-06, yaw : -0.193349227309227, altitude : 0.0, lat : -353632621, lng : 1491652374}
ahrs AHRS2 {roll : 0.00020265401690267026, pitch : -1.1098865797976032e-05, yaw : -0.19071251153945923, altitude : 0.0, lat : -353632621, lng : 1491652374}
ahrs AHRS2 {roll : 0.00020119598775636405, pitch : -1.2196860552649014e-05, yaw : -0.18876847624778748, altitude : 0.0, lat : -353632621, lng : 1491652374}
ahrs AHRS2 {roll : 0.00019753312517423183, pitch : -1.2347029041848145e-05, yaw : -0.18733516335487366, altitude : 0.0, lat : -353632621, lng : 1491652374}
ahrs AHRS2 {roll : 0.00019622992840595543, pitch : -1.3305010725161992e-05, yaw : -0.18492163717746735, altitude : 0.0, lat : -353632621, lng : 1491652374}
ahrs AHRS2 {roll : 0.00019439568859525025, pitch : -1.2499687727540731e-05, yaw : -0.18320411443710327, altitude : 0.0, lat : -353632621, lng : 1491652374}
ahrs AHRS2 {roll : 0.00019096343021374196, pitch : -1.2279866496101022e-05, yaw : -0.18207937479019165, altitude : 0.0, lat : -353632621, lng : 1491652374}
ahrs AHRS2 {roll : 0.00018778711091727018, pitch : -9.176499588647857e-06, yaw : -0.17959944903850555, altitude : 0.0, lat : -353632621, lng : 1491652374}
ahrs AHRS2 {roll : 0.0001856224553193897, pitch : -8.885926035873126e-06, yaw : -0.17807254195213318, altitude : 0.0, lat : -353632621, lng : 1491652374}
ahrs AHRS2 {roll : 0.0001852221175795421, pitch : -8.276630069303792e-06, yaw : -0.17704275250434875, altitude : 0.0, lat : -353632621, lng : 1491652374}
ahrs AHRS2 {roll : 0.000184552205610089, pitch : -7.6154101407155395e-06, yaw : -0.17490459978580475, altitude : 0.0, lat : -353632621, lng : 1491652374}
ahrs AHRS2 {roll : 0.0001816683216020465, pitch : -6.463091267505661e-06, yaw : -0.17337307333946228, altitude : 0.0, lat : -353632621, lng : 1491652374}
ahrs AHRS2 {roll : 0.0001815665455069393, pitch : -6.206377292983234e-06, yaw : -0.17243140935897827, altitude : 0.0, lat : -353632621, lng : 1491652374}
ahrs AHRS2 {roll : 0.0001785818749340251, pitch : -7.467384421033785e-06, yaw : -0.17047017812728882, altitude : 0.0, lat : -353632621, lng : 1491652374}
ahrs AHRS2 {roll : 0.0001781127357389778, pitch : -7.471982826245949e-06, yaw : -0.1691482663154602, altitude : 0.0, lat : -353632621, lng : 1491652374}
ahrs AHRS2 {roll : 0.00017897658108267933, pitch : -7.6291080404189415e-06, yaw : -0.1682596206665039, altitude : 0.0, lat : -353632621, lng : 1491652374}
ahrs AHRS2 {roll : 0.00017833719903137535, pitch : -6.380425475072116e-06, yaw : -0.1664094775915146, altitude : 0.0, lat : -353632621, lng : 1491652374}
ahrs AHRS2 {roll : 0.00017734050925355405, pitch : -4.77552248412394e-06, yaw : -0.1652032434940338, altitude : 0.0, lat : -353632621, lng : 1491652374}
ahrs AHRS2 {roll : 0.0001769151131156832, pitch : -2.844111804733984e-06, yaw : -0.16438861191272736, altitude : 0.0, lat : -353632621, lng : 1491652374}
ahrs AHRS2 {roll : 0.00017820937500800937, pitch : -1.3560311344917864e-06, yaw : -0.16280090808868408, altitude : 0.0, lat : -353632621, lng : 1491652374}
ahrs AHRS2 {roll : 0.00017824492533691227, pitch : -9.421037248102948e-07, yaw : -0.1616593450307846, altitude : 0.0, lat : -353632621, lng : 1491652374}
ahrs AHRS2 {roll : 0.00018047247431240976, pitch : 1.7202182789333165e-07, yaw : -0.16084104776382446, altitude : 0.0, lat : -353632621, lng : 1491652374}
ahrs AHRS2 {roll : 0.00018182459461968392, pitch : 1.3867993402527645e-06, yaw : -0.1593855917453766, altitude : 0.0, lat : -353632621, lng : 1491652374}
ahrs AHRS2 {roll : 0.00018639289191924036, pitch : 2.010325260926038e-06, yaw : -0.15834109485149384, altitude : 0.0, lat : -353632621, lng : 1491652374}
ahrs AHRS2 {roll : 0.00018974202976096421, pitch : 2.221109753008932e-06, yaw : -0.15763603150844574, altitude : 0.0, lat : -353632621, lng : 1491652374}
ahrs AHRS2 {roll : 0.00018997100414708257, pitch : 2.258195308968425e-06, yaw : -0.15635278820991516, altitude : 0.0, lat : -353632621, lng : 1491652374}
ahrs AHRS2 {roll : 0.0001923631498357281, pitch : 2.237813760075369e-06, yaw : -0.15530726313591003, altitude : 0.0, lat : -353632621, lng : 1491652374}
ahrs AHRS2 {roll : 0.0001954101462615654, pitch : 4.168354280409403e-06, yaw : -0.1546621173620224, altitude : 0.0, lat : -353632621, lng : 1491652374}
ahrs AHRS2 {roll : 0.00019750266801565886, pitch : 5.002812031307258e-06, yaw : -0.1534871757030487, altitude : 0.0, lat : -353632621, lng : 1491652374}
ahrs AHRS2 {roll : 0.0001984857372008264, pitch : 7.643520802957937e-06, yaw : -0.15258516371250153, altitude : 0.0, lat : -353632621, lng : 1491652374}
ahrs AHRS2 {roll : 0.00020156087703071535, pitch : 9.319266609963961e-06, yaw : -0.15198950469493866, altitude : 0.0, lat : -353632621, lng : 1491652374}
ahrs AHRS2 {roll : 0.00020610241335816681, pitch : 1.2453865565476008e-05, yaw : -0.15089398622512817, altitude : 0.0, lat : -353632621, lng : 1491652374}
ahrs AHRS2 {roll : 0.00020896185014862567, pitch : 1.4464170817518607e-05, yaw : -0.15004776418209076, altitude : 0.0, lat : -353632621, lng : 1491652374}
ahrs AHRS2 {roll : 0.0002052950148936361, pitch : 1.1416521374485455e-05, yaw : -0.1495034396648407, altitude : 0.0, lat : -353632621, lng : 1491652374}
ahrs AHRS2 {roll : 0.0002034912322415039, pitch : 9.162516107608099e-06, yaw : -0.14854852855205536, altitude : 0.0, lat : -353632621, lng : 1491652374}
ahrs AHRS2 {roll : 0.0001988793956115842, pitch : 6.756288712495007e-06, yaw : -0.14778921008110046, altitude : 0.0, lat : -353632621, lng : 1491652374}
ahrs AHRS2 {roll : 0.00019815545238088816, pitch : 6.327795745164622e-06, yaw : -0.1472264975309372, altitude : 0.0, lat : -353632621, lng : 1491652374}
ahrs AHRS2 {roll : 0.0001956916821654886, pitch : 6.119405043136794e-06, yaw : -0.14635069668293, altitude : 0.0, lat : -353632621, lng : 1491652374}
ahrs AHRS2 {roll : 0.00019361876184120774, pitch : 4.664514563046396e-06, yaw : -0.145656019449234, altitude : 0.0, lat : -353632621, lng : 1491652374}
ahrs AHRS2 {roll : 0.0001910010032588616, pitch : 4.094166797585785e-06, yaw : -0.14513878524303436, altitude : 0.0, lat : -353632621, lng : 1491652374}
ahrs AHRS2 {roll : 0.00019234289356973022, pitch : 5.367106496123597e-06, yaw : -0.14437390863895416, altitude : 0.0, lat : -353632621, lng : 1491652374}
ahrs AHRS2 {roll : 0.00019143178360536695, pitch : 6.0101947383373044e-06, yaw : -0.14362899959087372, altitude : 0.0, lat : -353632621, lng : 1491652374}
ahrs AHRS2 {roll : 0.00019171711755916476, pitch : 6.5370622905902565e-06, yaw : -0.1431521326303482, altitude : 0.0, lat : -353632621, lng : 1491652374}
ahrs AHRS2 {roll : 0.00019098106713499874, pitch : 7.067588740028441e-06, yaw : -0.1424313485622406, altitude : 0.0, lat : -353632621, lng : 1491652374}
ahrs AHRS2 {roll : 0.0001887884718598798, pitch : 8.639150109956972e-06, yaw : -0.14179180562496185, altitude : 0.0, lat : -353632621, lng : 1491652374}
ahrs AHRS2 {roll : 0.0001908508565975353, pitch : 7.053926310618408e-06, yaw : -0.14135201275348663, altitude : 0.0, lat : -353632621, lng : 1491652374}
ahrs AHRS2 {roll : 0.0001924930402310565, pitch : 6.784900506318081e-06, yaw : -0.1407032012939453, altitude : 0.0, lat : -353632621, lng : 1491652374}
ahrs AHRS2 {roll : 0.00019710065680556, pitch : 5.0629769248189405e-06, yaw : -0.14006198942661285, altitude : 0.0, lat : -353632621, lng : 1491652374}
ahrs AHRS2 {roll : 0.0001983583642868325, pitch : 5.452806817629607e-06, yaw : -0.13965874910354614, altitude : 0.0, lat : -353632621, lng : 1491652374}
ahrs AHRS2 {roll : 0.00020064314594492316, pitch : 6.958202902751509e-06, yaw : -0.1390790194272995, altitude : 0.0, lat : -353632621, lng : 1491652374}
ahrs AHRS2 {roll : 0.00020165913156233728, pitch : 5.400639111030614e-06, yaw : -0.13852985203266144, altitude : 0.0, lat : -353632621, lng : 1491652374}
ahrs AHRS2 {roll : 0.0002052515046671033, pitch : 4.416834144649329e-06, yaw : -0.13815173506736755, altitude : 0.0, lat : -353632621, lng : 1491652374}
ahrs AHRS2 {roll : 0.00020646069606300443, pitch : 6.684949767077342e-07, yaw : -0.13759934902191162, altitude : 0.0, lat : -353632621, lng : 1491652374}
ahrs AHRS2 {roll : 0.000207422228413634, pitch : 9.624836820876226e-07, yaw : -0.1370965540409088, altitude : 0.0, lat : -353632621, lng : 1491652374}
ahrs AHRS2 {roll : 0.00020796706667169929, pitch : -2.6175621314905584e-07, yaw : -0.13674722611904144, altitude : 0.0, lat : -353632621, lng : 1491652374}
ahrs AHRS2 {roll : 0.0002100113924825564, pitch : -3.624672899604775e-06, yaw : -0.13628707826137543, altitude : 0.0, lat : -353632621, lng : 1491652374}
ahrs AHRS2 {roll : 0.00020854872127529234, pitch : -7.018285941740032e-06, yaw : -0.13582603633403778, altitude : 0.0, lat : -353632621, lng : 1491652374}
ahrs AHRS2 {roll : 0.00020793949079234153, pitch : -7.751097655273043e-06, yaw : -0.13547395169734955, altitude : 0.0, lat : -353632621, lng : 1491652374}
ahrs AHRS2 {roll : 0.0002060978440567851, pitch : -1.1002318387909327e-05, yaw : -0.13503588736057281, altitude : 0.0, lat : -353632621, lng : 1491652374}
ahrs AHRS2 {roll : 0.00020568951731547713, pitch : -1.1711572369677015e-05, yaw : -0.13461388647556305, altitude : 0.0, lat : -353632621, lng : 1491652374}
ahrs AHRS2 {roll : 0.0002044444700004533, pitch : -1.1886031643371098e-05, yaw : -0.13430409133434296, altitude : 0.0, lat : -353632621, lng : 1491652374}
ahrs AHRS2 {roll : 0.00020432457677088678, pitch : -1.2310112651903182e-05, yaw : -0.13393953442573547, altitude : 0.0, lat : -353632621, lng : 1491652374}
ahrs AHRS2 {roll : 0.0002017280930886045, pitch : -1.4452229152084328e-05, yaw : -0.13350306451320648, altitude : 0.0, lat : -353632621, lng : 1491652374}
ahrs AHRS2 {roll : 0.00020161308930255473, pitch : -1.1228865332668647e-05, yaw : -0.13321910798549652, altitude : 0.0, lat : -353632621, lng : 1491652374}
ahrs AHRS2 {roll : 0.00020120023691561073, pitch : -1.1329763765388634e-05, yaw : -0.13288497924804688, altitude : 0.0, lat : -353632621, lng : 1491652374}
ahrs AHRS2 {roll : 0.00020364226656965911, pitch : -9.974541171686724e-06, yaw : -0.13250258564949036, altitude : 0.0, lat : -353632621, lng : 1491652374}
ahrs AHRS2 {roll : 0.00020411002333275974, pitch : -7.908644874987658e-06, yaw : -0.13225007057189941, altitude : 0.0, lat : -353632621, lng : 1491652374}
ahrs AHRS2 {roll : 0.00020489825692493469, pitch : -7.273689334397204e-06, yaw : -0.13192218542099, altitude : 0.0, lat : -353632621, lng : 1491652374}
ahrs AHRS2 {roll : 0.00020667178614530712, pitch : -5.094532752991654e-06, yaw : -0.13157020509243011, altitude : 0.0, lat : -353632621, lng : 1491652374}
ahrs AHRS2 {roll : 0.00020550060435198247, pitch : -4.611755230143899e-06, yaw : -0.1313321441411972, altitude : 0.0, lat : -353632621, lng : 1491652374}
ahrs AHRS2 {roll : 0.00020324622164480388, pitch : -1.9871731637977064e-06, yaw : -0.13106408715248108, altitude : 0.0, lat : -353632621, lng : 1491652374}
ahrs AHRS2 {roll : 0.0002017841034103185, pitch : -2.43809336097911e-06, yaw : -0.13074439764022827, altitude : 0.0, lat : -353632621, lng : 1491652374}
ahrs AHRS2 {roll : 0.00020248645159881562, pitch : -1.8602916043164441e-06, yaw : -0.13050563633441925, altitude : 0.0, lat : -353632621, lng : 1491652374}
ahrs AHRS2 {roll : 0.00020176416728645563, pitch : 8.313201078635757e-07, yaw : -0.13026010990142822, altitude : 0.0, lat : -353632621, lng : 1491652374}
ahrs AHRS2 {roll : 0.00020161356951575726, pitch : 3.4092372516170144e-06, yaw : -0.12996818125247955, altitude : 0.0, lat : -353632621, lng : 1491652374}
ahrs AHRS2 {roll : 0.0002043305867118761, pitch : 4.403085767989978e-06, yaw : -0.129764124751091, altitude : 0.0, lat : -353632621, lng : 1491652374}
ahrs AHRS2 {roll : 0.00020952154591213912, pitch : 4.244765023031505e-06, yaw : -0.12952692806720734, altitude : 0.0, lat : -353632621, lng : 1491652374}
ahrs AHRS2 {roll : 0.00021301257947925478, pitch : 7.38414928491693e-06, yaw : -0.12925902009010315, altitude : 0.0, lat : -353632621, lng : 1491652374}
ahrs AHRS2 {roll : 0.00021742570970673114, pitch : 8.7160615294124e-06, yaw : -0.12907180190086365, altitude : 0.0, lat : -353632621, lng : 1491652374}
ahrs AHRS2 {roll : 0.00021992828988004476, pitch : 1.0116973498952575e-05, yaw : -0.12887801229953766, altitude : 0.0, lat : -353632621, lng : 1491652374}
ahrs AHRS2 {roll : 0.00022384486510418355, pitch : 1.1831571100628935e-05, yaw : -0.12862960994243622, altitude : 0.0, lat : -353632621, lng : 1491652374}
ahrs AHRS2 {roll : 0.00022921075287740678, pitch : 1.0387508154963143e-05, yaw : -0.12843871116638184, altitude : 0.0, lat : -353632621, lng : 1491652374}
ahrs AHRS2 {roll : 0.00023216716363094747, pitch : 1.1067755622207187e-05, yaw : -0.12826083600521088, altitude : 0.0, lat : -353632621, lng : 1491652374}
ahrs AHRS2 {roll : 0.00023602254805155098, pitch : 1.2506521670729853e-05, yaw : -0.12803484499454498, altitude : 0.0, lat : -353632621, lng : 1491652374}
ahrs AHRS2 {roll : 0.00024013790243770927, pitch : 1.2765018254867755e-05, yaw : -0.12787358462810516, altitude : 0.0, lat : -353632621, lng : 1491652374}
ahrs AHRS2 {roll : 0.00024226814275607467, pitch : 1.1510262993397191e-05, yaw : -0.1277189403772354, altitude : 0.0, lat : -353632621, lng : 1491652374}
ahrs AHRS2 {roll : 0.000249034957960248, pitch : 1.1947844541282393e-05, yaw : -0.1274930238723755, altitude : 0.0, lat : -353632621, lng : 1491652374}
ahrs AHRS2 {roll : 0.0002512545615900308, pitch : 9.664162462286185e-06, yaw : -0.12734413146972656, altitude : 0.0, lat : -353632621, lng : 1491652374}
ahrs AHRS2 {roll : 0.00025055580772459507, pitch : 1.0198565178143326e-05, yaw : -0.12719926238059998, altitude : 0.0, lat : -353632621, lng : 1491652374}
ahrs AHRS2 {roll : 0.0002529546036385, pitch : 1.2025069736409932e-05, yaw : -0.12700656056404114, altitude : 0.0, lat : -353632621, lng : 1491652374}
ahrs AHRS2 {roll : 0.0002519293630030006, pitch : 1.2987637092010118e-05, yaw : -0.12686601281166077, altitude : 0.0, lat : -353632621, lng : 1491652374}
ahrs AHRS2 {roll : 0.00025218102382496, pitch : 1.1684041965054348e-05, yaw : -0.12672773003578186, altitude : 0.0, lat : -353632621, lng : 1491652374}
ahrs AHRS2 {roll : 0.0002507437893655151, pitch : 1.1726530829037074e-05, yaw : -0.12655256688594818, altitude : 0.0, lat : -353632621, lng : 1491652374}
ahrs AHRS2 {roll : 0.00024982308968901634, pitch : 1.2738342775264755e-05, yaw : -0.12642902135849, altitude : 0.0, lat : -353632621, lng : 1491652374}
ahrs AHRS2 {roll : 0.0002474206266924739, pitch : 1.1429649930505548e-05, yaw : -0.12631338834762573, altitude : 0.0, lat : -353632621, lng : 1491652374}
ahrs AHRS2 {roll : 0.0002469741739332676, pitch : 1.0257834219373763e-05, yaw : -0.1261521726846695, altitude : 0.0, lat : -353632621, lng : 1491652374}
ahrs AHRS2 {roll : 0.00024542506434954703, pitch : 5.686908934876556e-06, yaw : -0.126023530960083, altitude : 0.0, lat : -353632621, lng : 1491652374}
ahrs AHRS2 {roll : 0.00024476562975905836, pitch : 4.482929398363922e-06, yaw : -0.12591812014579773, altitude : 0.0, lat : -353632621, lng : 1491652374}
ahrs AHRS2 {roll : 0.00024283600214403123, pitch : 2.523502189433202e-06, yaw : -0.12576940655708313, altitude : 0.0, lat : -353632621, lng : 1491652374}
ahrs AHRS2 {roll : 0.00024270177527796477, pitch : 4.114079729333753e-06, yaw : -0.12565547227859497, altitude : 0.0, lat : -353632621, lng : 1491652374}
ahrs AHRS2 {roll : 0.0002423711703158915, pitch : 2.0553522972477367e-06, yaw : -0.12556776404380798, altitude : 0.0, lat : -353632621, lng : 1491652374}
ahrs AHRS2 {roll : 0.00024241812934633344, pitch : -2.491160557838157e-07, yaw : -0.1254173219203949, altitude : 0.0, lat : -353632621, lng : 1491652374}
ahrs AHRS2 {roll : 0.00024328734434675425, pitch : 5.594120011664927e-08, yaw : -0.1253136545419693, altitude : 0.0, lat : -353632621, lng : 1491652374}
ahrs AHRS2 {roll : 0.0002439335366943851, pitch : -1.127973519032821e-07, yaw : -0.1252322793006897, altitude : 0.0, lat : -353632621, lng : 1491652374}
ahrs AHRS2 {roll : 0.00024149766250047833, pitch : 2.0745737856486812e-06, yaw : -0.125103160738945, altitude : 0.0, lat : -353632621, lng : 1491652374}
ahrs AHRS2 {roll : 0.00023792126739863306, pitch : 1.543783810120658e-06, yaw : -0.12501077353954315, altitude : 0.0, lat : -353632621, lng : 1491652374}
ahrs AHRS2 {roll : 0.00023359886836260557, pitch : 4.462189735932043e-06, yaw : -0.12492263317108154, altitude : 0.0, lat : -353632621, lng : 1491652374}
ahrs AHRS2 {roll : 0.0002323406661162153, pitch : 9.016024705488235e-06, yaw : -0.12480634450912476, altitude : 0.0, lat : -353632621, lng : 1491652374}
ahrs AHRS2 {roll : 0.00023099049576558173, pitch : 1.3844204659108073e-05, yaw : -0.12471755594015121, altitude : 0.0, lat : -353632621, lng : 1491652374}
ahrs AHRS2 {roll : 0.00022744257876183838, pitch : 1.7388741980539635e-05, yaw : -0.12464629113674164, altitude : 0.0, lat : -353632621, lng : 1491652374}
ahrs AHRS2 {roll : 0.00022394591360352933, pitch : 2.037761441897601e-05, yaw : -0.1245376467704773, altitude : 0.0, lat : -353632621, lng : 1491652374}
ahrs AHRS2 {roll : 0.00022282561985775828, pitch : 1.813151357055176e-05, yaw : -0.12445515394210815, altitude : 0.0, lat : -353632621, lng : 1491652374}
ahrs AHRS2 {roll : 0.00022814498515799642, pitch : 1.60883446369553e-05, yaw : -0.1243869960308075, altitude : 0.0, lat : -353632621, lng : 1491652374}
ahrs AHRS2 {roll : 0.00023054545454215258, pitch : 1.5926587366266176e-05, yaw : -0.12428876012563705, altitude : 0.0, lat : -353632621, lng : 1491652374}
ahrs AHRS2 {roll : 0.00023794556909706444, pitch : 2.4689928977750242e-05, yaw : -0.12327070534229279, altitude : 0.0, lat : -353632621, lng : 1491652374}
ahrs AHRS2 {roll : 0.0002526396419852972, pitch : 2.534933628339786e-05, yaw : -0.122935950756073, altitude : 0.0, lat : -353632621, lng : 1491652374}
ahrs AHRS2 {roll : 0.00025698085664771497, pitch : 2.567088267824147e-05, yaw : -0.12289739400148392, altitude : 0.0, lat : -353632621, lng : 1491652374}
ahrs AHRS2 {roll : 0.00026079898816533387, pitch : 2.761633732006885e-05, yaw : -0.12286221981048584, altitude : 0.0, lat : -353632621, lng : 1491652374}
ahrs AHRS2 {roll : 0.0002643573679961264, pitch : 3.0764647817704827e-05, yaw : -0.1228264793753624, altitude : 0.0, lat : -353632621, lng : 1491652374}
ahrs AHRS2 {roll : 0.0002671055553946644, pitch : 3.1858173315413296e-05, yaw : -0.12279294431209564, altitude : 0.0, lat : -353632621, lng : 1491652374}
ahrs AHRS2 {roll : 0.0002681221521925181, pitch : 3.0442744900938123e-05, yaw : -0.1227610781788826, altitude : 0.0, lat : -353632621, lng : 1491652374}
ahrs AHRS2 {roll : 0.0002688476233743131, pitch : 2.9661328881047666e-05, yaw : -0.12272757291793823, altitude : 0.0, lat : -353632621, lng : 1491652374}
ahrs AHRS2 {roll : 0.00026754321879707277, pitch : 2.866245631594211e-05, yaw : -0.12269821017980576, altitude : 0.0, lat : -353632621, lng : 1491652374}
ahrs AHRS2 {roll : 0.00026817270554602146, pitch : 2.60061897279229e-05, yaw : -0.12266544997692108, altitude : 0.0, lat : -353632621, lng : 1491652374}
ahrs AHRS2 {roll : 0.0002667222870513797, pitch : 2.620247505547013e-05, yaw : -0.12263772636651993, altitude : 0.0, lat : -353632621, lng : 1491652374}
ahrs AHRS2 {roll : 0.0002655383141245693, pitch : 2.6192541554337367e-05, yaw : -0.12261050939559937, altitude : 0.0, lat : -353632621, lng : 1491652374}
ahrs AHRS2 {roll : 0.0002666135551407933, pitch : 2.768497506622225e-05, yaw : -0.12257924675941467, altitude : 0.0, lat : -353632621, lng : 1491652374}
ahrs AHRS2 {roll : 0.00026846484979614615, pitch : 2.945656524389051e-05, yaw : -0.12255436927080154, altitude : 0.0, lat : -353632621, lng : 1491652374}
ahrs AHRS2 {roll : 0.00027161085745319724, pitch : 3.229384674341418e-05, yaw : -0.12253110855817795, altitude : 0.0, lat : -353632621, lng : 1491652374}
ahrs AHRS2 {roll : 0.0002725733211264014, pitch : 3.656336775748059e-05, yaw : -0.12250348180532455, altitude : 0.0, lat : -353632621, lng : 1491652374}
ahrs AHRS2 {roll : 0.0002743192599155009, pitch : 3.871097578667104e-05, yaw : -0.12248136103153229, altitude : 0.0, lat : -353632621, lng : 1491652374}
ahrs AHRS2 {roll : 0.00027562613831833005, pitch : 4.1518531361361966e-05, yaw : -0.12246133387088776, altitude : 0.0, lat : -353632621, lng : 1491652374}
ahrs AHRS2 {roll : 0.0002764842356555164, pitch : 4.225225347909145e-05, yaw : -0.12243787944316864, altitude : 0.0, lat : -353632621, lng : 1491652374}
ahrs AHRS2 {roll : 0.0002761075156740844, pitch : 3.975883009843528e-05, yaw : -0.12241522967815399, altitude : 0.0, lat : -353632621, lng : 1491652374}
ahrs AHRS2 {roll : 0.0002749130944721401, pitch : 3.681824455270544e-05, yaw : -0.12239682674407959, altitude : 0.0, lat : -353632621, lng : 1491652374}
ahrs AHRS2 {roll : 0.0002740748750511557, pitch : 3.383686998859048e-05, yaw : -0.12237552553415298, altitude : 0.0, lat : -353632621, lng : 1491652374}
ahrs AHRS2 {roll : 0.0002708064566832036, pitch : 3.202456719009206e-05, yaw : -0.12235435098409653, altitude : 0.0, lat : -353632621, lng : 1491652374}
ahrs AHRS2 {roll : 0.0002692350826691836, pitch : 2.969183333334513e-05, yaw : -0.12233530730009079, altitude : 0.0, lat : -353632621, lng : 1491652374}
ahrs AHRS2 {roll : 0.00026753745623864233, pitch : 2.634977863635868e-05, yaw : -0.1223147064447403, altitude : 0.0, lat : -353632621, lng : 1491652374}
ahrs AHRS2 {roll : 0.00026769196847453713, pitch : 2.4086311896098778e-05, yaw : -0.12229521572589874, altitude : 0.0, lat : -353632621, lng : 1491652374}
ahrs AHRS2 {roll : 0.0002679774770513177, pitch : 2.071653216262348e-05, yaw : -0.12228203564882278, altitude : 0.0, lat : -353632621, lng : 1491652374}
ahrs AHRS2 {roll : 0.0002657898876350373, pitch : 1.5315006749005988e-05, yaw : -0.12225865572690964, altitude : 0.0, lat : -353632621, lng : 1491652374}
ahrs AHRS2 {roll : 0.0002650735841598362, pitch : 1.2241860531503335e-05, yaw : -0.12223794311285019, altitude : 0.0, lat : -353632621, lng : 1491652374}
ahrs AHRS2 {roll : 0.00026329251704737544, pitch : 8.348172741534654e-06, yaw : -0.1222238764166832, altitude : 0.0, lat : -353632621, lng : 1491652374}
ahrs AHRS2 {roll : 0.00026046615676023066, pitch : 5.817763849336188e-06, yaw : -0.12220453470945358, altitude : 0.0, lat : -353632621, lng : 1491652374}
ahrs AHRS2 {roll : 0.0002597226994112134, pitch : 5.060504463472171e-06, yaw : -0.12218419462442398, altitude : 0.0, lat : -353632621, lng : 1491652374}
ahrs AHRS2 {roll : 0.00026028553838841617, pitch : 4.824534698855132e-06, yaw : -0.12217152863740921, altitude : 0.0, lat : -353632621, lng : 1491652374}
ahrs AHRS2 {roll : 0.0002590200456324965, pitch : 4.430452463566326e-06, yaw : -0.1221514418721199, altitude : 0.0, lat : -353632621, lng : 1491652374}
ahrs AHRS2 {roll : 0.000257492734817788, pitch : 2.900467734434642e-06, yaw : -0.12213173508644104, altitude : 0.0, lat : -353632621, lng : 1491652374}
ahrs AHRS2 {roll : 0.0002584124740678817, pitch : 2.683393404367962e-06, yaw : -0.12212172150611877, altitude : 0.0, lat : -353632621, lng : 1491652374}
ahrs AHRS2 {roll : 0.0002604677574709058, pitch : 3.7410768527479377e-06, yaw : -0.12210371345281601, altitude : 0.0, lat : -353632621, lng : 1491652374}
ahrs AHRS2 {roll : 0.0002592327364254743, pitch : 4.194906068732962e-06, yaw : -0.12208431214094162, altitude : 0.0, lat : -353632621, lng : 1491652374}
ahrs AHRS2 {roll : 0.0002553435624577105, pitch : 5.064317974756705e-06, yaw : -0.1220768466591835, altitude : 0.0, lat : -353632621, lng : 1491652374}
ahrs AHRS2 {roll : 0.00025396523415111005, pitch : 5.711931862606434e-06, yaw : -0.12205963581800461, altitude : 0.0, lat : -353632621, lng : 1491652374}
ahrs AHRS2 {roll : 0.0002532101352699101, pitch : 7.358639777521603e-06, yaw : -0.12204088270664215, altitude : 0.0, lat : -353632621, lng : 1491652374}
ahrs AHRS2 {roll : 0.0002537542604841292, pitch : 8.277484994323459e-06, yaw : -0.12203289568424225, altitude : 0.0, lat : -353632621, lng : 1491652374}
ahrs AHRS2 {roll : 0.0002508183824829757, pitch : 8.100428203761112e-06, yaw : -0.12201852351427078, altitude : 0.0, lat : -353632621, lng : 1491652374}
ahrs AHRS2 {roll : 0.00025067076785489917, pitch : 5.205011348152766e-06, yaw : -0.12200210988521576, altitude : 0.0, lat : -353632621, lng : 1491652374}
ahrs AHRS2 {roll : 0.0002496687520761043, pitch : 3.1777392450749176e-06, yaw : -0.12199565768241882, altitude : 0.0, lat : -353632621, lng : 1491652374}
ahrs AHRS2 {roll : 0.0002487316378392279, pitch : 1.713038727757521e-06, yaw : -0.12198250740766525, altitude : 0.0, lat : -353632621, lng : 1491652374}
ahrs AHRS2 {roll : 0.00024763515102677047, pitch : -2.1366210489759396e-07, yaw : -0.12196507304906845, altitude : 0.0, lat : -353632621, lng : 1491652374}
ahrs AHRS2 {roll : 0.0002483360003679991, pitch : -3.201782874384662e-06, yaw : -0.12196264415979385, altitude : 0.0, lat : -353632621, lng : 1491652374}
ahrs AHRS2 {roll : 0.0002497534442227334, pitch : -3.6036922210769262e-06, yaw : -0.12195023149251938, altitude : 0.0, lat : -353632621, lng : 1491652374}
ahrs AHRS2 {roll : 0.00024980364833027124, pitch : -3.3160845305246767e-06, yaw : -0.12193294614553452, altitude : 0.0, lat : -353632621, lng : 1491652374}
ahrs AHRS2 {roll : 0.0002512713836040348, pitch : -2.0239817786205094e-06, yaw : -0.12193077057600021, altitude : 0.0, lat : -353632621, lng : 1491652374}
ahrs AHRS2 {roll : 0.0002504828153178096, pitch : 5.585351345871459e-07, yaw : -0.12191940099000931, altitude : 0.0, lat : -353632621, lng : 1491652374}
ahrs AHRS2 {roll : 0.00024969634250737727, pitch : 2.508649458832224e-06, yaw : -0.12190145254135132, altitude : 0.0, lat : -353632621, lng : 1491652374}
ahrs AHRS2 {roll : 0.000250336219323799, pitch : 4.035037363792071e-06, yaw : -0.12190068513154984, altitude : 0.0, lat : -353632621, lng : 1491652374}
ahrs AHRS2 {roll : 0.0002503102004993707, pitch : 6.678348654531874e-06, yaw : -0.12188834697008133, altitude : 0.0, lat : -353632621, lng : 1491652374}
ahrs AHRS2 {roll : 0.0002482027921359986, pitch : 9.660844625614118e-06, yaw : -0.12186489999294281, altitude : 0.0, lat : -353632621, lng : 1491652374}
ahrs AHRS2 {roll : 0.0002457725058775395, pitch : 1.2332419828453567e-05, yaw : -0.12185738980770111, altitude : 0.0, lat : -353632621, lng : 1491652374}
ahrs AHRS2 {roll : 0.00024254724849015474, pitch : 1.4414600627787877e-05, yaw : -0.12184171378612518, altitude : 0.0, lat : -353632621, lng : 1491652374}
ahrs AHRS2 {roll : 0.0002406603016424924, pitch : 1.5658579286537133e-05, yaw : -0.12181704491376877, altitude : 0.0, lat : -353632621, lng : 1491652374}
ahrs AHRS2 {roll : 0.00023933463671710342, pitch : 2.0058871086803265e-05, yaw : -0.12181323766708374, altitude : 0.0, lat : -353632621, lng : 1491652374}
ahrs AHRS2 {roll : 0.00023850063735153526, pitch : 2.3792406864231452e-05, yaw : -0.12179785966873169, altitude : 0.0, lat : -353632621, lng : 1491652374}
ahrs AHRS2 {roll : 0.00024024397134780884, pitch : 2.4403740098932758e-05, yaw : -0.12177637964487076, altitude : 0.0, lat : -353632621, lng : 1491652374}
ahrs AHRS2 {roll : 0.0002441681863274425, pitch : 2.6485817215871066e-05, yaw : -0.12177347391843796, altitude : 0.0, lat : -353632621, lng : 1491652374}
ahrs AHRS2 {roll : 0.00024640216724947095, pitch : 2.736064197961241e-05, yaw : -0.12175841629505157, altitude : 0.0, lat : -353632621, lng : 1491652374}
ahrs AHRS2 {roll : 0.00024935175315476954, pitch : 2.7836538720293902e-05, yaw : -0.12173594534397125, altitude : 0.0, lat : -353632621, lng : 1491652374}
ahrs AHRS2 {roll : 0.00025099830236285925, pitch : 2.838049113051966e-05, yaw : -0.12173599004745483, altitude : 0.0, lat : -353632621, lng : 1491652374}
ahrs AHRS2 {roll : 0.0002521261922083795, pitch : 3.0816823709756136e-05, yaw : -0.12172390520572662, altitude : 0.0, lat : -353632621, lng : 1491652374}
ahrs AHRS2 {roll : 0.0002521154237911105, pitch : 3.3083320886362344e-05, yaw : -0.12170151621103287, altitude : 0.0, lat : -353632621, lng : 1491652374}
ahrs AHRS2 {roll : 0.00025247319717891514, pitch : 3.432098310440779e-05, yaw : -0.12170026451349258, altitude : 0.0, lat : -353632621, lng : 1491652374}
ahrs AHRS2 {roll : 0.0002533943043090403, pitch : 3.4740951377898455e-05, yaw : -0.12169086933135986, altitude : 0.0, lat : -353632621, lng : 1491652374}
ahrs AHRS2 {roll : 0.0002529054181650281, pitch : 3.689478035084903e-05, yaw : -0.12167026102542877, altitude : 0.0, lat : -353632621, lng : 1491652374}
ahrs AHRS2 {roll : 0.0002534927916713059, pitch : 3.8338290323736146e-05, yaw : -0.12167103588581085, altitude : 0.0, lat : -353632621, lng : 1491652374}
ahrs AHRS2 {roll : 0.0002534425293561071, pitch : 4.0285780414706096e-05, yaw : -0.12166165560483932, altitude : 0.0, lat : -353632621, lng : 1491652374}
ahrs AHRS2 {roll : 0.0002560319553595036, pitch : 4.005826122011058e-05, yaw : -0.12164141237735748, altitude : 0.0, lat : -353632621, lng : 1491652374}
ahrs AHRS2 {roll : 0.00025790519430302083, pitch : 4.1246010368922725e-05, yaw : -0.12164419889450073, altitude : 0.0, lat : -353632621, lng : 1491652374}
ahrs AHRS2 {roll : 0.0002599386207293719, pitch : 4.0199684008257464e-05, yaw : -0.12163615226745605, altitude : 0.0, lat : -353632621, lng : 1491652374}
ahrs AHRS2 {roll : 0.0002612625539768487, pitch : 4.13357702200301e-05, yaw : -0.12161768972873688, altitude : 0.0, lat : -353632621, lng : 1491652374}
ahrs AHRS2 {roll : 0.0002637067227624357, pitch : 4.253489532857202e-05, yaw : -0.12161895632743835, altitude : 0.0, lat : -353632621, lng : 1491652374}
ahrs AHRS2 {roll : 0.00026455908664502203, pitch : 4.5255434088176116e-05, yaw : -0.12161307781934738, altitude : 0.0, lat : -353632621, lng : 1491652374}
ahrs AHRS2 {roll : 0.00026527821319177747, pitch : 4.3882009777007625e-05, yaw : -0.12159530818462372, altitude : 0.0, lat : -353632621, lng : 1491652374}
ahrs AHRS2 {roll : 0.00026435437030158937, pitch : 4.633559728972614e-05, yaw : -0.12159542739391327, altitude : 0.0, lat : -353632621, lng : 1491652374}
ahrs AHRS2 {roll : 0.000263236986938864, pitch : 4.560864545055665e-05, yaw : -0.12159101665019989, altitude : 0.0, lat : -353632621, lng : 1491652374}
ahrs AHRS2 {roll : 0.00026415137108415365, pitch : 4.40360490756575e-05, yaw : -0.12157420814037323, altitude : 0.0, lat : -353632621, lng : 1491652374}
ahrs AHRS2 {roll : 0.00026385969249531627, pitch : 4.486752732191235e-05, yaw : -0.12157467752695084, altitude : 0.0, lat : -353632621, lng : 1491652374}
ahrs AHRS2 {roll : 0.0002625566557981074, pitch : 4.5618708099937066e-05, yaw : -0.12156948447227478, altitude : 0.0, lat : -353632621, lng : 1491652374}
ahrs AHRS2 {roll : 0.0002649245725478977, pitch : 4.412316411617212e-05, yaw : -0.12155210971832275, altitude : 0.0, lat : -353632621, lng : 1491652374}
ahrs AHRS2 {roll : 0.00026859453646466136, pitch : 4.2007770389318466e-05, yaw : -0.12155455350875854, altitude : 0.0, lat : -353632621, lng : 1491652374}
ahrs AHRS2 {roll : 0.0002711390261538327, pitch : 4.041873762616888e-05, yaw : -0.12155106663703918, altitude : 0.0, lat : -353632621, lng : 1491652374}
ahrs AHRS2 {roll : 0.00027335030608810484, pitch : 3.9910988562041894e-05, yaw : -0.12153429538011551, altitude : 0.0, lat : -353632621, lng : 1491652374}
ahrs AHRS2 {roll : 0.00027600041357800364, pitch : 3.775333971134387e-05, yaw : -0.12153526395559311, altitude : 0.0, lat : -353632621, lng : 1491652374}
ahrs AHRS2 {roll : 0.0002802441595122218, pitch : 3.742113767657429e-05, yaw : -0.1215326189994812, altitude : 0.0, lat : -353632621, lng : 1491652374}
ahrs AHRS2 {roll : 0.00028047419618815184, pitch : 3.785554872592911e-05, yaw : -0.12151654809713364, altitude : 0.0, lat : -353632621, lng : 1491652374}
ahrs AHRS2 {roll : 0.00028184664552100003, pitch : 3.8551432226086035e-05, yaw : -0.12151885032653809, altitude : 0.0, lat : -353632621, lng : 1491652374}
ahrs AHRS2 {roll : 0.00028209478477947414, pitch : 3.936752545996569e-05, yaw : -0.12151769548654556, altitude : 0.0, lat : -353632621, lng : 1491652374}
ahrs AHRS2 {roll : 0.0002811999002005905, pitch : 4.043850640300661e-05, yaw : -0.12150575965642929, altitude : 0.0, lat : -353632621, lng : 1491652374}
ahrs AHRS2 {roll : 0.00028011880931444466, pitch : 3.8767026126151904e-05, yaw : -0.12150594592094421, altitude : 0.0, lat : -353632621, lng : 1491652374}
ahrs AHRS2 {roll : 0.0002796004991978407, pitch : 3.96980503865052e-05, yaw : -0.12150438129901886, altitude : 0.0, lat : -353632621, lng : 1491652374}
ahrs AHRS2 {roll : 0.00028028085944242775, pitch : 4.083324893144891e-05, yaw : -0.12148862332105637, altitude : 0.0, lat : -353632621, lng : 1491652374}
ahrs AHRS2 {roll : 0.00028104009106755257, pitch : 4.009111944469623e-05, yaw : -0.1214921623468399, altitude : 0.0, lat : -353632621, lng : 1491652374}
ahrs AHRS2 {roll : 0.0002820926019921899, pitch : 3.8360019971150905e-05, yaw : -0.1214931383728981, altitude : 0.0, lat : -353632621, lng : 1491652374}
ahrs AHRS2 {roll : 0.0002805290569085628, pitch : 3.757170998142101e-05, yaw : -0.12148042023181915, altitude : 0.0, lat : -353632621, lng : 1491652374}
ahrs AHRS2 {roll : 0.000280129665043205, pitch : 3.767724774661474e-05, yaw : -0.12148008495569229, altitude : 0.0, lat : -353632621, lng : 1491652374}
ahrs AHRS2 {roll : 0.00027987558860331774, pitch : 3.581411510822363e-05, yaw : -0.1214836910367012, altitude : 0.0, lat : -353632621, lng : 1491652374}
ahrs AHRS2 {roll : 0.0002810029545798898, pitch : 3.474688492133282e-05, yaw : -0.12147083133459091, altitude : 0.0, lat : -353632621, lng : 1491652374}
ahrs AHRS2 {roll : 0.00027925550239160657, pitch : 3.129592732875608e-05, yaw : -0.12147077172994614, altitude : 0.0, lat : -353632621, lng : 1491652374}
ahrs AHRS2 {roll : 0.00027703912928700447, pitch : 3.091254620812833e-05, yaw : -0.12147408723831177, altitude : 0.0, lat : -353632621, lng : 1491652374}
ahrs AHRS2 {roll : 0.00027600559405982494, pitch : 2.9383953005890362e-05, yaw : -0.121462382376194, altitude : 0.0, lat : -353632621, lng : 1491652374}
ahrs AHRS2 {roll : 0.0002746230748016387, pitch : 3.064818884013221e-05, yaw : -0.12145937979221344, altitude : 0.0, lat : -353632621, lng : 1491652374}
ahrs AHRS2 {roll : 0.00027387653244659305, pitch : 2.858935658878181e-05, yaw : -0.12146410346031189, altitude : 0.0, lat : -353632621, lng : 1491652374}
ahrs AHRS2 {roll : 0.00027304363902658224, pitch : 2.8426744393073022e-05, yaw : -0.12145175784826279, altitude : 0.0, lat : -353632621, lng : 1491652374}
ahrs AHRS2 {roll : 0.00026943557895720005, pitch : 2.790018515952397e-05, yaw : -0.12144937366247177, altitude : 0.0, lat : -353632621, lng : 1491652374}
ahrs AHRS2 {roll : 0.0002678692399058491, pitch : 2.76591963483952e-05, yaw : -0.12145265936851501, altitude : 0.0, lat : -353632621, lng : 1491652374}
ahrs AHRS2 {roll : 0.00026727747172117233, pitch : 2.5330906282761134e-05, yaw : -0.12144242972135544, altitude : 0.0, lat : -353632621, lng : 1491652374}
ahrs AHRS2 {roll : 0.0002673770359251648, pitch : 2.4577902877354063e-05, yaw : -0.12143997848033905, altitude : 0.0, lat : -353632621, lng : 1491652374}
ahrs AHRS2 {roll : 0.00026421668007969856, pitch : 2.3402490114676766e-05, yaw : -0.12144207954406738, altitude : 0.0, lat : -353632621, lng : 1491652374}
ahrs AHRS2 {roll : 0.0002613064425531775, pitch : 2.393344766460359e-05, yaw : -0.12142982333898544, altitude : 0.0, lat : -353632621, lng : 1491652374}
ahrs AHRS2 {roll : 0.0002575635735411197, pitch : 2.4340850359294564e-05, yaw : -0.12142685055732727, altitude : 0.0, lat : -353632621, lng : 1491652374}
ahrs AHRS2 {roll : 0.0002532928774598986, pitch : 2.454153036524076e-05, yaw : -0.12143305689096451, altitude : 0.0, lat : -353632621, lng : 1491652374}
ahrs AHRS2 {roll : 0.0002501332201063633, pitch : 2.62789453699952e-05, yaw : -0.12142126262187958, altitude : 0.0, lat : -353632621, lng : 1491652374}
ahrs AHRS2 {roll : 0.00024619820760563016, pitch : 2.8176118576084264e-05, yaw : -0.12141674757003784, altitude : 0.0, lat : -353632621, lng : 1491652374}
ahrs AHRS2 {roll : 0.0002411815949017182, pitch : 2.895988836826291e-05, yaw : -0.12141983956098557, altitude : 0.0, lat : -353632621, lng : 1491652374}
ahrs AHRS2 {roll : 0.00024081411538645625, pitch : 3.3526350307511166e-05, yaw : -0.12141066789627075, altitude : 0.0, lat : -353632621, lng : 1491652374}
ahrs AHRS2 {roll : 0.0002412657777313143, pitch : 3.6526947951642796e-05, yaw : -0.12140311300754547, altitude : 0.0, lat : -353632621, lng : 1491652374}
ahrs AHRS2 {roll : 0.00024365668650716543, pitch : 3.743970228242688e-05, yaw : -0.12141013145446777, altitude : 0.0, lat : -353632621, lng : 1491652374}
ahrs AHRS2 {roll : 0.0002445509599056095, pitch : 3.7682868423871696e-05, yaw : -0.1213986724615097, altitude : 0.0, lat : -353632621, lng : 1491652374}
ahrs AHRS2 {roll : 0.00024467945331707597, pitch : 3.859932257910259e-05, yaw : -0.12139332294464111, altitude : 0.0, lat : -353632621, lng : 1491652374}
ahrs AHRS2 {roll : 0.00024530512746423483, pitch : 3.992895653937012e-05, yaw : -0.12140107899904251, altitude : 0.0, lat : -353632621, lng : 1491652374}
ahrs AHRS2 {roll : 0.0002466753066983074, pitch : 4.0858369175111875e-05, yaw : -0.12139111757278442, altitude : 584.0899658203125, lat : -353632621, lng : 1491652374}
ahrs AHRS2 {roll : 0.0002514180669095367, pitch : 4.3004027247661725e-05, yaw : -0.12138490378856659, altitude : 584.0899658203125, lat : -353632621, lng : 1491652374}
ahrs AHRS2 {roll : 0.0002539019042160362, pitch : 4.569342127069831e-05, yaw : -0.12139016389846802, altitude : 584.0899658203125, lat : -353632621, lng : 1491652374}
ahrs AHRS2 {roll : 0.0002561569563113153, pitch : 4.718077616416849e-05, yaw : -0.1213836520910263, altitude : 584.0899658203125, lat : -353632621, lng : 1491652374}
ahrs AHRS2 {roll : 0.00025938410544767976, pitch : 4.752903259941377e-05, yaw : -0.12137537449598312, altitude : 584.0899658203125, lat : -353632621, lng : 1491652374}
ahrs AHRS2 {roll : 0.0002630773524288088, pitch : 5.058336682850495e-05, yaw : -0.12138454616069794, altitude : 584.0899658203125, lat : -353632621, lng : 1491652374}
ahrs AHRS2 {roll : 0.0002653523115441203, pitch : 5.055797373643145e-05, yaw : -0.12137795984745026, altitude : 584.0899658203125, lat : -353632621, lng : 1491652374}
ahrs AHRS2 {roll : 0.0002662783663254231, pitch : 5.14167950314004e-05, yaw : -0.12137044221162796, altitude : 584.0899658203125, lat : -353632621, lng : 1491652374}
ahrs AHRS2 {roll : 0.0002667116350494325, pitch : 5.339404015103355e-05, yaw : -0.12138018012046814, altitude : 584.0899658203125, lat : -353632621, lng : 1491652374}
ahrs AHRS2 {roll : 0.00026748262462206185, pitch : 5.458627856569365e-05, yaw : -0.12137380987405777, altitude : 584.0899658203125, lat : -353632621, lng : 1491652374}
ahrs AHRS2 {roll : 0.0002712382120080292, pitch : 5.579691787716001e-05, yaw : -0.12136652320623398, altitude : 584.0899658203125, lat : -353632621, lng : 1491652374}
ahrs AHRS2 {roll : 0.000274246878689155, pitch : 5.883924677618779e-05, yaw : -0.1213763877749443, altitude : 584.0899658203125, lat : -353632621, lng : 1491652374}
ahrs AHRS2 {roll : 0.00027544182376004755, pitch : 5.907987360842526e-05, yaw : -0.12137285619974136, altitude : 584.0899658203125, lat : -353632621, lng : 1491652374}
ahrs AHRS2 {roll : 0.0002768353442661464, pitch : 6.03202024649363e-05, yaw : -0.12136293202638626, altitude : 584.0899658203125, lat : -353632621, lng : 1491652374}
ahrs AHRS2 {roll : 0.0002790678117889911, pitch : 6.0040394600946456e-05, yaw : -0.1213742271065712, altitude : 584.0899658203125, lat : -353632621, lng : 1491652374}
ahrs AHRS2 {roll : 0.0002794934844132513, pitch : 6.083368498366326e-05, yaw : -0.12136705964803696, altitude : 584.0899658203125, lat : -353632621, lng : 1491652374}
ahrs AHRS2 {roll : 0.00028014497365802526, pitch : 6.024313188390806e-05, yaw : -0.12135757505893707, altitude : 584.0899658203125, lat : -353632621, lng : 1491652374}
ahrs AHRS2 {roll : 0.000280711887171492, pitch : 6.0580357967410237e-05, yaw : -0.12137091159820557, altitude : 584.0899658203125, lat : -353632621, lng : 1491652374}
ahrs AHRS2 {roll : 0.0002819082874339074, pitch : 6.018565909471363e-05, yaw : -0.12136572599411011, altitude : 584.0899658203125, lat : -353632621, lng : 1491652374}
ahrs AHRS2 {roll : 0.00028306484455242753, pitch : 6.252924504224211e-05, yaw : -0.12135343998670578, altitude : 584.0899658203125, lat : -353632621, lng : 1491652374}
ahrs AHRS2 {roll : 0.0002836471248883754, pitch : 6.31238435744308e-05, yaw : -0.12136996537446976, altitude : 584.0899658203125, lat : -353632621, lng : 1491652374}
ahrs AHRS2 {roll : 0.0002848683507181704, pitch : 6.364029832184315e-05, yaw : -0.12136601656675339, altitude : 584.0899658203125, lat : -353632621, lng : 1491652374}
ahrs AHRS2 {roll : 0.00028395530534908175, pitch : 6.245840631891042e-05, yaw : -0.12135274708271027, altitude : 584.0899658203125, lat : -353632621, lng : 1491652374}
ahrs AHRS2 {roll : 0.00028158200439065695, pitch : 6.23378946329467e-05, yaw : -0.12136873602867126, altitude : 584.0899658203125, lat : -353632621, lng : 1491652374}
ahrs AHRS2 {roll : 0.0002814365434460342, pitch : 6.22949082753621e-05, yaw : -0.12136542052030563, altitude : 584.0899658203125, lat : -353632621, lng : 1491652374}
ahrs AHRS2 {roll : 0.00028505551745183766, pitch : 6.583286449313164e-05, yaw : -0.12135227024555206, altitude : 584.0899658203125, lat : -353632621, lng : 1491652374}
ahrs AHRS2 {roll : 0.00028730035410262644, pitch : 6.997836317168549e-05, yaw : -0.1213679164648056, altitude : 584.0899658203125, lat : -353632621, lng : 1491652374}
ahrs AHRS2 {roll : 0.00028686958830803633, pitch : 7.377200381597504e-05, yaw : -0.12136515229940414, altitude : 584.0899658203125, lat : -353632621, lng : 1491652374}
ahrs AHRS2 {roll : 0.00028829294024035335, pitch : 7.628828461747617e-05, yaw : -0.12135188281536102, altitude : 584.0899658203125, lat : -353632621, lng : 1491652374}
ahrs AHRS2 {roll : 0.00028840338927693665, pitch : 7.918261690065265e-05, yaw : -0.12136968970298767, altitude : 584.0899658203125, lat : -353632621, lng : 1491652374}
ahrs AHRS2 {roll : 0.00028923325589857996, pitch : 7.985362753970549e-05, yaw : -0.12136930972337723, altitude : 584.0899658203125, lat : -353632621, lng : 1491652374}
ahrs AHRS2 {roll : 0.00029111711774021387, pitch : 8.059660467552021e-05, yaw : -0.1213533878326416, altitude : 584.0899658203125, lat : -353632621, lng : 1491652374}
ahrs AHRS2 {roll : 0.00028873016708530486, pitch : 8.067258022492751e-05, yaw : -0.12137146294116974, altitude : 584.0899658203125, lat : -353632621, lng : 1491652374}
ahrs AHRS2 {roll : 0.0002877467777580023, pitch : 8.057980448938906e-05, yaw : -0.12137185782194138, altitude : 584.0899658203125, lat : -353632621, lng : 1491652374}
ahrs AHRS2 {roll : 0.0002882884000428021, pitch : 8.37268162285909e-05, yaw : -0.12135753780603409, altitude : 584.0899658203125, lat : -353632621, lng : 1491652374}
ahrs AHRS2 {roll : 0.0002862966794054955, pitch : 8.144220191752538e-05, yaw : -0.12137296795845032, altitude : 584.0899658203125, lat : -353632621, lng : 1491652374}
ahrs AHRS2 {roll : 0.0002851315657608211, pitch : 8.183960017049685e-05, yaw : -0.12137127667665482, altitude : 584.0899658203125, lat : -353632621, lng : 1491652374}
ahrs AHRS2 {roll : 0.0002864678972400725, pitch : 8.293110295198858e-05, yaw : -0.12135947495698929, altitude : 584.0899658203125, lat : -353632621, lng : 1491652374}
ahrs AHRS2 {roll : 0.0002877049846574664, pitch : 8.452901238342747e-05, yaw : -0.12137452512979507, altitude : 584.0899658203125, lat : -353632621, lng : 1491652374}
ahrs AHRS2 {roll : 0.0002883800771087408, pitch : 8.620453445473686e-05, yaw : -0.12137429416179657, altitude : 584.0899658203125, lat : -353632621, lng : 1491652374}
ahrs AHRS2 {roll : 0.00029031099984422326, pitch : 8.807600534055382e-05, yaw : -0.12136086821556091, altitude : 584.0899658203125, lat : -353632621, lng : 1491652374}
ahrs AHRS2 {roll : 0.0002948361507151276, pitch : 8.883570990292355e-05, yaw : -0.12137430161237717, altitude : 584.0899658203125, lat : -353632621, lng : 1491652374}
ahrs AHRS2 {roll : 0.0002982543082907796, pitch : 8.987836918095127e-05, yaw : -0.12137500196695328, altitude : 584.0899658203125, lat : -353632621, lng : 1491652374}
ahrs AHRS2 {roll : 0.00030206149676814675, pitch : 8.973888179752976e-05, yaw : -0.12136244028806686, altitude : 584.0899658203125, lat : -353632621, lng : 1491652374}
ahrs AHRS2 {roll : 0.0003022601886186749, pitch : 8.714733849046752e-05, yaw : -0.12137813866138458, altitude : 584.0899658203125, lat : -353632621, lng : 1491652374}
ahrs AHRS2 {roll : 0.00030541064916178584, pitch : 8.409714791923761e-05, yaw : -0.12138195335865021, altitude : 584.0899658203125, lat : -353632621, lng : 1491652374}
ahrs AHRS2 {roll : 0.00030452024657279253, pitch : 8.227502257796004e-05, yaw : -0.1213688999414444, altitude : 584.0899658203125, lat : -353632621, lng : 1491652374}
ahrs AHRS2 {roll : 0.0003067567595280707, pitch : 7.971449667820707e-05, yaw : -0.12138298153877258, altitude : 584.0899658203125, lat : -353632621, lng : 1491652374}
ahrs AHRS2 {roll : 0.0003089261881541461, pitch : 7.606889266753569e-05, yaw : -0.12138397991657257, altitude : 584.0899658203125, lat : -353632621, lng : 1491652374}
ahrs AHRS2 {roll : 0.0003089942620135844, pitch : 7.545472180936486e-05, yaw : -0.1213708370923996, altitude : 584.0899658203125, lat : -353632621, lng : 1491652374}
ahrs AHRS2 {roll : 0.0003099312598351389, pitch : 7.584760896861553e-05, yaw : -0.1213841661810875, altitude : 584.0899658203125, lat : -353632621, lng : 1491652374}
ahrs AHRS2 {roll : 0.0003086264187004417, pitch : 7.428637036355212e-05, yaw : -0.12138894200325012, altitude : 584.0899658203125, lat : -353632621, lng : 1491652374}
ahrs AHRS2 {roll : 0.00030784335103817284, pitch : 7.30749816284515e-05, yaw : -0.12137795984745026, altitude : 584.0899658203125, lat : -353632621, lng : 1491652374}
ahrs AHRS2 {roll : 0.0003066142089664936, pitch : 7.298116543097422e-05, yaw : -0.12139087170362473, altitude : 584.0899658203125, lat : -353632621, lng : 1491652374}
ahrs AHRS2 {roll : 0.00030786465504206717, pitch : 6.964588101254776e-05, yaw : -0.12139244377613068, altitude : 584.0899658203125, lat : -353632621, lng : 1491652374}
ahrs AHRS2 {roll : 0.00031027247314341366, pitch : 6.798485992476344e-05, yaw : -0.12138301879167557, altitude : 584.0899658203125, lat : -353632621, lng : 1491652374}
ahrs AHRS2 {roll : 0.0003168530820403248, pitch : 6.377664249157533e-05, yaw : -0.12139412760734558, altitude : 584.0899658203125, lat : -353632621, lng : 1491652374}
ahrs AHRS2 {roll : 0.0003203331143595278, pitch : 6.221068179002032e-05, yaw : -0.12139613926410675, altitude : 584.0899658203125, lat : -353632621, lng : 1491652374}
ahrs AHRS2 {roll : 0.0003232305753044784, pitch : 5.920058538322337e-05, yaw : -0.12138447165489197, altitude : 584.0899658203125, lat : -353632621, lng : 1491652374}
ahrs AHRS2 {roll : 0.00032779379398562014, pitch : 5.7187367929145694e-05, yaw : -0.1213948130607605, altitude : 584.0899658203125, lat : -353632621, lng : 1491652374}
ahrs AHRS2 {roll : 0.0003313537745270878, pitch : 5.379667709348723e-05, yaw : -0.12139885127544403, altitude : 584.0899658203125, lat : -353632621, lng : 1491652374}
ahrs AHRS2 {roll : 0.00033086317125707865, pitch : 5.5127631640061736e-05, yaw : -0.12138614058494568, altitude : 584.0899658203125, lat : -353632621, lng : 1491652374}
ahrs AHRS2 {roll : 0.00033024486037902534, pitch : 5.6797798606567085e-05, yaw : -0.12139524519443512, altitude : 584.0899658203125, lat : -353632621, lng : 1491652374}
ahrs AHRS2 {roll : 0.00032855517929419875, pitch : 5.8898134739138186e-05, yaw : -0.12139862775802612, altitude : 584.0899658203125, lat : -353632621, lng : 1491652374}
ahrs AHRS2 {roll : 0.0003257428470533341, pitch : 5.989758938085288e-05, yaw : -0.12138895690441132, altitude : 584.0899658203125, lat : -353632621, lng : 1491652374}
ahrs AHRS2 {roll : 0.00032047589775174856, pitch : 6.379541446221992e-05, yaw : -0.12139751017093658, altitude : 584.0899658203125, lat : -353632621, lng : 1491652374}
ahrs AHRS2 {roll : 0.00031766018946655095, pitch : 6.587930693058297e-05, yaw : -0.121402308344841, altitude : 584.0899658203125, lat : -353632621, lng : 1491652374}
ahrs AHRS2 {roll : 0.00031639015651308, pitch : 6.710868183290586e-05, yaw : -0.12139073759317398, altitude : 584.0899658203125, lat : -353632621, lng : 1491652374}
ahrs AHRS2 {roll : 0.00031201564706861973, pitch : 6.822699651820585e-05, yaw : -0.1213960275053978, altitude : 584.0899658203125, lat : -353632621, lng : 1491652374}
ahrs AHRS2 {roll : 0.0003083343035541475, pitch : 6.884281901875511e-05, yaw : -0.12140217423439026, altitude : 584.0899658203125, lat : -353632621, lng : 1491652374}
ahrs AHRS2 {roll : 0.00030647582025267184, pitch : 7.18161027180031e-05, yaw : -0.12139126658439636, altitude : 584.0899658203125, lat : -353632621, lng : 1491652374}
ahrs AHRS2 {roll : 0.00030324517865665257, pitch : 7.302110316231847e-05, yaw : -0.12139790505170822, altitude : 584.0899658203125, lat : -353632621, lng : 1491652374}
ahrs AHRS2 {roll : 0.00029955312493257225, pitch : 7.353488763328642e-05, yaw : -0.12140411138534546, altitude : 584.0899658203125, lat : -353632621, lng : 1491652374}
ahrs AHRS2 {roll : 0.0002969170454889536, pitch : 7.421770715154707e-05, yaw : -0.1213938295841217, altitude : 584.0899658203125, lat : -353632621, lng : 1491652374}
ahrs AHRS2 {roll : 0.0002945390879176557, pitch : 7.538425415987149e-05, yaw : -0.12136799842119217, altitude : 584.0899658203125, lat : -353632621, lng : 1491652374}
ahrs AHRS2 {roll : 0.0002920820261351764, pitch : 7.730133802397177e-05, yaw : -0.1213306188583374, altitude : 584.0899658203125, lat : -353632621, lng : 1491652374}
ahrs AHRS2 {roll : 0.00028981364448554814, pitch : 7.947372068883851e-05, yaw : -0.12129353731870651, altitude : 584.0899658203125, lat : -353632621, lng : 1491652374}
ahrs AHRS2 {roll : 0.0002864911512006074, pitch : 7.988098514033481e-05, yaw : -0.12125983089208603, altitude : 584.0899658203125, lat : -353632621, lng : 1491652374}
ahrs AHRS2 {roll : 0.0002850657911039889, pitch : 8.159207936841995e-05, yaw : -0.1212238222360611, altitude : 584.0899658203125, lat : -353632621, lng : 1491652374}
ahrs AHRS2 {roll : 0.00029070841264910996, pitch : 8.71240918058902e-05, yaw : -0.12118608504533768, altitude : 584.0899658203125, lat : -353632621, lng : 1491652374}
ahrs AHRS2 {roll : 0.0002981243596877903, pitch : 9.494808182353154e-05, yaw : -0.12114694714546204, altitude : 584.0899658203125, lat : -353632621, lng : 1491652374}
ahrs AHRS2 {roll : 0.00030691258143633604, pitch : 0.00010249059414491057, yaw : -0.12111344188451767, altitude : 584.0899658203125, lat : -353632621, lng : 1491652374}
ahrs AHRS2 {roll : 0.0003152413119096309, pitch : 0.00011044896382372826, yaw : -0.12107577174901962, altitude : 584.0899658203125, lat : -353632621, lng : 1491652374}
ahrs AHRS2 {roll : 0.00032415863825008273, pitch : 0.00011994763917755336, yaw : -0.12103894352912903, altitude : 584.0899658203125, lat : -353632621, lng : 1491652374}
ahrs AHRS2 {roll : 0.000331935501890257, pitch : 0.0001263119775103405, yaw : -0.12100426852703094, altitude : 584.0899658203125, lat : -353632621, lng : 1491652374}
ahrs AHRS2 {roll : 0.00033990610972978175, pitch : 0.0001331250969087705, yaw : -0.12096624076366425, altitude : 584.0899658203125, lat : -353632621, lng : 1491652374}
ahrs AHRS2 {roll : 0.0003485521301627159, pitch : 0.0001425396912964061, yaw : -0.1209355890750885, altitude : 584.0899658203125, lat : -353632621, lng : 1491652374}
ahrs AHRS2 {roll : 0.00035855473834089935, pitch : 0.00014961918350309134, yaw : -0.1209077462553978, altitude : 584.0899658203125, lat : -353632621, lng : 1491652374}
ahrs AHRS2 {roll : 0.0003676852793432772, pitch : 0.0001581566612003371, yaw : -0.1208728551864624, altitude : 584.0899658203125, lat : -353632621, lng : 1491652374}
ahrs AHRS2 {roll : 0.00037495343713089824, pitch : 0.00016599547234363854, yaw : -0.12084213644266129, altitude : 584.0899658203125, lat : -353632621, lng : 1491652374}
ahrs AHRS2 {roll : 0.00038460869109258056, pitch : 0.00017708662198856473, yaw : -0.12080975621938705, altitude : 584.0899658203125, lat : -353632621, lng : 1491652374}
ahrs AHRS2 {roll : 0.0003938536101486534, pitch : 0.0001825892977649346, yaw : -0.12077636271715164, altitude : 584.0899658203125, lat : -353632621, lng : 1491652374}
ahrs AHRS2 {roll : 0.00039966008625924587, pitch : 0.00018691200239118189, yaw : -0.12074466794729233, altitude : 584.0899658203125, lat : -353632621, lng : 1491652374}
ahrs AHRS2 {roll : 0.0004083765670657158, pitch : 0.00019429177336860448, yaw : -0.12071508169174194, altitude : 584.0899658203125, lat : -353632621, lng : 1491652374}
ahrs AHRS2 {roll : 0.00041548485751263797, pitch : 0.00020007863349746913, yaw : -0.1206856369972229, altitude : 584.0899658203125, lat : -353632621, lng : 1491652374}
ahrs AHRS2 {roll : 0.0004236350650899112, pitch : 0.00020833096641581506, yaw : -0.12065239250659943, altitude : 584.0899658203125, lat : -353632621, lng : 1491652374}
ahrs AHRS2 {roll : 0.00043208248098380864, pitch : 0.00021701095101889223, yaw : -0.1206236183643341, altitude : 584.0899658203125, lat : -353632621, lng : 1491652374}
ahrs AHRS2 {roll : 0.0004397040465846658, pitch : 0.00022557337069883943, yaw : -0.12059137225151062, altitude : 584.0899658203125, lat : -353632621, lng : 1491652374}
ahrs AHRS2 {roll : 0.0004456030728761107, pitch : 0.00023228615464176983, yaw : -0.12056082487106323, altitude : 584.0899658203125, lat : -353632621, lng : 1491652374}
ahrs AHRS2 {roll : 0.0004528826684691012, pitch : 0.00023809578851796687, yaw : -0.12053310126066208, altitude : 584.0899658203125, lat : -353632621, lng : 1491652374}
ahrs AHRS2 {roll : 0.00046041799942031503, pitch : 0.00024544927873648703, yaw : -0.12050171196460724, altitude : 584.0899658203125, lat : -353632621, lng : 1491652374}
ahrs AHRS2 {roll : 0.0004695007228292525, pitch : 0.0002543746668379754, yaw : -0.1204698383808136, altitude : 584.0899658203125, lat : -353632621, lng : 1491652374}
ahrs AHRS2 {roll : 0.0004775005509145558, pitch : 0.00026409755810163915, yaw : -0.12044235318899155, altitude : 584.0899658203125, lat : -353632621, lng : 1491652374}
ahrs AHRS2 {roll : 0.0004829578974749893, pitch : 0.00027198210591450334, yaw : -0.12041127681732178, altitude : 584.0899658203125, lat : -353632621, lng : 1491652374}
ahrs AHRS2 {roll : 0.0004892836441285908, pitch : 0.00028056433075107634, yaw : -0.1203792467713356, altitude : 584.0899658203125, lat : -353632621, lng : 1491652374}
ahrs AHRS2 {roll : 0.0004954988835379481, pitch : 0.0002886879665311426, yaw : -0.12035297602415085, altitude : 584.0899658203125, lat : -353632621, lng : 1491652374}
ahrs AHRS2 {roll : 0.0005022226832807064, pitch : 0.0002970155910588801, yaw : -0.12031935900449753, altitude : 584.0899658203125, lat : -353632621, lng : 1491652374}
ahrs AHRS2 {roll : 0.0005104189622215927, pitch : 0.00030438738758675754, yaw : -0.12028835713863373, altitude : 584.0899658203125, lat : -353632621, lng : 1491652374}
ahrs AHRS2 {roll : 0.0005150396027602255, pitch : 0.00031204064725898206, yaw : -0.12026343494653702, altitude : 584.0899658203125, lat : -353632621, lng : 1491652374}
ahrs AHRS2 {roll : 0.000523514929227531, pitch : 0.00031999731436371803, yaw : -0.12023364007472992, altitude : 584.0899658203125, lat : -353632621, lng : 1491652374}
ahrs AHRS2 {roll : 0.0005327619146555662, pitch : 0.0003252524184063077, yaw : -0.12020528316497803, altitude : 584.0899658203125, lat : -353632621, lng : 1491652374}
ahrs AHRS2 {roll : 0.0005388237186707556, pitch : 0.00033355667255818844, yaw : -0.12018046528100967, altitude : 584.0899658203125, lat : -353632621, lng : 1491652374}
ahrs AHRS2 {roll : 0.0005470365285873413, pitch : 0.0003388978948350996, yaw : -0.12014995515346527, altitude : 584.0899658203125, lat : -353632621, lng : 1491652374}
ahrs AHRS2 {roll : 0.000551875913515687, pitch : 0.0003438507264945656, yaw : -0.12012042105197906, altitude : 584.0899658203125, lat : -353632621, lng : 1491652374}
ahrs AHRS2 {roll : 0.0005617215065285563, pitch : 0.0003509331145323813, yaw : -0.12009672820568085, altitude : 584.0899658203125, lat : -353632621, lng : 1491652374}
ahrs AHRS2 {roll : 0.0005679610767401755, pitch : 0.0003583016514312476, yaw : -0.12006853520870209, altitude : 584.0899658203125, lat : -353632621, lng : 1491652374}
ahrs AHRS2 {roll : 0.0005767949623987079, pitch : 0.0003660645743366331, yaw : -0.1200377494096756, altitude : 584.0899658203125, lat : -353632621, lng : 1491652374}
ahrs AHRS2 {roll : 0.000584475405048579, pitch : 0.00037302548298612237, yaw : -0.12001512944698334, altitude : 584.0899658203125, lat : -353632621, lng : 1491652374}
ahrs AHRS2 {roll : 0.0005900685791857541, pitch : 0.0003807723114732653, yaw : -0.11998933553695679, altitude : 584.0899658203125, lat : -353632621, lng : 1491652374}
ahrs AHRS2 {roll : 0.0005967303295619786, pitch : 0.0003859344869852066, yaw : -0.11995860189199448, altitude : 584.0899658203125, lat : -353632621, lng : 1491652374}
ahrs AHRS2 {roll : 0.0006049819057807326, pitch : 0.0003930806997232139, yaw : -0.11993790417909622, altitude : 584.0899658203125, lat : -353632621, lng : 1491652374}
ahrs AHRS2 {roll : 0.0006115465075708926, pitch : 0.000401191005948931, yaw : -0.11990629136562347, altitude : 584.0899658203125, lat : -353632621, lng : 1491652374}
ahrs AHRS2 {roll : 0.0006172501016408205, pitch : 0.0004090276197530329, yaw : -0.11987663060426712, altitude : 584.0899658203125, lat : -353632621, lng : 1491652374}
ahrs AHRS2 {roll : 0.0006233642343431711, pitch : 0.0004173905763309449, yaw : -0.1198563203215599, altitude : 584.0899658203125, lat : -353632621, lng : 1491652374}
ahrs AHRS2 {roll : 0.000630123249720782, pitch : 0.0004247167380526662, yaw : -0.11982995271682739, altitude : 584.0899658203125, lat : -353632621, lng : 1491652374}
ahrs AHRS2 {roll : 0.0006360571715049446, pitch : 0.0004312372184358537, yaw : -0.11979811638593674, altitude : 584.0899658203125, lat : -353632621, lng : 1491652374}
ahrs AHRS2 {roll : 0.0006421239813789725, pitch : 0.0004369115340523422, yaw : -0.11977659910917282, altitude : 584.0899658203125, lat : -353632621, lng : 1491652374}
ahrs AHRS2 {roll : 0.0006480212323367596, pitch : 0.0004428249376360327, yaw : -0.11975069344043732, altitude : 584.0899658203125, lat : -353632621, lng : 1491652374}
ahrs AHRS2 {roll : 0.0006552219274453819, pitch : 0.000448216509539634, yaw : -0.11972065269947052, altitude : 584.0899658203125, lat : -353632621, lng : 1491652374}
ahrs AHRS2 {roll : 0.000659471785183996, pitch : 0.00045515032252296805, yaw : -0.1197027638554573, altitude : 584.0899658203125, lat : -353632621, lng : 1491652374}
ahrs AHRS2 {roll : 0.0006640219362452626, pitch : 0.0004608058952726424, yaw : -0.11967270076274872, altitude : 584.0899658203125, lat : -353632621, lng : 1491652374}
ahrs AHRS2 {roll : 0.0006689369329251349, pitch : 0.00046918363659642637, yaw : -0.1196422129869461, altitude : 584.0899658203125, lat : -353632621, lng : 1491652374}
ahrs AHRS2 {roll : 0.0006750301108695567, pitch : 0.0004750532389152795, yaw : -0.11962534487247467, altitude : 584.0899658203125, lat : -353632621, lng : 1491652374}
ahrs AHRS2 {roll : 0.0006813352229073644, pitch : 0.0004817727894987911, yaw : -0.11959952116012573, altitude : 584.0899658203125, lat : -353632621, lng : 1491652374}
ahrs AHRS2 {roll : 0.0006888142670504749, pitch : 0.0004874503647442907, yaw : -0.11956966668367386, altitude : 584.0899658203125, lat : -353632621, lng : 1491652374}
ahrs AHRS2 {roll : 0.0006950046517886221, pitch : 0.0004942435771226883, yaw : -0.11955010890960693, altitude : 584.0899658203125, lat : -353632621, lng : 1491652374}
ahrs AHRS2 {roll : 0.000701696437317878, pitch : 0.0004986320273019373, yaw : -0.11952489614486694, altitude : 584.0899658203125, lat : -353632621, lng : 1491652374}
ahrs AHRS2 {roll : 0.0007069327402859926, pitch : 0.0005035110516473651, yaw : -0.11949459463357925, altitude : 584.0899658203125, lat : -353632621, lng : 1491652374}
ahrs AHRS2 {roll : 0.0007124663679860532, pitch : 0.000507423363160342, yaw : -0.11947715282440186, altitude : 584.0899658203125, lat : -353632621, lng : 1491652374}
ahrs AHRS2 {roll : 0.000720810960046947, pitch : 0.0005142645677551627, yaw : -0.11945360153913498, altitude : 584.0899658203125, lat : -353632621, lng : 1491652374}
ahrs AHRS2 {roll : 0.0007267065229825675, pitch : 0.0005189532530494034, yaw : -0.11942195892333984, altitude : 584.0899658203125, lat : -353632621, lng : 1491652374}
ahrs AHRS2 {roll : 0.0007338248542509973, pitch : 0.000523773196619004, yaw : -0.11940139532089233, altitude : 584.0899658203125, lat : -353632621, lng : 1491652374}
ahrs AHRS2 {roll : 0.0007404638454318047, pitch : 0.0005291544948704541, yaw : -0.11937803030014038, altitude : 584.0899658203125, lat : -353632621, lng : 1491652374}
ahrs AHRS2 {roll : 0.0007464876980520785, pitch : 0.0005364828975871205, yaw : -0.11934921145439148, altitude : 584.0899658203125, lat : -353632621, lng : 1491652374}
ahrs AHRS2 {roll : 0.0007519520586356521, pitch : 0.0005414226907305419, yaw : -0.11933106184005737, altitude : 584.0899658203125, lat : -353632621, lng : 1491652374}
ahrs AHRS2 {roll : 0.0007586245774291456, pitch : 0.0005480046384036541, yaw : -0.11930786818265915, altitude : 584.0899658203125, lat : -353632621, lng : 1491652374}
ahrs AHRS2 {roll : 0.0007650498882867396, pitch : 0.0005544566665776074, yaw : -0.1192806214094162, altitude : 584.0899658203125, lat : -353632621, lng : 1491652374}
ahrs AHRS2 {roll : 0.0007707139593549073, pitch : 0.0005576692637987435, yaw : -0.11926206201314926, altitude : 584.0899658203125, lat : -353632621, lng : 1491652374}
ahrs AHRS2 {roll : 0.0007767359493300319, pitch : 0.000564034387934953, yaw : -0.11923958361148834, altitude : 584.0899658203125, lat : -353632621, lng : 1491652374}
ahrs AHRS2 {roll : 0.0007829649257473648, pitch : 0.0005695144063793123, yaw : -0.11921347677707672, altitude : 584.0899658203125, lat : -353632621, lng : 1491652374}
ahrs AHRS2 {roll : 0.0007897760951891541, pitch : 0.0005761836073361337, yaw : -0.1191941648721695, altitude : 584.0899658203125, lat : -353632621, lng : 1491652374}
ahrs AHRS2 {roll : 0.0007968537975102663, pitch : 0.00058128428645432, yaw : -0.11916963011026382, altitude : 584.0899658203125, lat : -353632621, lng : 1491652374}
ahrs AHRS2 {roll : 0.0008039274252951145, pitch : 0.0005861584795638919, yaw : -0.11914294958114624, altitude : 584.0899658203125, lat : -353632621, lng : 1491652374}
ahrs AHRS2 {roll : 0.0008092116331681609, pitch : 0.0005895736394450068, yaw : -0.11912529915571213, altitude : 584.0899658203125, lat : -353632621, lng : 1491652374}
ahrs AHRS2 {roll : 0.00081535434583202, pitch : 0.0005935545777902007, yaw : -0.11910387873649597, altitude : 584.0899658203125, lat : -353632621, lng : 1491652374}
ahrs AHRS2 {roll : 0.000824185146484524, pitch : 0.0005970817292109132, yaw : -0.1190769150853157, altitude : 584.0899658203125, lat : -353632621, lng : 1491652374}
ahrs AHRS2 {roll : 0.0008319655898958445, pitch : 0.0006048085633665323, yaw : -0.11905679106712341, altitude : 584.0899658203125, lat : -353632621, lng : 1491652374}
ahrs AHRS2 {roll : 0.0008385257096961141, pitch : 0.0006107294466346502, yaw : -0.11903630197048187, altitude : 584.0899658203125, lat : -353632621, lng : 1491652374}
ahrs AHRS2 {roll : 0.0008445224375464022, pitch : 0.0006169588305056095, yaw : -0.11900942027568817, altitude : 584.0899658203125, lat : -353632621, lng : 1491652374}
ahrs AHRS2 {roll : 0.0008495327201671898, pitch : 0.0006240404327400029, yaw : -0.11899250000715256, altitude : 584.0899658203125, lat : -353632621, lng : 1491652374}
ahrs AHRS2 {roll : 0.0008565354510210454, pitch : 0.0006285684066824615, yaw : -0.11897265911102295, altitude : 584.0899658203125, lat : -353632621, lng : 1491652374}
ahrs AHRS2 {roll : 0.0008621278102509677, pitch : 0.0006353309145197272, yaw : -0.11894380301237106, altitude : 584.0899658203125, lat : -353632621, lng : 1491652374}
ahrs AHRS2 {roll : 0.0008679533493705094, pitch : 0.0006420596619136631, yaw : -0.11892691999673843, altitude : 584.0899658203125, lat : -353632621, lng : 1491652374}
ahrs AHRS2 {roll : 0.0008733807480894029, pitch : 0.0006492894608527422, yaw : -0.11890806257724762, altitude : 584.0899658203125, lat : -353632621, lng : 1491652374}
ahrs AHRS2 {roll : 0.0008784790989011526, pitch : 0.0006551547558046877, yaw : -0.11888223886489868, altitude : 584.0899658203125, lat : -353632621, lng : 1491652374}
ahrs AHRS2 {roll : 0.0008831063751131296, pitch : 0.0006600525812245905, yaw : -0.11886412650346756, altitude : 584.0899658203125, lat : -353632621, lng : 1491652374}
ahrs AHRS2 {roll : 0.0008903921116143465, pitch : 0.0006675272015854716, yaw : -0.11884380877017975, altitude : 584.0899658203125, lat : -353632621, lng : 1491652374}
ahrs AHRS2 {roll : 0.0008958127000369132, pitch : 0.0006721947574988008, yaw : -0.11881668865680695, altitude : 584.0899658203125, lat : -353632621, lng : 1491652374}
ahrs AHRS2 {roll : 0.0009024119353853166, pitch : 0.0006771028856746852, yaw : -0.11879801750183105, altitude : 584.0899658203125, lat : -353632621, lng : 1491652374}
ahrs AHRS2 {roll : 0.000904655724298209, pitch : 0.0006811039638705552, yaw : -0.11877897381782532, altitude : 584.0899658203125, lat : -353632621, lng : 1491652374}
ahrs AHRS2 {roll : 0.0009107565856538713, pitch : 0.0006876362604089081, yaw : -0.1187533289194107, altitude : 584.0899658203125, lat : -353632621, lng : 1491652374}
ahrs AHRS2 {roll : 0.0009169412078335881, pitch : 0.0006942459149286151, yaw : -0.11873310059309006, altitude : 584.0899658203125, lat : -353632621, lng : 1491652374}
ahrs AHRS2 {roll : 0.0009221869404427707, pitch : 0.0006996129523031414, yaw : -0.11871745437383652, altitude : 584.0899658203125, lat : -353632621, lng : 1491652374}
ahrs AHRS2 {roll : 0.000926620967220515, pitch : 0.0007036955212242901, yaw : -0.11869309842586517, altitude : 584.0899658203125, lat : -353632621, lng : 1491652374}
ahrs AHRS2 {roll : 0.000932028575334698, pitch : 0.0007108890567906201, yaw : -0.11867515742778778, altitude : 584.0899658203125, lat : -353632621, lng : 1491652374}
ahrs AHRS2 {roll : 0.0009368336759507656, pitch : 0.000716996903065592, yaw : -0.11865777522325516, altitude : 584.0899658203125, lat : -353632621, lng : 1491652374}
ahrs AHRS2 {roll : 0.0009421792346984148, pitch : 0.0007223726715892553, yaw : -0.11863197386264801, altitude : 584.0899658203125, lat : -353632621, lng : 1491652374}
ahrs AHRS2 {roll : 0.0009492857498116791, pitch : 0.0007268008776009083, yaw : -0.11861447244882584, altitude : 584.0899658203125, lat : -353632621, lng : 1491652374}
ahrs AHRS2 {roll : 0.000952089496422559, pitch : 0.0007334831170737743, yaw : -0.11859822273254395, altitude : 584.0899658203125, lat : -353632621, lng : 1491652374}
ahrs AHRS2 {roll : 0.0009588817483745515, pitch : 0.0007391111575998366, yaw : -0.11857302486896515, altitude : 584.0899658203125, lat : -353632621, lng : 1491652374}
ahrs AHRS2 {roll : 0.0009657208574935794, pitch : 0.0007452506688423455, yaw : -0.11855597794055939, altitude : 584.0899658203125, lat : -353632621, lng : 1491652374}
ahrs AHRS2 {roll : 0.0009708193247206509, pitch : 0.0007494092569686472, yaw : -0.1185392439365387, altitude : 584.0899658203125, lat : -353632621, lng : 1491652374}
ahrs AHRS2 {roll : 0.0009751441539265215, pitch : 0.0007539429352618754, yaw : -0.11851591616868973, altitude : 584.0899658203125, lat : -353632621, lng : 1491652374}
ahrs AHRS2 {roll : 0.0009826449677348137, pitch : 0.0007595680071972311, yaw : -0.11849861592054367, altitude : 584.0899658203125, lat : -353632621, lng : 1491652374}
ahrs AHRS2 {roll : 0.0009888713248074055, pitch : 0.0007663750438950956, yaw : -0.11848420649766922, altitude : 584.0899658203125, lat : -353632621, lng : 1491652374}
ahrs AHRS2 {roll : 0.0009953718399628997, pitch : 0.000770824437495321, yaw : -0.11845922470092773, altitude : 584.0899658203125, lat : -353632621, lng : 1491652374}
ahrs AHRS2 {roll : 0.0009997434681281447, pitch : 0.0007765110349282622, yaw : -0.11844027042388916, altitude : 584.0899658203125, lat : -353632621, lng : 1491652374}
ahrs AHRS2 {roll : 0.001004221965558827, pitch : 0.0007834180723875761, yaw : -0.11842469871044159, altitude : 584.0899658203125, lat : -353632621, lng : 1491652374}
ahrs AHRS2 {roll : 0.0010107315611094236, pitch : 0.0007876232848502696, yaw : -0.1184026375412941, altitude : 584.0899658203125, lat : -353632621, lng : 1491652374}
ahrs AHRS2 {roll : 0.0010136908385902643, pitch : 0.0007934332243166864, yaw : -0.11838472634553909, altitude : 584.0899658203125, lat : -353632621, lng : 1491652374}
ahrs AHRS2 {roll : 0.0010179408127442002, pitch : 0.0008004533010534942, yaw : -0.1183691993355751, altitude : 584.0899658203125, lat : -353632621, lng : 1491652374}
ahrs AHRS2 {roll : 0.001022282987833023, pitch : 0.0008071353659033775, yaw : -0.11834917962551117, altitude : 584.0899658203125, lat : -353632621, lng : 1491652374}
ahrs AHRS2 {roll : 0.0010271428618580103, pitch : 0.000812409445643425, yaw : -0.11833132058382034, altitude : 584.0899658203125, lat : -353632621, lng : 1491652374}
ahrs AHRS2 {roll : 0.0010318884160369635, pitch : 0.0008210420492105186, yaw : -0.11831779778003693, altitude : 584.0899658203125, lat : -353632621, lng : 1491652374}
ahrs AHRS2 {roll : 0.001036227447912097, pitch : 0.0008260543690994382, yaw : -0.11829712986946106, altitude : 584.0899658203125, lat : -353632621, lng : 1491652374}
ahrs AHRS2 {roll : 0.0010400121100246906, pitch : 0.000832532299682498, yaw : -0.11827552318572998, altitude : 584.0899658203125, lat : -353632621, lng : 1491652374}
ahrs AHRS2 {roll : 0.0010459509212523699, pitch : 0.0008371480507776141, yaw : -0.11826406419277191, altitude : 584.0899658203125, lat : -353632621, lng : 1491652374}
ahrs AHRS2 {roll : 0.001050969585776329, pitch : 0.000843387097120285, yaw : -0.11824152618646622, altitude : 584.0899658203125, lat : -353632621, lng : 1491652374}
ahrs AHRS2 {roll : 0.001057810615748167, pitch : 0.000848345342092216, yaw : -0.11822270601987839, altitude : 584.0899658203125, lat : -353632621, lng : 1491652374}
ahrs AHRS2 {roll : 0.0010639019310474396, pitch : 0.0008533258805982769, yaw : -0.11821309477090836, altitude : 584.0899658203125, lat : -353632621, lng : 1491652374}
ahrs AHRS2 {roll : 0.0010707818437367678, pitch : 0.000856798782479018, yaw : -0.11819175630807877, altitude : 584.0899658203125, lat : -353632621, lng : 1491652374}
ahrs AHRS2 {roll : 0.0010760591831058264, pitch : 0.0008614519028924406, yaw : -0.1181715875864029, altitude : 584.0899658203125, lat : -353632621, lng : 1491652374}
ahrs AHRS2 {roll : 0.0010798919247463346, pitch : 0.0008668628870509565, yaw : -0.11816169321537018, altitude : 584.0899658203125, lat : -353632621, lng : 1491652374}
ahrs AHRS2 {roll : 0.0010844360804185271, pitch : 0.000871401047334075, yaw : -0.11814114451408386, altitude : 584.0899658203125, lat : -353632621, lng : 1491652374}
ahrs AHRS2 {roll : 0.0010879059555009007, pitch : 0.0008755988092161715, yaw : -0.11812150478363037, altitude : 584.0899658203125, lat : -353632621, lng : 1491652374}
ahrs AHRS2 {roll : 0.0010926142567768693, pitch : 0.0008811872103251517, yaw : -0.1181124672293663, altitude : 584.0899658203125, lat : -353632621, lng : 1491652374}
ahrs AHRS2 {roll : 0.00109559774864465, pitch : 0.0008867883589118719, yaw : -0.11809251457452774, altitude : 584.0899658203125, lat : -353632621, lng : 1491652374}
ahrs AHRS2 {roll : 0.0010976524790748954, pitch : 0.0008904471760615706, yaw : -0.1180708035826683, altitude : 584.0899658203125, lat : -353632621, lng : 1491652374}
ahrs AHRS2 {roll : 0.0011009741574525833, pitch : 0.0008945544832386076, yaw : -0.1180613711476326, altitude : 584.0899658203125, lat : -353632621, lng : 1491652374}
ahrs AHRS2 {roll : 0.001105740200728178, pitch : 0.0009008756605908275, yaw : -0.11804347485303879, altitude : 584.0899658203125, lat : -353632621, lng : 1491652374}
ahrs AHRS2 {roll : 0.0011127114994451404, pitch : 0.0009060598677024245, yaw : -0.11801906675100327, altitude : 584.0899658203125, lat : -353632621, lng : 1491652374}
ahrs AHRS2 {roll : 0.0011162704322487116, pitch : 0.0009088703081943095, yaw : -0.1180104985833168, altitude : 584.0899658203125, lat : -353632621, lng : 1491652374}
ahrs AHRS2 {roll : 0.0011187498457729816, pitch : 0.0009116734727285802, yaw : -0.11799143999814987, altitude : 584.0899658203125, lat : -353632621, lng : 1491652374}
ahrs AHRS2 {roll : 0.001122448593378067, pitch : 0.0009159086039289832, yaw : -0.11797114461660385, altitude : 584.0899658203125, lat : -353632621, lng : 1491652374}
ahrs AHRS2 {roll : 0.0011269146343693137, pitch : 0.0009188959375023842, yaw : -0.11796295642852783, altitude : 584.0899658203125, lat : -353632621, lng : 1491652374}
ahrs AHRS2 {roll : 0.0011319929035380483, pitch : 0.0009237639605998993, yaw : -0.11794334650039673, altitude : 584.0899658203125, lat : -353632621, lng : 1491652374}
ahrs AHRS2 {roll : 0.0011361774522811174, pitch : 0.0009279455989599228, yaw : -0.1179213896393776, altitude : 584.0899658203125, lat : -353632621, lng : 1491652374}
ahrs AHRS2 {roll : 0.0011408997233957052, pitch : 0.0009328562300652266, yaw : -0.11791368573904037, altitude : 584.0899658203125, lat : -353632621, lng : 1491652374}
ahrs AHRS2 {roll : 0.0011456332867965102, pitch : 0.0009365922305732965, yaw : -0.11789661645889282, altitude : 584.0899658203125, lat : -353632621, lng : 1491652374}
ahrs AHRS2 {roll : 0.0011487093288451433, pitch : 0.0009407367324456573, yaw : -0.11787408590316772, altitude : 584.0899658203125, lat : -353632621, lng : 1491652374}
ahrs AHRS2 {roll : 0.0011540590785443783, pitch : 0.0009448424098081887, yaw : -0.11786971241235733, altitude : 584.0899658203125, lat : -353632621, lng : 1491652374}
ahrs AHRS2 {roll : 0.0011592236114665866, pitch : 0.0009494789992459118, yaw : -0.11785078048706055, altitude : 584.0899658203125, lat : -353632621, lng : 1491652374}
ahrs AHRS2 {roll : 0.0011639446020126343, pitch : 0.0009545419015921652, yaw : -0.11783035099506378, altitude : 584.0899658203125, lat : -353632621, lng : 1491652374}
ahrs AHRS2 {roll : 0.001168566755950451, pitch : 0.0009587263921275735, yaw : -0.11782708019018173, altitude : 584.0899658203125, lat : -353632621, lng : 1491652374}
ahrs AHRS2 {roll : 0.001172135234810412, pitch : 0.0009623071528039873, yaw : -0.11781102418899536, altitude : 584.0899658203125, lat : -353632621, lng : 1491652374}
ahrs AHRS2 {roll : 0.0011759374756366014, pitch : 0.0009665860561653972, yaw : -0.11778680235147476, altitude : 584.0899658203125, lat : -353632621, lng : 1491652374}
ahrs AHRS2 {roll : 0.0011821292573586106, pitch : 0.0009720546659082174, yaw : -0.11777900159358978, altitude : 584.0899658203125, lat : -353632621, lng : 1491652374}
ahrs AHRS2 {roll : 0.0011867614230141044, pitch : 0.0009762780391611159, yaw : -0.11776404827833176, altitude : 584.0899658203125, lat : -353632621, lng : 1491652374}
ahrs AHRS2 {roll : 0.0011906088329851627, pitch : 0.0009808304021134973, yaw : -0.11773926019668579, altitude : 584.0899658203125, lat : -353632621, lng : 1491652374}
ahrs AHRS2 {roll : 0.0011975703528150916, pitch : 0.0009854944655671716, yaw : -0.11773570626974106, altitude : 584.0899658203125, lat : -353632621, lng : 1491652374}
ahrs AHRS2 {roll : 0.0012020686408504844, pitch : 0.0009903648169711232, yaw : -0.11771838366985321, altitude : 584.0899658203125, lat : -353632621, lng : 1491652374}
ahrs AHRS2 {roll : 0.001205864013172686, pitch : 0.000996020040474832, yaw : -0.11769383400678635, altitude : 584.0899658203125, lat : -353632621, lng : 1491652374}
ahrs AHRS2 {roll : 0.0012113042175769806, pitch : 0.0009990828111767769, yaw : -0.11769255250692368, altitude : 584.0899658203125, lat : -353632621, lng : 1491652374}
ahrs AHRS2 {roll : 0.0012154612923040986, pitch : 0.001005438040010631, yaw : -0.11767861247062683, altitude : 584.0899658203125, lat : -353632621, lng : 1491652374}
ahrs AHRS2 {roll : 0.0012183660874143243, pitch : 0.0010102044325321913, yaw : -0.11765378713607788, altitude : 584.0899658203125, lat : -353632621, lng : 1491652374}
ahrs AHRS2 {roll : 0.001223647384904325, pitch : 0.0010145236738026142, yaw : -0.11765080690383911, altitude : 584.0899658203125, lat : -353632621, lng : 1491652374}
ahrs AHRS2 {roll : 0.001229119603522122, pitch : 0.0010189919266849756, yaw : -0.11763588339090347, altitude : 584.0899658203125, lat : -353632621, lng : 1491652374}
ahrs AHRS2 {roll : 0.0012351872865110636, pitch : 0.0010232710046693683, yaw : -0.117620550096035, altitude : 584.0899658203125, lat : -353632621, lng : 1491652374}
ahrs AHRS2 {roll : 0.0012373857898637652, pitch : 0.0010259862756356597, yaw : -0.11762440949678421, altitude : 584.0899658203125, lat : -353632621, lng : 1491652374}
ahrs AHRS2 {roll : 0.0012408280745148659, pitch : 0.0010286980541422963, yaw : -0.11762014776468277, altitude : 584.0899658203125, lat : -353632621, lng : 1491652374}
ahrs AHRS2 {roll : 0.0012448311317712069, pitch : 0.0010321004083380103, yaw : -0.11760681867599487, altitude : 584.0899658203125, lat : -353632621, lng : 1491652374}
ahrs AHRS2 {roll : 0.0012490911176428199, pitch : 0.0010372441029176116, yaw : -0.11761277168989182, altitude : 584.0899658203125, lat : -353632621, lng : 1491652374}
ahrs AHRS2 {roll : 0.0012533094268292189, pitch : 0.0010405798675492406, yaw : -0.11760735511779785, altitude : 584.0899658203125, lat : -353632621, lng : 1491652374}
ahrs AHRS2 {roll : 0.0012553780106827617, pitch : 0.001043702126480639, yaw : -0.11759313941001892, altitude : 584.0899658203125, lat : -353632621, lng : 1491652374}
ahrs AHRS2 {roll : 0.0012589895632117987, pitch : 0.0010449076071381569, yaw : -0.11759968101978302, altitude : 584.0899658203125, lat : -353632621, lng : 1491652374}
ahrs AHRS2 {roll : 0.0012617917964234948, pitch : 0.001046840101480484, yaw : -0.1175946444272995, altitude : 584.0899658203125, lat : -353632621, lng : 1491652374}
ahrs AHRS2 {roll : 0.0012649308191612363, pitch : 0.0010508834384381771, yaw : -0.11757814139127731, altitude : 584.0899658203125, lat : -353632621, lng : 1491652374}
ahrs AHRS2 {roll : 0.0012661119690164924, pitch : 0.0010548705467954278, yaw : -0.1175827905535698, altitude : 584.0899658203125, lat : -353632621, lng : 1491652374}
ahrs AHRS2 {roll : 0.0012709577567875385, pitch : 0.0010590178426355124, yaw : -0.11758100241422653, altitude : 584.0899658203125, lat : -353632621, lng : 1491652374}
ahrs AHRS2 {roll : 0.0012743661645799875, pitch : 0.0010624011047184467, yaw : -0.11756759136915207, altitude : 584.0899658203125, lat : -353632621, lng : 1491652374}
ahrs AHRS2 {roll : 0.0012774548958986998, pitch : 0.001064948970451951, yaw : -0.11756836622953415, altitude : 584.0899658203125, lat : -353632621, lng : 1491652374}
ahrs AHRS2 {roll : 0.0012796305818483233, pitch : 0.0010668967152014375, yaw : -0.11756345629692078, altitude : 584.0899658203125, lat : -353632621, lng : 1491652374}
ahrs AHRS2 {roll : 0.0012836817186325788, pitch : 0.0010693446965888143, yaw : -0.11755125969648361, altitude : 584.0899658203125, lat : -353632621, lng : 1491652374}
ahrs AHRS2 {roll : 0.0012866024626418948, pitch : 0.001072449260391295, yaw : -0.11755254864692688, altitude : 584.0899658203125, lat : -353632621, lng : 1491652374}
ahrs AHRS2 {roll : 0.001291276072151959, pitch : 0.0010753320530056953, yaw : -0.11754853278398514, altitude : 584.0899658203125, lat : -353632621, lng : 1491652374}
ahrs AHRS2 {roll : 0.0012964389752596617, pitch : 0.0010797136928886175, yaw : -0.11753510683774948, altitude : 584.0899658203125, lat : -353632621, lng : 1491652374}
ahrs AHRS2 {roll : 0.0012983023189008236, pitch : 0.0010836205910891294, yaw : -0.11753888428211212, altitude : 584.0899658203125, lat : -353632621, lng : 1491652374}
ahrs AHRS2 {roll : 0.0013019671896472573, pitch : 0.0010876086307689548, yaw : -0.11753562092781067, altitude : 584.0899658203125, lat : -353632621, lng : 1491652374}
ahrs AHRS2 {roll : 0.0013053056318312883, pitch : 0.0010901420610025525, yaw : -0.11752253770828247, altitude : 584.0899658203125, lat : -353632621, lng : 1491652374}
ahrs AHRS2 {roll : 0.001307742903009057, pitch : 0.0010929582640528679, yaw : -0.11752451211214066, altitude : 584.0899658203125, lat : -353632621, lng : 1491652374}
ahrs AHRS2 {roll : 0.0013095204485580325, pitch : 0.001095556654036045, yaw : -0.1175217553973198, altitude : 584.0899658203125, lat : -353632621, lng : 1491652374}
ahrs AHRS2 {roll : 0.0013124464312568307, pitch : 0.001099339104257524, yaw : -0.11751003563404083, altitude : 584.0899658203125, lat : -353632621, lng : 1491652374}
ahrs AHRS2 {roll : 0.00131530303042382, pitch : 0.0011010747402906418, yaw : -0.1175125315785408, altitude : 584.0899658203125, lat : -353632621, lng : 1491652374}
ahrs AHRS2 {roll : 0.0013193293707445264, pitch : 0.0011040744138881564, yaw : -0.11750996857881546, altitude : 584.0899658203125, lat : -353632621, lng : 1491652374}
ahrs AHRS2 {roll : 0.0013210962060838938, pitch : 0.0011072675697505474, yaw : -0.11750005185604095, altitude : 584.0899658203125, lat : -353632621, lng : 1491652374}
ahrs AHRS2 {roll : 0.0013251873897388577, pitch : 0.001109701581299305, yaw : -0.11749991029500961, altitude : 584.0899658203125, lat : -353632621, lng : 1491652374}
ahrs AHRS2 {roll : 0.0013292365474626422, pitch : 0.0011142496950924397, yaw : -0.11749835312366486, altitude : 584.0899658203125, lat : -353632621, lng : 1491652374}
ahrs AHRS2 {roll : 0.0013344520702958107, pitch : 0.0011156575055792928, yaw : -0.1174871176481247, altitude : 584.0899658203125, lat : -353632621, lng : 1491652374}
ahrs AHRS2 {roll : 0.001338086905889213, pitch : 0.00111807556822896, yaw : -0.11748775094747543, altitude : 584.0899658203125, lat : -353632621, lng : 1491652374}
ahrs AHRS2 {roll : 0.0013412871630862355, pitch : 0.0011218171566724777, yaw : -0.11748728156089783, altitude : 584.0899658203125, lat : -353632621, lng : 1491652374}
ahrs AHRS2 {roll : 0.0013420766917988658, pitch : 0.001124904491007328, yaw : -0.11747301369905472, altitude : 584.0899658203125, lat : -353632621, lng : 1491652374}
ahrs AHRS2 {roll : 0.0013467427343130112, pitch : 0.0011268857633695006, yaw : -0.11747322231531143, altitude : 584.0899658203125, lat : -353632621, lng : 1491652374}
ahrs AHRS2 {roll : 0.0013509324053302407, pitch : 0.0011296846205368638, yaw : -0.11747335642576218, altitude : 584.0899658203125, lat : -353632621, lng : 1491652374}
ahrs AHRS2 {roll : 0.0013551610754802823, pitch : 0.001132302451878786, yaw : -0.11746106296777725, altitude : 584.0899658203125, lat : -353632621, lng : 1491652374}
ahrs AHRS2 {roll : 0.0013596585486084223, pitch : 0.0011344632366672158, yaw : -0.11746027320623398, altitude : 584.0899658203125, lat : -353632621, lng : 1491652374}
ahrs AHRS2 {roll : 0.0013618934899568558, pitch : 0.001137142302468419, yaw : -0.11745848506689072, altitude : 584.0899658203125, lat : -353632621, lng : 1491652374}
ahrs AHRS2 {roll : 0.0013650539331138134, pitch : 0.0011380836367607117, yaw : -0.11744697391986847, altitude : 584.0899658203125, lat : -353632621, lng : 1491652374}
ahrs AHRS2 {roll : 0.0013681635027751327, pitch : 0.0011402739910408854, yaw : -0.11744408309459686, altitude : 584.0899658203125, lat : -353632621, lng : 1491652374}
ahrs AHRS2 {roll : 0.0013711671344935894, pitch : 0.0011441056849434972, yaw : -0.11744414269924164, altitude : 584.0899658203125, lat : -353632621, lng : 1491652374}
ahrs AHRS2 {roll : 0.001373747829347849, pitch : 0.001146467518992722, yaw : -0.11743321269750595, altitude : 584.0899658203125, lat : -353632621, lng : 1491652374}
ahrs AHRS2 {roll : 0.0013761677546426654, pitch : 0.0011501910630613565, yaw : -0.1174316480755806, altitude : 584.0899658203125, lat : -353632621, lng : 1491652374}
ahrs AHRS2 {roll : 0.0013775542611256242, pitch : 0.0011536485981196165, yaw : -0.11743080615997314, altitude : 584.0899658203125, lat : -353632621, lng : 1491652374}
ahrs AHRS2 {roll : 0.0013795075938105583, pitch : 0.0011555891251191497, yaw : -0.11742028594017029, altitude : 584.0899658203125, lat : -353632621, lng : 1491652374}
ahrs AHRS2 {roll : 0.0013817684957757592, pitch : 0.0011588484048843384, yaw : -0.11741597950458527, altitude : 584.0899658203125, lat : -353632621, lng : 1491652374}
ahrs AHRS2 {roll : 0.0013852985575795174, pitch : 0.0011605353793129325, yaw : -0.11741778999567032, altitude : 584.0899658203125, lat : -353632621, lng : 1491652374}
ahrs AHRS2 {roll : 0.0013889467809349298, pitch : 0.0011627043131738901, yaw : -0.11740701645612717, altitude : 584.0899658203125, lat : -353632621, lng : 1491652374}
ahrs AHRS2 {roll : 0.001391303027048707, pitch : 0.0011656897841021419, yaw : -0.1174049898982048, altitude : 584.0899658203125, lat : -353632621, lng : 1491652374}
ahrs AHRS2 {roll : 0.001394793507643044, pitch : 0.0011694087879732251, yaw : -0.11740590631961823, altitude : 584.0899658203125, lat : -353632621, lng : 1491652374}
ahrs AHRS2 {roll : 0.0013981752563267946, pitch : 0.0011709679383784533, yaw : -0.11739407479763031, altitude : 584.0899658203125, lat : -353632621, lng : 1491652374}
ahrs AHRS2 {roll : 0.0014012465253472328, pitch : 0.0011740647023543715, yaw : -0.1173897311091423, altitude : 584.0899658203125, lat : -353632621, lng : 1491652374}
ahrs AHRS2 {roll : 0.001404868089593947, pitch : 0.0011772572761401534, yaw : -0.11739218235015869, altitude : 584.0899658203125, lat : -353632621, lng : 1491652374}
ahrs AHRS2 {roll : 0.0014092157362028956, pitch : 0.0011823253007605672, yaw : -0.11738166213035583, altitude : 584.0899658203125, lat : -353632621, lng : 1491652374}
ahrs AHRS2 {roll : 0.0014143132138997316, pitch : 0.001187685877084732, yaw : -0.11737795919179916, altitude : 584.0899658203125, lat : -353632621, lng : 1491652374}
ahrs AHRS2 {roll : 0.001419657375663519, pitch : 0.0011903984704986215, yaw : -0.11738073825836182, altitude : 584.0899658203125, lat : -353632621, lng : 1491652374}
ahrs AHRS2 {roll : 0.001421781606040895, pitch : 0.001193174161016941, yaw : -0.11737298220396042, altitude : 584.0899658203125, lat : -353632621, lng : 1491652374}
ahrs AHRS2 {roll : 0.0014266293728724122, pitch : 0.0011966682504862547, yaw : -0.11736636608839035, altitude : 584.0899658203125, lat : -353632621, lng : 1491652374}
ahrs AHRS2 {roll : 0.0014309175312519073, pitch : 0.0012025808682665229, yaw : -0.11736936867237091, altitude : 584.0899658203125, lat : -353632621, lng : 1491652374}
ahrs AHRS2 {roll : 0.0014357258332893252, pitch : 0.0012065881164744496, yaw : -0.11736153811216354, altitude : 584.0899658203125, lat : -353632621, lng : 1491652374}
ahrs AHRS2 {roll : 0.0014416722115129232, pitch : 0.0012083608889952302, yaw : -0.11735531687736511, altitude : 584.0899658203125, lat : -353632621, lng : 1491652374}
ahrs AHRS2 {roll : 0.0014449580339714885, pitch : 0.0012119803577661514, yaw : -0.11735779792070389, altitude : 584.0899658203125, lat : -353632621, lng : 1491652374}
ahrs AHRS2 {roll : 0.001446689129807055, pitch : 0.001214325544424355, yaw : -0.11734867095947266, altitude : 584.0899658203125, lat : -353632621, lng : 1491652374}
ahrs AHRS2 {roll : 0.001451775897294283, pitch : 0.0012180334888398647, yaw : -0.11734029650688171, altitude : 584.0899658203125, lat : -353632621, lng : 1491652374}
ahrs AHRS2 {roll : 0.0014543581055477262, pitch : 0.001219106838107109, yaw : -0.11734515428543091, altitude : 584.0899658203125, lat : -353632621, lng : 1491652374}
ahrs AHRS2 {roll : 0.0014552733628079295, pitch : 0.0012224515667185187, yaw : -0.11733653396368027, altitude : 584.0899658203125, lat : -353632621, lng : 1491652374}
ahrs AHRS2 {roll : 0.0014570893254131079, pitch : 0.0012244065292179585, yaw : -0.11732891201972961, altitude : 584.0899658203125, lat : -353632621, lng : 1491652374}
ahrs AHRS2 {roll : 0.001461074803955853, pitch : 0.0012267609126865864, yaw : -0.11733539402484894, altitude : 584.0899658203125, lat : -353632621, lng : 1491652374}
ahrs AHRS2 {roll : 0.0015091708628460765, pitch : 0.0012777243973687291, yaw : -0.1172867938876152, altitude : 584.0899658203125, lat : -353632621, lng : 1491652374}
ahrs AHRS2 {roll : 0.001531011424958706, pitch : 0.0012980337487533689, yaw : -0.11726446449756622, altitude : 584.0899658203125, lat : -353632621, lng : 1491652374}
ahrs AHRS2 {roll : 0.0015335407806560397, pitch : 0.0013020341284573078, yaw : -0.11726514250040054, altitude : 584.0899658203125, lat : -353632621, lng : 1491652374}
ahrs AHRS2 {roll : 0.001538386452011764, pitch : 0.0013055229792371392, yaw : -0.11725642532110214, altitude : 584.0899658203125, lat : -353632621, lng : 1491652374}
ahrs AHRS2 {roll : 0.0015423523727804422, pitch : 0.0013098999625071883, yaw : -0.11725673824548721, altitude : 584.0899658203125, lat : -353632621, lng : 1491652374}
ahrs AHRS2 {roll : 0.001544669270515442, pitch : 0.0013132907915860415, yaw : -0.11726059019565582, altitude : 584.0899658203125, lat : -353632621, lng : 1491652374}
ahrs AHRS2 {roll : 0.0015471428632736206, pitch : 0.001315962872467935, yaw : -0.11725103110074997, altitude : 584.0899658203125, lat : -353632621, lng : 1491652374}
ahrs AHRS2 {roll : 0.0015493924729526043, pitch : 0.00132226652931422, yaw : -0.11725059896707535, altitude : 584.0899658203125, lat : -353632621, lng : 1491652374}
ahrs AHRS2 {roll : 0.0015523956390097737, pitch : 0.001324836746789515, yaw : -0.11725173145532608, altitude : 584.0899658203125, lat : -353632621, lng : 1491652374}
ahrs AHRS2 {roll : 0.0015550836687907577, pitch : 0.0013274925295263529, yaw : -0.11724410206079483, altitude : 584.0899658203125, lat : -353632621, lng : 1491652374}
ahrs AHRS2 {roll : 0.001558117801323533, pitch : 0.0013321510050445795, yaw : -0.11723998934030533, altitude : 584.0899658203125, lat : -353632621, lng : 1491652374}
ahrs AHRS2 {roll : 0.0015606223605573177, pitch : 0.0013352719834074378, yaw : -0.11724436283111572, altitude : 584.0899658203125, lat : -353632621, lng : 1491652374}
ahrs AHRS2 {roll : 0.0015632163267582655, pitch : 0.0013384867925196886, yaw : -0.11723732203245163, altitude : 584.0899658203125, lat : -353632621, lng : 1491652374}
ahrs AHRS2 {roll : 0.001567206927575171, pitch : 0.0013422503834590316, yaw : -0.11723408848047256, altitude : 584.0899658203125, lat : -353632621, lng : 1491652374}
ahrs AHRS2 {roll : 0.0015694849425926805, pitch : 0.001346438773907721, yaw : -0.11723707616329193, altitude : 584.0899658203125, lat : -353632621, lng : 1491652374}
ahrs AHRS2 {roll : 0.0015709645813331008, pitch : 0.0013472829014062881, yaw : -0.11722833663225174, altitude : 584.0899658203125, lat : -353632621, lng : 1491652374}
ahrs AHRS2 {roll : 0.0015726088313385844, pitch : 0.0013505035312846303, yaw : -0.11722414195537567, altitude : 584.0899658203125, lat : -353632621, lng : 1491652374}
ahrs AHRS2 {roll : 0.001575061702169478, pitch : 0.0013530115829780698, yaw : -0.11722736060619354, altitude : 584.0899658203125, lat : -353632621, lng : 1491652374}
ahrs AHRS2 {roll : 0.0015769762685522437, pitch : 0.0013561430387198925, yaw : -0.11721722781658173, altitude : 584.0899658203125, lat : -353632621, lng : 1491652374}
ahrs AHRS2 {roll : 0.0015808421885594726, pitch : 0.0013594012707471848, yaw : -0.11721516400575638, altitude : 584.0899658203125, lat : -353632621, lng : 1491652374}
ahrs AHRS2 {roll : 0.0015837321989238262, pitch : 0.001361814676783979, yaw : -0.11721858382225037, altitude : 584.0899658203125, lat : -353632621, lng : 1491652374}
ahrs AHRS2 {roll : 0.0015859403647482395, pitch : 0.001363635528832674, yaw : -0.11720934510231018, altitude : 584.0899658203125, lat : -353632621, lng : 1491652374}
ahrs AHRS2 {roll : 0.0015876115066930652, pitch : 0.001365543925203383, yaw : -0.11720848083496094, altitude : 584.0899658203125, lat : -353632621, lng : 1491652374}
ahrs AHRS2 {roll : 0.0015912000089883804, pitch : 0.0013679047115147114, yaw : -0.11721263080835342, altitude : 584.0899658203125, lat : -353632621, lng : 1491652374}
ahrs AHRS2 {roll : 0.0015947752399370074, pitch : 0.0013678667601197958, yaw : -0.11720725148916245, altitude : 584.0899658203125, lat : -353632621, lng : 1491652374}
ahrs AHRS2 {roll : 0.0015981897013261914, pitch : 0.0013692257925868034, yaw : -0.11720247566699982, altitude : 584.0899658203125, lat : -353632621, lng : 1491652374}
ahrs AHRS2 {roll : 0.0016012663254514337, pitch : 0.0013716601533815265, yaw : -0.11720914393663406, altitude : 584.0899658203125, lat : -353632621, lng : 1491652374}
ahrs AHRS2 {roll : 0.0016058131586760283, pitch : 0.0013744609896093607, yaw : -0.11720254272222519, altitude : 584.0899658203125, lat : -353632621, lng : 1491652374}
ahrs AHRS2 {roll : 0.0016088011907413602, pitch : 0.0013778567081317306, yaw : -0.11719821393489838, altitude : 584.0899658203125, lat : -353632621, lng : 1491652374}
ahrs AHRS2 {roll : 0.0016104403184726834, pitch : 0.001379954512231052, yaw : -0.11720386892557144, altitude : 584.0899658203125, lat : -353632621, lng : 1491652374}
ahrs AHRS2 {roll : 0.0016134597826749086, pitch : 0.0013848975067958236, yaw : -0.1171974167227745, altitude : 584.0899658203125, lat : -353632621, lng : 1491652374}
ahrs AHRS2 {roll : 0.001615558285266161, pitch : 0.0013873932184651494, yaw : -0.117189422249794, altitude : 584.0899658203125, lat : -353632621, lng : 1491652374}
ahrs AHRS2 {roll : 0.0016170311719179153, pitch : 0.0013920232886448503, yaw : -0.11719413846731186, altitude : 584.0899658203125, lat : -353632621, lng : 1491652374}
ahrs AHRS2 {roll : 0.0016178394434973598, pitch : 0.0013940840726718307, yaw : -0.11718656867742538, altitude : 584.0899658203125, lat : -353632621, lng : 1491652374}
ahrs AHRS2 {roll : 0.0016224330756813288, pitch : 0.0013963079545646906, yaw : -0.1171804890036583, altitude : 584.0899658203125, lat : -353632621, lng : 1491652374}
ahrs AHRS2 {roll : 0.0016253377543762326, pitch : 0.0014001805102452636, yaw : -0.11718641966581345, altitude : 584.0899658203125, lat : -353632621, lng : 1491652374}
ahrs AHRS2 {roll : 0.0016297092661261559, pitch : 0.0014014834305271506, yaw : -0.11717978119850159, altitude : 584.0899658203125, lat : -353632621, lng : 1491652374}
ahrs AHRS2 {roll : 0.0016308252234011889, pitch : 0.0014044699491932988, yaw : -0.11716988682746887, altitude : 584.0899658203125, lat : -353632621, lng : 1491652374}
ahrs AHRS2 {roll : 0.0016320011345669627, pitch : 0.0014066328294575214, yaw : -0.1171804741024971, altitude : 584.0899658203125, lat : -353632621, lng : 1491652374}
ahrs AHRS2 {roll : 0.0016355839325115085, pitch : 0.0014099149266257882, yaw : -0.11717568337917328, altitude : 584.0899658203125, lat : -353632621, lng : 1491652374}
ahrs AHRS2 {roll : 0.0016373463440686464, pitch : 0.0014134057564660907, yaw : -0.11716792732477188, altitude : 584.0899658203125, lat : -353632621, lng : 1491652374}
ahrs AHRS2 {roll : 0.0016404365887865424, pitch : 0.0014159723650664091, yaw : -0.1171778216958046, altitude : 584.0899658203125, lat : -353632621, lng : 1491652374}
ahrs AHRS2 {roll : 0.0016443030908703804, pitch : 0.0014182653976604342, yaw : -0.11717140674591064, altitude : 584.0899658203125, lat : -353632621, lng : 1491652374}
ahrs AHRS2 {roll : 0.0016476206947118044, pitch : 0.0014212399255484343, yaw : -0.11716260761022568, altitude : 584.0899658203125, lat : -353632621, lng : 1491652374}
ahrs AHRS2 {roll : 0.001650658086873591, pitch : 0.0014239633455872536, yaw : -0.11717209219932556, altitude : 584.0899658203125, lat : -353632621, lng : 1491652374}
ahrs AHRS2 {roll : 0.001652857637964189, pitch : 0.0014252715045586228, yaw : -0.1171639934182167, altitude : 584.0899658203125, lat : -353632621, lng : 1491652374}
ahrs AHRS2 {roll : 0.0016559897921979427, pitch : 0.0014288292732089758, yaw : -0.11714951694011688, altitude : 584.0899658203125, lat : -353632621, lng : 1491652374}
ahrs AHRS2 {roll : 0.0016578671056777239, pitch : 0.0014316687593236566, yaw : -0.1171608418226242, altitude : 584.0899658203125, lat : -353632621, lng : 1491652374}
ahrs AHRS2 {roll : 0.001659936155192554, pitch : 0.0014340708730742335, yaw : -0.11715520918369293, altitude : 584.0899658203125, lat : -353632621, lng : 1491652374}
ahrs AHRS2 {roll : 0.0016621211543679237, pitch : 0.0014396397164091468, yaw : -0.11714431643486023, altitude : 584.0899658203125, lat : -353632621, lng : 1491652374}
ahrs AHRS2 {roll : 0.001663692994043231, pitch : 0.0014421897940337658, yaw : -0.11715622246265411, altitude : 584.0899658203125, lat : -353632621, lng : 1491652374}
ahrs AHRS2 {roll : 0.0016660460969433188, pitch : 0.0014442362589761615, yaw : -0.11715260148048401, altitude : 584.0899658203125, lat : -353632621, lng : 1491652374}
ahrs AHRS2 {roll : 0.0016696517122909427, pitch : 0.0014477676013484597, yaw : -0.11714033037424088, altitude : 584.0899658203125, lat : -353632621, lng : 1491652374}
ahrs AHRS2 {roll : 0.0016709002666175365, pitch : 0.0014502776321023703, yaw : -0.11714975535869598, altitude : 584.0899658203125, lat : -353632621, lng : 1491652374}
ahrs AHRS2 {roll : 0.001674155704677105, pitch : 0.0014502404956147075, yaw : -0.11714612692594528, altitude : 584.0899658203125, lat : -353632621, lng : 1491652374}
ahrs AHRS2 {roll : 0.001677719410508871, pitch : 0.001450200448743999, yaw : -0.11713263392448425, altitude : 584.0899658203125, lat : -353632621, lng : 1491652374}
ahrs AHRS2 {roll : 0.0016786340856924653, pitch : 0.0014507245505228639, yaw : -0.11714304238557816, altitude : 584.0899658203125, lat : -353632621, lng : 1491652374}
ahrs AHRS2 {roll : 0.00168008788023144, pitch : 0.0014552253996953368, yaw : -0.11713987588882446, altitude : 584.0899658203125, lat : -353632621, lng : 1491652374}
ahrs AHRS2 {roll : 0.0016818183939903975, pitch : 0.0014557280810549855, yaw : -0.11712794005870819, altitude : 584.0899658203125, lat : -353632621, lng : 1491652374}
ahrs AHRS2 {roll : 0.0016849603271111846, pitch : 0.0014595845714211464, yaw : -0.11713913083076477, altitude : 584.0899658203125, lat : -353632621, lng : 1491652374}
ahrs AHRS2 {roll : 0.0016887026140466332, pitch : 0.0014609169447794557, yaw : -0.11713452637195587, altitude : 584.0899658203125, lat : -353632621, lng : 1491652374}
ahrs AHRS2 {roll : 0.0016899282345548272, pitch : 0.0014633506070822477, yaw : -0.11712085455656052, altitude : 584.0899658203125, lat : -353632621, lng : 1491652374}
ahrs AHRS2 {roll : 0.0016931971767917275, pitch : 0.0014662512112408876, yaw : -0.11713207513093948, altitude : 584.0899658203125, lat : -353632621, lng : 1491652374}
ahrs AHRS2 {roll : 0.0016949331620708108, pitch : 0.0014673291007056832, yaw : -0.1171286553144455, altitude : 584.0899658203125, lat : -353632621, lng : 1491652374}
ahrs AHRS2 {roll : 0.0016982543747872114, pitch : 0.0014715350698679686, yaw : -0.11711656302213669, altitude : 584.0899658203125, lat : -353632621, lng : 1491652374}
ahrs AHRS2 {roll : 0.0017014129552990198, pitch : 0.0014745260123163462, yaw : -0.11712730675935745, altitude : 584.0899658203125, lat : -353632621, lng : 1491652374}
ahrs AHRS2 {roll : 0.0017042269464582205, pitch : 0.0014770233538001776, yaw : -0.11712761223316193, altitude : 584.0899658203125, lat : -353632621, lng : 1491652374}
ahrs AHRS2 {roll : 0.0017056227661669254, pitch : 0.0014794074231758714, yaw : -0.1171291321516037, altitude : 584.0899658203125, lat : -353632621, lng : 1491652374}
ahrs AHRS2 {roll : 0.0017057989025488496, pitch : 0.001480397768318653, yaw : -0.11715701222419739, altitude : 584.0899658203125, lat : -353632621, lng : 1491652374}
ahrs AHRS2 {roll : 0.00170610670465976, pitch : 0.0014827082632109523, yaw : -0.11717121303081512, altitude : 584.0899658203125, lat : -353632621, lng : 1491652374}
ahrs AHRS2 {roll : 0.001706483424641192, pitch : 0.0014828406274318695, yaw : -0.11717521399259567, altitude : 584.0899658203125, lat : -353632621, lng : 1491652374}
ahrs AHRS2 {roll : 0.0017078921664506197, pitch : 0.0014846513513475657, yaw : -0.11719688028097153, altitude : 584.0899658203125, lat : -353632621, lng : 1491652374}
ahrs AHRS2 {roll : 0.0017091544577851892, pitch : 0.0014852600870653987, yaw : -0.11721232533454895, altitude : 584.0899658203125, lat : -353632621, lng : 1491652374}
ahrs AHRS2 {roll : 0.001710047828964889, pitch : 0.0014870158629491925, yaw : -0.11721386760473251, altitude : 584.0899658203125, lat : -353632621, lng : 1491652374}
ahrs AHRS2 {roll : 0.0017113005742430687, pitch : 0.0014891406754031777, yaw : -0.11723560839891434, altitude : 584.0899658203125, lat : -353632621, lng : 1491652374}
ahrs AHRS2 {roll : 0.001710891374386847, pitch : 0.0014878753572702408, yaw : -0.11725190281867981, altitude : 584.0899658203125, lat : -353632621, lng : 1491652374}
ahrs AHRS2 {roll : 0.0017107552848756313, pitch : 0.0014888009754940867, yaw : -0.11725494265556335, altitude : 584.0899658203125, lat : -353632621, lng : 1491652374}
ahrs AHRS2 {roll : 0.0017107435269281268, pitch : 0.001488913199864328, yaw : -0.1172773614525795, altitude : 584.0899658203125, lat : -353632621, lng : 1491652374}
ahrs AHRS2 {roll : 0.0017117876559495926, pitch : 0.0014900435926392674, yaw : -0.11729162931442261, altitude : 584.0899658203125, lat : -353632621, lng : 1491652374}
ahrs AHRS2 {roll : 0.0017141207354143262, pitch : 0.0014890136662870646, yaw : -0.11729397624731064, altitude : 584.0899658203125, lat : -353632621, lng : 1491652374}
ahrs AHRS2 {roll : 0.0017171772196888924, pitch : 0.0014907941222190857, yaw : -0.11731693893671036, altitude : 584.0899658203125, lat : -353632621, lng : 1491652374}
ahrs AHRS2 {roll : 0.0017180346185341477, pitch : 0.0014926043804734945, yaw : -0.11733105778694153, altitude : 584.0899658203125, lat : -353632621, lng : 1491652374}
ahrs AHRS2 {roll : 0.0017194125102832913, pitch : 0.0014930734178051353, yaw : -0.11733542382717133, altitude : 584.0899658203125, lat : -353632621, lng : 1491652374}
ahrs AHRS2 {roll : 0.001721496693789959, pitch : 0.0014926284784451127, yaw : -0.11735759675502777, altitude : 584.0899658203125, lat : -353632621, lng : 1491652374}
ahrs AHRS2 {roll : 0.0017233483958989382, pitch : 0.0014938829699531198, yaw : -0.1173730120062828, altitude : 584.0899658203125, lat : -353632621, lng : 1491652374}
ahrs AHRS2 {roll : 0.0017254496924579144, pitch : 0.001494324067607522, yaw : -0.11737567186355591, altitude : 584.0899658203125, lat : -353632621, lng : 1491652374}
ahrs AHRS2 {roll : 0.0017267827643081546, pitch : 0.001494996133260429, yaw : -0.11739616096019745, altitude : 584.0899658203125, lat : -353632621, lng : 1491652374}
ahrs AHRS2 {roll : 0.0017269999952986836, pitch : 0.001495809992775321, yaw : -0.11741084605455399, altitude : 584.0899658203125, lat : -353632621, lng : 1491652374}
ahrs AHRS2 {roll : 0.0017285635694861412, pitch : 0.001496760407462716, yaw : -0.11741413176059723, altitude : 584.0899658203125, lat : -353632621, lng : 1491652374}
ahrs AHRS2 {roll : 0.0017299915198236704, pitch : 0.0014969093026593328, yaw : -0.11743444204330444, altitude : 584.0899658203125, lat : -353632621, lng : 1491652374}
ahrs AHRS2 {roll : 0.001730603282339871, pitch : 0.0014996245736256242, yaw : -0.11745008081197739, altitude : 584.0899658203125, lat : -353632621, lng : 1491652374}
ahrs AHRS2 {roll : 0.0017315668519586325, pitch : 0.0014999824343249202, yaw : -0.11745557188987732, altitude : 584.0899658203125, lat : -353632621, lng : 1491652374}
ahrs AHRS2 {roll : 0.001732004340738058, pitch : 0.0015004455344751477, yaw : -0.11747359484434128, altitude : 584.0899658203125, lat : -353632621, lng : 1491652374}
ahrs AHRS2 {roll : 0.0017324890941381454, pitch : 0.0015014057280495763, yaw : -0.11748967319726944, altitude : 584.0899658203125, lat : -353632621, lng : 1491652374}
ahrs AHRS2 {roll : 0.0017330478876829147, pitch : 0.0015026867622509599, yaw : -0.11749424040317535, altitude : 584.0899658203125, lat : -353632621, lng : 1491652374}
ahrs AHRS2 {roll : 0.0017358611803501844, pitch : 0.0015037587145343423, yaw : -0.11751039326190948, altitude : 584.0899658203125, lat : -353632621, lng : 1491652374}
ahrs AHRS2 {roll : 0.001738223247230053, pitch : 0.0015017814002931118, yaw : -0.11752570420503616, altitude : 584.0899658203125, lat : -353632621, lng : 1491652374}
ahrs AHRS2 {roll : 0.0017401836812496185, pitch : 0.001504577579908073, yaw : -0.11752951145172119, altitude : 584.0899658203125, lat : -353632621, lng : 1491652374}
ahrs AHRS2 {roll : 0.0017421209486201406, pitch : 0.0015058432472869754, yaw : -0.11754649132490158, altitude : 584.0899658203125, lat : -353632621, lng : 1491652374}
ahrs AHRS2 {roll : 0.0017440542578697205, pitch : 0.0015064459294080734, yaw : -0.11756236106157303, altitude : 584.0899658203125, lat : -353632621, lng : 1491652374}
ahrs AHRS2 {roll : 0.001744806650094688, pitch : 0.0015078427968546748, yaw : -0.1175696849822998, altitude : 584.0899658203125, lat : -353632621, lng : 1491652374}
ahrs AHRS2 {roll : 0.0017447795253247023, pitch : 0.0015086234780028462, yaw : -0.11758710443973541, altitude : 584.0899658203125, lat : -353632621, lng : 1491652374}
ahrs AHRS2 {roll : 0.001745605026371777, pitch : 0.0015118320006877184, yaw : -0.11760565638542175, altitude : 584.0899658203125, lat : -353632621, lng : 1491652374}
ahrs AHRS2 {roll : 0.0017445891862735152, pitch : 0.0015135841676965356, yaw : -0.11760925501585007, altitude : 584.0899658203125, lat : -353632621, lng : 1491652374}
ahrs AHRS2 {roll : 0.0017462755786255002, pitch : 0.0015130803221836686, yaw : -0.11762584000825882, altitude : 584.0899658203125, lat : -353632621, lng : 1491652374}
ahrs AHRS2 {roll : 0.0017475145868957043, pitch : 0.0015116746071726084, yaw : -0.11764299124479294, altitude : 584.0899658203125, lat : -353632621, lng : 1491652374}
ahrs AHRS2 {roll : 0.0017461231909692287, pitch : 0.0015124095370993018, yaw : -0.1176467016339302, altitude : 584.0899658203125, lat : -353632621, lng : 1491652374}
ahrs AHRS2 {roll : 0.0017467493889853358, pitch : 0.0015151541447266936, yaw : -0.11766025424003601, altitude : 584.0899658203125, lat : -353632621, lng : 1491652374}
ahrs AHRS2 {roll : 0.001746336231008172, pitch : 0.0015143670607358217, yaw : -0.11768043786287308, altitude : 584.0899658203125, lat : -353632621, lng : 1491652374}
ahrs AHRS2 {roll : 0.0017468123696744442, pitch : 0.0015158363385125995, yaw : -0.11768348515033722, altitude : 584.0899658203125, lat : -353632621, lng : 1491652374}
ahrs AHRS2 {roll : 0.001747477799654007, pitch : 0.0015178753528743982, yaw : -0.1176953986287117, altitude : 584.0899658203125, lat : -353632621, lng : 1491652374}
ahrs AHRS2 {roll : 0.0017474201740697026, pitch : 0.0015183520736172795, yaw : -0.11771320551633835, altitude : 584.0899658203125, lat : -353632621, lng : 1491652374}
ahrs AHRS2 {roll : 0.0017496864311397076, pitch : 0.0015206049429252744, yaw : -0.1177191361784935, altitude : 584.0899658203125, lat : -353632621, lng : 1491652374}
ahrs AHRS2 {roll : 0.0017490290338173509, pitch : 0.0015202750219032168, yaw : -0.11773120611906052, altitude : 584.0899658203125, lat : -353632621, lng : 1491652374}
ahrs AHRS2 {roll : 0.0017509963363409042, pitch : 0.0015213275328278542, yaw : -0.11774884164333344, altitude : 584.0899658203125, lat : -353632621, lng : 1491652374}
ahrs AHRS2 {roll : 0.0017508596647530794, pitch : 0.0015229562995955348, yaw : -0.11775398999452591, altitude : 584.0899658203125, lat : -353632621, lng : 1491652374}
ahrs AHRS2 {roll : 0.0017512207850813866, pitch : 0.0015249402495101094, yaw : -0.11776405572891235, altitude : 584.0899658203125, lat : -353632621, lng : 1491652374}
ahrs AHRS2 {roll : 0.001751076546497643, pitch : 0.0015263693640008569, yaw : -0.11778400093317032, altitude : 584.0899658203125, lat : -353632621, lng : 1491652374}
ahrs AHRS2 {roll : 0.0017520496621727943, pitch : 0.001527354121208191, yaw : -0.1177898421883583, altitude : 584.0899658203125, lat : -353632621, lng : 1491652374}
ahrs AHRS2 {roll : 0.0017532544443383813, pitch : 0.001527844462543726, yaw : -0.11780043691396713, altitude : 584.0899658203125, lat : -353632621, lng : 1491652374}
ahrs AHRS2 {roll : 0.0017533048521727324, pitch : 0.00152804225217551, yaw : -0.11781740933656693, altitude : 584.0899658203125, lat : -353632621, lng : 1491652374}
ahrs AHRS2 {roll : 0.00175392534583807, pitch : 0.001528928056359291, yaw : -0.11782091110944748, altitude : 584.0899658203125, lat : -353632621, lng : 1491652374}
ahrs AHRS2 {roll : 0.0017559152329340577, pitch : 0.0015277949860319495, yaw : -0.11783064156770706, altitude : 584.0899658203125, lat : -353632621, lng : 1491652374}
ahrs AHRS2 {roll : 0.0017564058071002364, pitch : 0.00152753631118685, yaw : -0.11784955114126205, altitude : 584.0899658203125, lat : -353632621, lng : 1491652374}
ahrs AHRS2 {roll : 0.0017569978954270482, pitch : 0.0015299482038244605, yaw : -0.11785289645195007, altitude : 584.0899658203125, lat : -353632621, lng : 1491652374}
ahrs AHRS2 {roll : 0.001758736907504499, pitch : 0.0015293319011107087, yaw : -0.11785872280597687, altitude : 584.0899658203125, lat : -353632621, lng : 1491652374}
ahrs AHRS2 {roll : 0.0017582726432010531, pitch : 0.0015305669512599707, yaw : -0.11787841469049454, altitude : 584.0899658203125, lat : -353632621, lng : 1491652374}
ahrs AHRS2 {roll : 0.0017579455161467195, pitch : 0.0015310178278014064, yaw : -0.11788395047187805, altitude : 584.0899658203125, lat : -353632621, lng : 1491652374}
ahrs AHRS2 {roll : 0.0017597986152395606, pitch : 0.0015332683688029647, yaw : -0.11789156496524811, altitude : 584.0899658203125, lat : -353632621, lng : 1491652374}
ahrs AHRS2 {roll : 0.0017613550880923867, pitch : 0.0015327570727095008, yaw : -0.11791002005338669, altitude : 584.0899658203125, lat : -353632621, lng : 1491652374}
ahrs AHRS2 {roll : 0.0017638910794630647, pitch : 0.0015346728032454848, yaw : -0.1179165318608284, altitude : 584.0899658203125, lat : -353632621, lng : 1491652374}
ahrs AHRS2 {roll : 0.00176536466460675, pitch : 0.0015339321689680219, yaw : -0.11792130768299103, altitude : 584.0899658203125, lat : -353632621, lng : 1491652374}
ahrs AHRS2 {roll : 0.0017643943428993225, pitch : 0.0015371290501207113, yaw : -0.11794273555278778, altitude : 584.0899658203125, lat : -353632621, lng : 1491652374}
ahrs AHRS2 {roll : 0.0017679388402029872, pitch : 0.0015378330135717988, yaw : -0.11794814467430115, altitude : 584.0899658203125, lat : -353632621, lng : 1491652374}
ahrs AHRS2 {roll : 0.001769696711562574, pitch : 0.001541679142974317, yaw : -0.11795087903738022, altitude : 584.0899658203125, lat : -353632621, lng : 1491652374}
ahrs AHRS2 {roll : 0.0017720512114465237, pitch : 0.0015455469256266952, yaw : -0.11797118932008743, altitude : 584.0899658203125, lat : -353632621, lng : 1491652374}
ahrs AHRS2 {roll : 0.0017710191896185279, pitch : 0.001547665917314589, yaw : -0.11797694116830826, altitude : 584.0899658203125, lat : -353632621, lng : 1491652374}
ahrs AHRS2 {roll : 0.0017725403886288404, pitch : 0.0015483656898140907, yaw : -0.11798115819692612, altitude : 584.0899658203125, lat : -353632621, lng : 1491652374}
ahrs AHRS2 {roll : 0.0017756451852619648, pitch : 0.0015488234348595142, yaw : -0.11800086498260498, altitude : 584.0899658203125, lat : -353632621, lng : 1491652374}
ahrs AHRS2 {roll : 0.0017765742959454656, pitch : 0.001549438340589404, yaw : -0.11800674349069595, altitude : 584.0899658203125, lat : -353632621, lng : 1491652374}
ahrs AHRS2 {roll : 0.0017766507808119059, pitch : 0.0015487286727875471, yaw : -0.11800886690616608, altitude : 584.0899658203125, lat : -353632621, lng : 1491652374}
ahrs AHRS2 {roll : 0.0017776028253138065, pitch : 0.0015497973654419184, yaw : -0.11802828311920166, altitude : 584.0899658203125, lat : -353632621, lng : 1491652374}
ahrs AHRS2 {roll : 0.0017770203994587064, pitch : 0.0015522022731602192, yaw : -0.11803612858057022, altitude : 584.0899658203125, lat : -353632621, lng : 1491652374}
ahrs AHRS2 {roll : 0.001779779908247292, pitch : 0.0015544664347544312, yaw : -0.11803922802209854, altitude : 584.0899658203125, lat : -353632621, lng : 1491652374}
ahrs AHRS2 {roll : 0.001781420549377799, pitch : 0.0015580488834530115, yaw : -0.11805915832519531, altitude : 584.0899658203125, lat : -353632621, lng : 1491652374}
ahrs AHRS2 {roll : 0.0017844962421804667, pitch : 0.0015587428351864219, yaw : -0.11806552112102509, altitude : 584.0899658203125, lat : -353632621, lng : 1491652374}
ahrs AHRS2 {roll : 0.0017854818142950535, pitch : 0.001558551681227982, yaw : -0.11806560307741165, altitude : 584.0899658203125, lat : -353632621, lng : 1491652374}
ahrs AHRS2 {roll : 0.0017869999865069985, pitch : 0.0015608846442773938, yaw : -0.11808952689170837, altitude : 584.0899658203125, lat : -353632621, lng : 1491652374}
ahrs AHRS2 {roll : 0.0017890585586428642, pitch : 0.0015612522838637233, yaw : -0.11809498071670532, altitude : 584.0899658203125, lat : -353632621, lng : 1491652374}
ahrs AHRS2 {roll : 0.001791664632037282, pitch : 0.00156290247105062, yaw : -0.11809322983026505, altitude : 584.0899658203125, lat : -353632621, lng : 1491652374}
ahrs AHRS2 {roll : 0.0017913281917572021, pitch : 0.0015651837456971407, yaw : -0.11811493337154388, altitude : 584.0899658203125, lat : -353632621, lng : 1491652374}
ahrs AHRS2 {roll : 0.0017924954881891608, pitch : 0.0015658197226002812, yaw : -0.11812293529510498, altitude : 584.0899658203125, lat : -353632621, lng : 1491652374}
ahrs AHRS2 {roll : 0.0017942781560122967, pitch : 0.0015672477893531322, yaw : -0.11812224239110947, altitude : 584.0899658203125, lat : -353632621, lng : 1491652374}
ahrs AHRS2 {roll : 0.0017964027356356382, pitch : 0.0015693199820816517, yaw : -0.1181454285979271, altitude : 584.0899658203125, lat : -353632621, lng : 1491652374}
ahrs AHRS2 {roll : 0.001798343611881137, pitch : 0.0015699643408879638, yaw : -0.11815294623374939, altitude : 584.0899658203125, lat : -353632621, lng : 1491652374}
ahrs AHRS2 {roll : 0.0018007128965109587, pitch : 0.0015708035789430141, yaw : -0.11815181374549866, altitude : 584.0899658203125, lat : -353632621, lng : 1491652374}
ahrs AHRS2 {roll : 0.0018013789085671306, pitch : 0.0015724211698397994, yaw : -0.11817476898431778, altitude : 584.0899658203125, lat : -353632621, lng : 1491652374}
ahrs AHRS2 {roll : 0.0018013042863458395, pitch : 0.001573304645717144, yaw : -0.11818201839923859, altitude : 584.0899658203125, lat : -353632621, lng : 1491652374}
ahrs AHRS2 {roll : 0.0018056555418297648, pitch : 0.0015738504007458687, yaw : -0.11817874759435654, altitude : 584.0899658203125, lat : -353632621, lng : 1491652374}
ahrs AHRS2 {roll : 0.0018092256505042315, pitch : 0.0015750456368550658, yaw : -0.11819974333047867, altitude : 584.0899658203125, lat : -353632621, lng : 1491652374}
ahrs AHRS2 {roll : 0.0018092698883265257, pitch : 0.0015756491338834167, yaw : -0.11820650845766068, altitude : 584.0899658203125, lat : -353632621, lng : 1491652374}
ahrs AHRS2 {roll : 0.0018102643080055714, pitch : 0.001576787093654275, yaw : -0.11820618063211441, altitude : 584.0899658203125, lat : -353632621, lng : 1491652374}
ahrs AHRS2 {roll : 0.0018121929606422782, pitch : 0.0015779496170580387, yaw : -0.11822915077209473, altitude : 584.0899658203125, lat : -353632621, lng : 1491652374}
ahrs AHRS2 {roll : 0.0018157371086999774, pitch : 0.0015799447428435087, yaw : -0.1182381734251976, altitude : 584.0899658203125, lat : -353632621, lng : 1491652374}
ahrs AHRS2 {roll : 0.0018177820602431893, pitch : 0.0015818275278434157, yaw : -0.11823450028896332, altitude : 584.0899658203125, lat : -353632621, lng : 1491652374}
ahrs AHRS2 {roll : 0.0018178020836785436, pitch : 0.0015830862103030086, yaw : -0.11825535446405411, altitude : 584.0899658203125, lat : -353632621, lng : 1491652374}
ahrs AHRS2 {roll : 0.0018180989427492023, pitch : 0.0015829093754291534, yaw : -0.11826532334089279, altitude : 584.0899658203125, lat : -353632621, lng : 1491652374}
ahrs AHRS2 {roll : 0.0018187339883297682, pitch : 0.0015855733072385192, yaw : -0.11826454848051071, altitude : 584.0899658203125, lat : -353632621, lng : 1491652374}
ahrs AHRS2 {roll : 0.001822497695684433, pitch : 0.0015875380486249924, yaw : -0.11828643828630447, altitude : 584.0899658203125, lat : -353632621, lng : 1491652374}
ahrs AHRS2 {roll : 0.0018240736098960042, pitch : 0.0015887095360085368, yaw : -0.11829608678817749, altitude : 584.0899658203125, lat : -353632621, lng : 1491652374}
ahrs AHRS2 {roll : 0.0018263609381392598, pitch : 0.0015888509806245565, yaw : -0.11829260736703873, altitude : 584.0899658203125, lat : -353632621, lng : 1491652374}
ahrs AHRS2 {roll : 0.001826204708777368, pitch : 0.0015909895300865173, yaw : -0.11831291764974594, altitude : 584.0899658203125, lat : -353632621, lng : 1491652374}
ahrs AHRS2 {roll : 0.0018258359050378203, pitch : 0.0015926975756883621, yaw : -0.11832113564014435, altitude : 584.0899658203125, lat : -353632621, lng : 1491652374}
ahrs AHRS2 {roll : 0.0018276060000061989, pitch : 0.0015949402004480362, yaw : -0.11832202225923538, altitude : 584.0899658203125, lat : -353632621, lng : 1491652374}
ahrs AHRS2 {roll : 0.001829020562581718, pitch : 0.0015961778117343783, yaw : -0.11834217607975006, altitude : 584.0899658203125, lat : -353632621, lng : 1491652374}
ahrs AHRS2 {roll : 0.0018307944992557168, pitch : 0.0015963611658662558, yaw : -0.1183517649769783, altitude : 584.0899658203125, lat : -353632621, lng : 1491652374}
ahrs AHRS2 {roll : 0.0018317099893465638, pitch : 0.00159571529366076, yaw : -0.11835169792175293, altitude : 584.0899658203125, lat : -353632621, lng : 1491652374}
ahrs AHRS2 {roll : 0.0018338436493650079, pitch : 0.0015976025024428964, yaw : -0.11836782097816467, altitude : 584.0899658203125, lat : -353632621, lng : 1491652374}
ahrs AHRS2 {roll : 0.0018331656465306878, pitch : 0.0016018711030483246, yaw : -0.11837863177061081, altitude : 584.0899658203125, lat : -353632621, lng : 1491652374}
ahrs AHRS2 {roll : 0.0018363873241469264, pitch : 0.0016018833266571164, yaw : -0.11837698519229889, altitude : 584.0899658203125, lat : -353632621, lng : 1491652374}
ahrs AHRS2 {roll : 0.0018373598577454686, pitch : 0.0016041537746787071, yaw : -0.11839114874601364, altitude : 584.0899658203125, lat : -353632621, lng : 1491652374}
ahrs AHRS2 {roll : 0.0018368384335190058, pitch : 0.0016053862636908889, yaw : -0.11840207874774933, altitude : 584.0899658203125, lat : -353632621, lng : 1491652374}
ahrs AHRS2 {roll : 0.0018386138835921884, pitch : 0.00160808430518955, yaw : -0.11840131878852844, altitude : 584.0899658203125, lat : -353632621, lng : 1491652374}
ahrs AHRS2 {roll : 0.0018383340211585164, pitch : 0.0016088018892332911, yaw : -0.11841679364442825, altitude : 584.0899658203125, lat : -353632621, lng : 1491652374}
ahrs AHRS2 {roll : 0.0018396013183519244, pitch : 0.0016106509137898684, yaw : -0.11842586100101471, altitude : 584.0899658203125, lat : -353632621, lng : 1491652374}
ahrs AHRS2 {roll : 0.0018415107624605298, pitch : 0.0016140673542395234, yaw : -0.11842511594295502, altitude : 584.0899658203125, lat : -353632621, lng : 1491652374}
ahrs AHRS2 {roll : 0.001843361766077578, pitch : 0.0016159110236912966, yaw : -0.11843989789485931, altitude : 584.0899658203125, lat : -353632621, lng : 1491652374}
ahrs AHRS2 {roll : 0.0018448008922860026, pitch : 0.001618970651179552, yaw : -0.11845116317272186, altitude : 584.0899658203125, lat : -353632621, lng : 1491652374}
ahrs AHRS2 {roll : 0.0018468581838533282, pitch : 0.0016225043218582869, yaw : -0.11844798922538757, altitude : 584.0899658203125, lat : -353632621, lng : 1491652374}
ahrs AHRS2 {roll : 0.00184879289008677, pitch : 0.0016255290247499943, yaw : -0.11846287548542023, altitude : 584.0899658203125, lat : -353632621, lng : 1491652374}
ahrs AHRS2 {roll : 0.001848558895289898, pitch : 0.0016259851399809122, yaw : -0.11847317218780518, altitude : 584.0899658203125, lat : -353632621, lng : 1491652374}
ahrs AHRS2 {roll : 0.0018498681019991636, pitch : 0.0016260730335488915, yaw : -0.11847411096096039, altitude : 584.0899658203125, lat : -353632621, lng : 1491652374}
ahrs AHRS2 {roll : 0.0018520962912589312, pitch : 0.0016296333633363247, yaw : -0.11848774552345276, altitude : 584.0899658203125, lat : -353632621, lng : 1491652374}
ahrs AHRS2 {roll : 0.0018532676622271538, pitch : 0.0016333137173205614, yaw : -0.11849700659513474, altitude : 584.0899658203125, lat : -353632621, lng : 1491652374}
ahrs AHRS2 {roll : 0.0018548558000475168, pitch : 0.0016361897578462958, yaw : -0.11849641799926758, altitude : 584.0899658203125, lat : -353632621, lng : 1491652374}
ahrs AHRS2 {roll : 0.0018546883948147297, pitch : 0.001636357745155692, yaw : -0.11851140111684799, altitude : 584.0899658203125, lat : -353632621, lng : 1491652374}
ahrs AHRS2 {roll : 0.0018571707187220454, pitch : 0.0016386668430641294, yaw : -0.11852218955755234, altitude : 584.0899658203125, lat : -353632621, lng : 1491652374}
ahrs AHRS2 {roll : 0.0018570410320535302, pitch : 0.001641753944568336, yaw : -0.11852365732192993, altitude : 584.0899658203125, lat : -353632621, lng : 1491652374}
ahrs AHRS2 {roll : 0.0018590056570246816, pitch : 0.0016429167008027434, yaw : -0.11853628605604172, altitude : 584.0899658203125, lat : -353632621, lng : 1491652374}
ahrs AHRS2 {roll : 0.001862910808995366, pitch : 0.001645143493078649, yaw : -0.11854815483093262, altitude : 584.0899658203125, lat : -353632621, lng : 1491652374}
ahrs AHRS2 {roll : 0.0018646926619112492, pitch : 0.0016462611965835094, yaw : -0.11854831129312515, altitude : 584.0899658203125, lat : -353632621, lng : 1491652374}
ahrs AHRS2 {roll : 0.0018669249257072806, pitch : 0.0016465000808238983, yaw : -0.11855901032686234, altitude : 584.0899658203125, lat : -353632621, lng : 1491652374}
ahrs AHRS2 {roll : 0.001868728781118989, pitch : 0.001648017205297947, yaw : -0.11857010424137115, altitude : 584.0899658203125, lat : -353632621, lng : 1491652374}
ahrs AHRS2 {roll : 0.0018707812996581197, pitch : 0.0016499304911121726, yaw : -0.11856868863105774, altitude : 584.0899658203125, lat : -353632621, lng : 1491652374}
ahrs AHRS2 {roll : 0.0018736051861196756, pitch : 0.0016511200228706002, yaw : -0.11857646703720093, altitude : 584.0899658203125, lat : -353632621, lng : 1491652374}
ahrs AHRS2 {roll : 0.0018759043887257576, pitch : 0.001653532381169498, yaw : -0.1185879036784172, altitude : 584.0899658203125, lat : -353632621, lng : 1491652374}
ahrs AHRS2 {roll : 0.0018783682025969028, pitch : 0.001655933796428144, yaw : -0.11858976632356644, altitude : 584.0899658203125, lat : -353632621, lng : 1491652374}
ahrs AHRS2 {roll : 0.0018830684712156653, pitch : 0.0016581682721152902, yaw : -0.11859692633152008, altitude : 584.0899658203125, lat : -353632621, lng : 1491652374}
ahrs AHRS2 {roll : 0.0018839376280084252, pitch : 0.0016623170813545585, yaw : -0.11861159652471542, altitude : 584.0899658203125, lat : -353632621, lng : 1491652374}
ahrs AHRS2 {roll : 0.0018858970142900944, pitch : 0.0016631936887279153, yaw : -0.11861130595207214, altitude : 584.0899658203125, lat : -353632621, lng : 1491652374}
ahrs AHRS2 {roll : 0.0018892127554863691, pitch : 0.0016668325988575816, yaw : -0.11861883848905563, altitude : 584.0899658203125, lat : -353632621, lng : 1491652374}
ahrs AHRS2 {roll : 0.0018922227900475264, pitch : 0.0016672167694196105, yaw : -0.11863052099943161, altitude : 584.0899658203125, lat : -353632621, lng : 1491652374}
ahrs AHRS2 {roll : 0.0018931316444650292, pitch : 0.001670237397775054, yaw : -0.11863140016794205, altitude : 584.0899658203125, lat : -353632621, lng : 1491652374}
ahrs AHRS2 {roll : 0.0018933904357254505, pitch : 0.0016741064609959722, yaw : -0.11864163726568222, altitude : 584.0899658203125, lat : -353632621, lng : 1491652374}
ahrs AHRS2 {roll : 0.001895496970973909, pitch : 0.001675708801485598, yaw : -0.11865351349115372, altitude : 584.0899658203125, lat : -353632621, lng : 1491652374}
ahrs AHRS2 {roll : 0.001898348331451416, pitch : 0.0016773261595517397, yaw : -0.11865376681089401, altitude : 584.0899658203125, lat : -353632621, lng : 1491652374}
ahrs AHRS2 {roll : 0.0018999319290742278, pitch : 0.001678929547779262, yaw : -0.11866341531276703, altitude : 584.0899658203125, lat : -353632621, lng : 1491652374}
ahrs AHRS2 {roll : 0.001901571755297482, pitch : 0.001680562854744494, yaw : -0.11867673695087433, altitude : 584.0899658203125, lat : -353632621, lng : 1491652374}
ahrs AHRS2 {roll : 0.001902907621115446, pitch : 0.001682535745203495, yaw : -0.11868888884782791, altitude : 584.0899658203125, lat : -353632621, lng : 1491652374}
ahrs AHRS2 {roll : 0.0019007178489118814, pitch : 0.0016822231700643897, yaw : -0.11871065944433212, altitude : 584.0899658203125, lat : -353632621, lng : 1491652374}
ahrs AHRS2 {roll : 0.0018997134175151587, pitch : 0.0016812409739941359, yaw : -0.11873988807201385, altitude : 584.0899658203125, lat : -353632621, lng : 1491652374}
ahrs AHRS2 {roll : 0.0019014565041288733, pitch : 0.001677884254604578, yaw : -0.11875638365745544, altitude : 584.0899658203125, lat : -353632621, lng : 1491652374}
ahrs AHRS2 {roll : 0.0019011846743524075, pitch : 0.00167728157248348, yaw : -0.11877501010894775, altitude : 584.0899658203125, lat : -353632621, lng : 1491652374}
ahrs AHRS2 {roll : 0.0019018432358279824, pitch : 0.001677328604273498, yaw : -0.11880616098642349, altitude : 584.0899658203125, lat : -353632621, lng : 1491652374}
ahrs AHRS2 {roll : 0.0018998044542968273, pitch : 0.0016765902983024716, yaw : -0.11882235109806061, altitude : 584.0899658203125, lat : -353632621, lng : 1491652374}
ahrs AHRS2 {roll : 0.0018991391407325864, pitch : 0.0016760207945480943, yaw : -0.11884140223264694, altitude : 584.0899658203125, lat : -353632621, lng : 1491652374}
ahrs AHRS2 {roll : 0.0018983735935762525, pitch : 0.001675217878073454, yaw : -0.11887145787477493, altitude : 584.0899658203125, lat : -353632621, lng : 1491652374}
ahrs AHRS2 {roll : 0.0018978931475430727, pitch : 0.0016731229843571782, yaw : -0.11888772249221802, altitude : 584.0899658203125, lat : -353632621, lng : 1491652374}
ahrs AHRS2 {roll : 0.0018979625310748816, pitch : 0.001673785736784339, yaw : -0.11890833079814911, altitude : 584.0899658203125, lat : -353632621, lng : 1491652374}
ahrs AHRS2 {roll : 0.0018992231925949454, pitch : 0.00167181680444628, yaw : -0.11894065886735916, altitude : 584.0899658203125, lat : -353632621, lng : 1491652374}
ahrs AHRS2 {roll : 0.001899499213322997, pitch : 0.001670975354500115, yaw : -0.11895782500505447, altitude : 584.0899658203125, lat : -353632621, lng : 1491652374}
ahrs AHRS2 {roll : 0.0018987315706908703, pitch : 0.0016709385672584176, yaw : -0.11897547543048859, altitude : 584.0899658203125, lat : -353632621, lng : 1491652374}
ahrs AHRS2 {roll : 0.001897888956591487, pitch : 0.0016711296048015356, yaw : -0.11900342255830765, altitude : 584.0899658203125, lat : -353632621, lng : 1491652374}
ahrs AHRS2 {roll : 0.0018974998965859413, pitch : 0.0016707305330783129, yaw : -0.119022436439991, altitude : 584.0899658203125, lat : -353632621, lng : 1491652374}
ahrs AHRS2 {roll : 0.0018958639120683074, pitch : 0.0016708967741578817, yaw : -0.11904140561819077, altitude : 584.0899658203125, lat : -353632621, lng : 1491652374}
ahrs AHRS2 {roll : 0.0018956594867631793, pitch : 0.0016710025956854224, yaw : -0.11907254904508591, altitude : 584.0899658203125, lat : -353632621, lng : 1491652374}
ahrs AHRS2 {roll : 0.0018975490238517523, pitch : 0.0016716904938220978, yaw : -0.11909130960702896, altitude : 584.0899658203125, lat : -353632621, lng : 1491652374}
ahrs AHRS2 {roll : 0.001899066148325801, pitch : 0.0016709382180124521, yaw : -0.11910736560821533, altitude : 584.0899658203125, lat : -353632621, lng : 1491652374}
ahrs AHRS2 {roll : 0.0018989722011610866, pitch : 0.0016724845627322793, yaw : -0.11913961917161942, altitude : 584.0899658203125, lat : -353632621, lng : 1491652374}
ahrs AHRS2 {roll : 0.001897852518595755, pitch : 0.0016722329892218113, yaw : -0.11915631592273712, altitude : 584.0899658203125, lat : -353632621, lng : 1491652374}
ahrs AHRS2 {roll : 0.0018981753382831812, pitch : 0.001673904829658568, yaw : -0.11916834861040115, altitude : 584.0899658203125, lat : -353632621, lng : 1491652374}
ahrs AHRS2 {roll : 0.0018989677773788571, pitch : 0.0016751649091020226, yaw : -0.11919824779033661, altitude : 584.0899658203125, lat : -353632621, lng : 1491652374}
ahrs AHRS2 {roll : 0.0018985038623213768, pitch : 0.0016744040185585618, yaw : -0.11921730637550354, altitude : 584.0899658203125, lat : -353632621, lng : 1491652374}
ahrs AHRS2 {roll : 0.001899669412523508, pitch : 0.0016739581478759646, yaw : -0.1192302480340004, altitude : 584.0899658203125, lat : -353632621, lng : 1491652374}
ahrs AHRS2 {roll : 0.0018981611356139183, pitch : 0.0016741978470236063, yaw : -0.11926106363534927, altitude : 584.0899658203125, lat : -353632621, lng : 1491652374}
ahrs AHRS2 {roll : 0.0018964899936690927, pitch : 0.0016746470937505364, yaw : -0.11928049474954605, altitude : 584.0899658203125, lat : -353632621, lng : 1491652374}
ahrs AHRS2 {roll : 0.0018971387762576342, pitch : 0.0016722989967092872, yaw : -0.11929171532392502, altitude : 584.0899658203125, lat : -353632621, lng : 1491652374}
ahrs AHRS2 {roll : 0.001899848459288478, pitch : 0.0016727488255128264, yaw : -0.11932399868965149, altitude : 584.0899658203125, lat : -353632621, lng : 1491652374}
ahrs AHRS2 {roll : 0.0019009290263056755, pitch : 0.0016731589566916227, yaw : -0.11933884769678116, altitude : 584.0899658203125, lat : -353632621, lng : 1491652374}
ahrs AHRS2 {roll : 0.0019020007457584143, pitch : 0.0016733789816498756, yaw : -0.11935079097747803, altitude : 584.0899658203125, lat : -353632621, lng : 1491652374}
ahrs AHRS2 {roll : 0.001902980962768197, pitch : 0.0016751278890296817, yaw : -0.11938177049160004, altitude : 584.0899658203125, lat : -353632621, lng : 1491652374}
ahrs AHRS2 {roll : 0.001905115437693894, pitch : 0.0016751830698922276, yaw : -0.11939983814954758, altitude : 584.0899658203125, lat : -353632621, lng : 1491652374}
ahrs AHRS2 {roll : 0.001905582146719098, pitch : 0.001676489831879735, yaw : -0.11941175907850266, altitude : 584.0899658203125, lat : -353632621, lng : 1491652374}
ahrs AHRS2 {roll : 0.0019057715544477105, pitch : 0.0016788527136668563, yaw : -0.11944247782230377, altitude : 584.0899658203125, lat : -353632621, lng : 1491652374}
ahrs AHRS2 {roll : 0.0019074789015576243, pitch : 0.0016795111587271094, yaw : -0.11946161836385727, altitude : 584.0899658203125, lat : -353632621, lng : 1491652374}
ahrs AHRS2 {roll : 0.0019079471239820123, pitch : 0.001678945729508996, yaw : -0.11946999281644821, altitude : 584.0899658203125, lat : -353632621, lng : 1491652374}
ahrs AHRS2 {roll : 0.0019072144059464335, pitch : 0.001680621411651373, yaw : -0.11950168758630753, altitude : 584.0899658203125, lat : -353632621, lng : 1491652374}
ahrs AHRS2 {roll : 0.0019088032422587276, pitch : 0.0016777673736214638, yaw : -0.11952144652605057, altitude : 584.0899658203125, lat : -353632621, lng : 1491652374}
ahrs AHRS2 {roll : 0.0019097764743492007, pitch : 0.0016782693564891815, yaw : -0.11953073740005493, altitude : 584.0899658203125, lat : -353632621, lng : 1491652374}
ahrs AHRS2 {roll : 0.0019101514481008053, pitch : 0.0016768575878813863, yaw : -0.11956161260604858, altitude : 584.0899658203125, lat : -353632621, lng : 1491652374}
ahrs AHRS2 {roll : 0.0019103322410956025, pitch : 0.0016754856333136559, yaw : -0.11958035826683044, altitude : 584.0899658203125, lat : -353632621, lng : 1491652374}
ahrs AHRS2 {roll : 0.001910134218633175, pitch : 0.001677504158578813, yaw : -0.11959094554185867, altitude : 584.0899658203125, lat : -353632621, lng : 1491652374}
ahrs AHRS2 {roll : 0.00191091641318053, pitch : 0.0016783935716375709, yaw : -0.1196201965212822, altitude : 584.0899658203125, lat : -353632621, lng : 1491652374}
ahrs AHRS2 {roll : 0.0019087925320491195, pitch : 0.0016777936834841967, yaw : -0.11963747441768646, altitude : 584.0899658203125, lat : -353632621, lng : 1491652374}
ahrs AHRS2 {roll : 0.0019083828665316105, pitch : 0.0016781078884378076, yaw : -0.11964728683233261, altitude : 584.0899658203125, lat : -353632621, lng : 1491652374}
ahrs AHRS2 {roll : 0.0019085961394011974, pitch : 0.0016804386395961046, yaw : -0.11967726796865463, altitude : 584.0899658203125, lat : -353632621, lng : 1491652374}
ahrs AHRS2 {roll : 0.0019084231462329626, pitch : 0.0016830329550430179, yaw : -0.11969397217035294, altitude : 584.0899658203125, lat : -353632621, lng : 1491652374}
ahrs AHRS2 {roll : 0.0019100726349279284, pitch : 0.0016842689365148544, yaw : -0.11970466375350952, altitude : 584.0899658203125, lat : -353632621, lng : 1491652374}
ahrs AHRS2 {roll : 0.0019087344408035278, pitch : 0.001683425041846931, yaw : -0.11973532289266586, altitude : 584.0899658203125, lat : -353632621, lng : 1491652374}
ahrs AHRS2 {roll : 0.0019098642515018582, pitch : 0.0016834979178383946, yaw : -0.11975197494029999, altitude : 584.0899658203125, lat : -353632621, lng : 1491652374}
ahrs AHRS2 {roll : 0.001909926300868392, pitch : 0.0016850519459694624, yaw : -0.11976151168346405, altitude : 584.0899658203125, lat : -353632621, lng : 1491652374}
ahrs AHRS2 {roll : 0.0019110263092443347, pitch : 0.001685228431597352, yaw : -0.1197885051369667, altitude : 584.0899658203125, lat : -353632621, lng : 1491652374}
ahrs AHRS2 {roll : 0.001910870661959052, pitch : 0.0016855521826073527, yaw : -0.11980772018432617, altitude : 584.0899658203125, lat : -353632621, lng : 1491652374}
ahrs AHRS2 {roll : 0.0019118239870294929, pitch : 0.0016877633752301335, yaw : -0.11981811374425888, altitude : 584.0899658203125, lat : -353632621, lng : 1491652374}
ahrs AHRS2 {roll : 0.0019130444852635264, pitch : 0.0016870599938556552, yaw : -0.1198434829711914, altitude : 584.0899658203125, lat : -353632621, lng : 1491652374}
ahrs AHRS2 {roll : 0.0019129844149574637, pitch : 0.0016895419685170054, yaw : -0.11985969543457031, altitude : 584.0899658203125, lat : -353632621, lng : 1491652374}
ahrs AHRS2 {roll : 0.0019145658006891608, pitch : 0.0016890211263671517, yaw : -0.11986957490444183, altitude : 584.0899658203125, lat : -353632621, lng : 1491652374}
ahrs AHRS2 {roll : 0.0019142301753163338, pitch : 0.0016903021605685353, yaw : -0.11989445984363556, altitude : 584.0899658203125, lat : -353632621, lng : 1491652374}
ahrs AHRS2 {roll : 0.0019160343799740076, pitch : 0.0016895364969968796, yaw : -0.11991439759731293, altitude : 584.0899658203125, lat : -353632621, lng : 1491652374}
ahrs AHRS2 {roll : 0.0019167589489370584, pitch : 0.0016887702513486147, yaw : -0.11992441117763519, altitude : 584.0899658203125, lat : -353632621, lng : 1491652374}
ahrs AHRS2 {roll : 0.0019168350845575333, pitch : 0.0016889836406335235, yaw : -0.11994703859090805, altitude : 584.0899658203125, lat : -353632621, lng : 1491652374}
ahrs AHRS2 {roll : 0.0019175078487023711, pitch : 0.0016867697704583406, yaw : -0.11996682733297348, altitude : 584.0899658203125, lat : -353632621, lng : 1491652374}
ahrs AHRS2 {roll : 0.0019192690961062908, pitch : 0.00168665184173733, yaw : -0.11997652798891068, altitude : 584.0899658203125, lat : -353632621, lng : 1491652374}
ahrs AHRS2 {roll : 0.0019200275419279933, pitch : 0.001686256262473762, yaw : -0.1199999451637268, altitude : 584.0899658203125, lat : -353632621, lng : 1491652374}
ahrs AHRS2 {roll : 0.0019190543098375201, pitch : 0.0016826172359287739, yaw : -0.12001965194940567, altitude : 584.0899658203125, lat : -353632621, lng : 1491652374}
ahrs AHRS2 {roll : 0.0019196058856323361, pitch : 0.0016831072280183434, yaw : -0.12003118544816971, altitude : 584.0899658203125, lat : -353632621, lng : 1491652374}
ahrs AHRS2 {roll : 0.001920054666697979, pitch : 0.0016833683475852013, yaw : -0.12005389481782913, altitude : 584.0899658203125, lat : -353632621, lng : 1491652374}
ahrs AHRS2 {roll : 0.0019210770260542631, pitch : 0.0016838385490700603, yaw : -0.1200721338391304, altitude : 584.0899658203125, lat : -353632621, lng : 1491652374}
ahrs AHRS2 {roll : 0.0019232721533626318, pitch : 0.001683757291175425, yaw : -0.12008121609687805, altitude : 584.0899658203125, lat : -353632621, lng : 1491652374}
ahrs AHRS2 {roll : 0.0019245221046730876, pitch : 0.0016834790585562587, yaw : -0.12010307610034943, altitude : 584.0899658203125, lat : -353632621, lng : 1491652374}
ahrs AHRS2 {roll : 0.0019259777618572116, pitch : 0.0016830781241878867, yaw : -0.12012207508087158, altitude : 584.0899658203125, lat : -353632621, lng : 1491652374}
ahrs AHRS2 {roll : 0.0019270960474386811, pitch : 0.0016843565972521901, yaw : -0.12013279646635056, altitude : 584.0899658203125, lat : -353632621, lng : 1491652374}
ahrs AHRS2 {roll : 0.001927276374772191, pitch : 0.001684880699031055, yaw : -0.12015310674905777, altitude : 584.0899658203125, lat : -353632621, lng : 1491652374}
ahrs AHRS2 {roll : 0.0019269960466772318, pitch : 0.0016856659203767776, yaw : -0.12017294764518738, altitude : 584.0899658203125, lat : -353632621, lng : 1491652374}
ahrs AHRS2 {roll : 0.00192801293451339, pitch : 0.001686755334958434, yaw : -0.12018383294343948, altitude : 584.0899658203125, lat : -353632621, lng : 1491652374}
ahrs AHRS2 {roll : 0.0019305848982185125, pitch : 0.001688521122559905, yaw : -0.12020373344421387, altitude : 584.0899658203125, lat : -353632621, lng : 1491652374}
ahrs AHRS2 {roll : 0.0019319226266816258, pitch : 0.0016892739804461598, yaw : -0.12022508680820465, altitude : 584.0899658203125, lat : -353632621, lng : 1491652374}
ahrs AHRS2 {roll : 0.0019323891028761864, pitch : 0.0016896137967705727, yaw : -0.12023314833641052, altitude : 584.0899658203125, lat : -353632621, lng : 1491652374}
ahrs AHRS2 {roll : 0.0019329868955537677, pitch : 0.0016893913270905614, yaw : -0.12025482952594757, altitude : 584.0899658203125, lat : -353632621, lng : 1491652374}
ahrs AHRS2 {roll : 0.001932455226778984, pitch : 0.0016910795820876956, yaw : -0.1202731505036354, altitude : 584.0899658203125, lat : -353632621, lng : 1491652374}
ahrs AHRS2 {roll : 0.0019331180956214666, pitch : 0.0016928648110479116, yaw : -0.12028411775827408, altitude : 584.0899658203125, lat : -353632621, lng : 1491652374}
ahrs AHRS2 {roll : 0.0019341596635058522, pitch : 0.00169266143348068, yaw : -0.12030357122421265, altitude : 584.0899658203125, lat : -353632621, lng : 1491652374}
ahrs AHRS2 {roll : 0.0019357947167009115, pitch : 0.0016916546737775207, yaw : -0.1203233152627945, altitude : 584.0899658203125, lat : -353632621, lng : 1491652374}
ahrs AHRS2 {roll : 0.0019348689820617437, pitch : 0.0016918923938646913, yaw : -0.12033456563949585, altitude : 584.0899658203125, lat : -353632621, lng : 1491652374}
ahrs AHRS2 {roll : 0.0019345531472936273, pitch : 0.001692393096163869, yaw : -0.12035486102104187, altitude : 584.0899658203125, lat : -353632621, lng : 1491652374}
ahrs AHRS2 {roll : 0.0019344098400324583, pitch : 0.0016928509576246142, yaw : -0.12037386745214462, altitude : 584.0899658203125, lat : -353632621, lng : 1491652374}
ahrs AHRS2 {roll : 0.0019343546591699123, pitch : 0.0016941499197855592, yaw : -0.12038397789001465, altitude : 584.0899658203125, lat : -353632621, lng : 1491652374}
ahrs AHRS2 {roll : 0.0019344164757058024, pitch : 0.0016965136164799333, yaw : -0.12040192633867264, altitude : 584.0899658203125, lat : -353632621, lng : 1491652374}
ahrs AHRS2 {roll : 0.001936345244757831, pitch : 0.0016978459898382425, yaw : -0.12042113393545151, altitude : 584.0899658203125, lat : -353632621, lng : 1491652374}
ahrs AHRS2 {roll : 0.0019371832022443414, pitch : 0.001700058695860207, yaw : -0.12042815238237381, altitude : 584.0899658203125, lat : -353632621, lng : 1491652374}
ahrs AHRS2 {roll : 0.0019385195337235928, pitch : 0.001701627392321825, yaw : -0.12044373154640198, altitude : 584.0899658203125, lat : -353632621, lng : 1491652374}
ahrs AHRS2 {roll : 0.0019384827464818954, pitch : 0.0017039397498592734, yaw : -0.12046554684638977, altitude : 584.0899658203125, lat : -353632621, lng : 1491652374}
ahrs AHRS2 {roll : 0.0019399462034925818, pitch : 0.001703697140328586, yaw : -0.12047378718852997, altitude : 584.0899658203125, lat : -353632621, lng : 1491652374}
ahrs AHRS2 {roll : 0.0019389023073017597, pitch : 0.0017058547819033265, yaw : -0.12049005925655365, altitude : 584.0899658203125, lat : -353632621, lng : 1491652374}
ahrs AHRS2 {roll : 0.0019408531952649355, pitch : 0.001705544418655336, yaw : -0.12051094323396683, altitude : 584.0899658203125, lat : -353632621, lng : 1491652374}
ahrs AHRS2 {roll : 0.0019420376047492027, pitch : 0.001707698218524456, yaw : -0.12051968276500702, altitude : 584.0899658203125, lat : -353632621, lng : 1491652374}
ahrs AHRS2 {roll : 0.0019421209581196308, pitch : 0.0017082665581256151, yaw : -0.12053309381008148, altitude : 584.0899658203125, lat : -353632621, lng : 1491652374}
ahrs AHRS2 {roll : 0.0019428838277235627, pitch : 0.0017121363198384643, yaw : -0.12055429816246033, altitude : 584.0899658203125, lat : -353632621, lng : 1491652374}
ahrs AHRS2 {roll : 0.0019429136300459504, pitch : 0.0017126179300248623, yaw : -0.12056341022253036, altitude : 584.0899658203125, lat : -353632621, lng : 1491652374}
ahrs AHRS2 {roll : 0.0019437390146777034, pitch : 0.001715699676424265, yaw : -0.12057794630527496, altitude : 584.0899658203125, lat : -353632621, lng : 1491652374}
ahrs AHRS2 {roll : 0.0019443423952907324, pitch : 0.0017169293714687228, yaw : -0.12059860676527023, altitude : 584.0899658203125, lat : -353632621, lng : 1491652374}
ahrs AHRS2 {roll : 0.0019461633637547493, pitch : 0.001716958126053214, yaw : -0.12060888856649399, altitude : 584.0899658203125, lat : -353632621, lng : 1491652374}
ahrs AHRS2 {roll : 0.0019452720880508423, pitch : 0.001716909813694656, yaw : -0.12062422186136246, altitude : 584.0899658203125, lat : -353632621, lng : 1491652374}
ahrs AHRS2 {roll : 0.0019467062084004283, pitch : 0.0017171840881928802, yaw : -0.12064390629529953, altitude : 584.0899658203125, lat : -353632621, lng : 1491652374}
ahrs AHRS2 {roll : 0.0019489327678456903, pitch : 0.0017167715122923255, yaw : -0.12065408378839493, altitude : 584.0899658203125, lat : -353632621, lng : 1491652374}
ahrs AHRS2 {roll : 0.001948326826095581, pitch : 0.0017180521972477436, yaw : -0.12066753208637238, altitude : 584.0899658203125, lat : -353632621, lng : 1491652374}
ahrs AHRS2 {roll : 0.0019477939931675792, pitch : 0.0017200795700773597, yaw : -0.12068663537502289, altitude : 584.0899658203125, lat : -353632621, lng : 1491652374}
ahrs AHRS2 {roll : 0.0019472036510705948, pitch : 0.0017211462836712599, yaw : -0.12069613486528397, altitude : 584.0899658203125, lat : -353632621, lng : 1491652374}
xyz LOCAL_POSITION_NED {time_boot_ms : 41619, x : 0.000282605760730803, y : -0.00032418163027614355, z : 0.006583991460502148, vx : -7.303490565391257e-05, vy : 6.717895303154364e-05, vz : -0.00013982376549392939}
ahrs AHRS2 {roll : 0.0019456768641248345, pitch : 0.0017215806292369962, yaw : -0.12070707976818085, altitude : 584.0899658203125, lat : -353632621, lng : 1491652374}
xyz LOCAL_POSITION_NED {time_boot_ms : 41651, x : 0.0010464158840477467, y : -0.0012001792201772332, z : 0.006571508012712002, vx : -0.00017507761367596686, vy : 0.00019485221127979457, vz : -0.0001350672828266397}
ahrs AHRS2 {roll : 0.0019461412448436022, pitch : 0.0017212192760780454, yaw : -0.12072701752185822, altitude : 584.0899658203125, lat : -353632621, lng : 1491652374}
xyz LOCAL_POSITION_NED {time_boot_ms : 41684, x : 0.0014846653211861849, y : -0.0017023378750309348, z : 0.006561850663274527, vx : -0.00039567367639392614, vy : 0.0004591652541421354, vz : -0.0001459267077734694}
ahrs AHRS2 {roll : 0.00194655847735703, pitch : 0.0017199801513925195, yaw : -0.12074051797389984, altitude : 584.0899658203125, lat : -353632621, lng : 1491652374}
xyz LOCAL_POSITION_NED {time_boot_ms : 41716, x : 0.0020519120153039694, y : -0.0023510304745286703, z : 0.006549334153532982, vx : -0.0006057795253582299, vy : 0.0007447950192727149, vz : -0.0001277833362109959}
ahrs AHRS2 {roll : 0.0019467101665213704, pitch : 0.0017196625703945756, yaw : -0.12074881047010422, altitude : 584.0899658203125, lat : -353632621, lng : 1491652374}
xyz LOCAL_POSITION_NED {time_boot_ms : 41749, x : 0.0023646457120776176, y : -0.002707518870010972, z : 0.0065407417714595795, vx : -0.0008902857662178576, vy : 0.0010613800259307027, vz : -0.00012407026952132583}
ahrs AHRS2 {roll : 0.001945002586580813, pitch : 0.001718362676911056, yaw : -0.1207723394036293, altitude : 584.0899658203125, lat : -353632621, lng : 1491652374}
xyz LOCAL_POSITION_NED {time_boot_ms : 41784, x : 0.0027626368682831526, y : -0.0031597940251231194, z : 0.0065294299274683, vx : -0.0011822181986644864, vy : 0.0014727917732670903, vz : -0.00012201872596051544}
ahrs AHRS2 {roll : 0.0019440948963165283, pitch : 0.0017175263492390513, yaw : -0.12078419327735901, altitude : 584.0899658203125, lat : -353632621, lng : 1491652374}
xyz LOCAL_POSITION_NED {time_boot_ms : 41816, x : 0.0030979334842413664, y : -0.003539292374625802, z : 0.006520736031234264, vx : -0.001381998066790402, vy : 0.0017417091876268387, vz : -0.0001231398491654545}
ahrs AHRS2 {roll : 0.0019431922119110823, pitch : 0.0017196841072291136, yaw : -0.12079369276762009, altitude : 584.0899658203125, lat : -353632621, lng : 1491652374}
xyz LOCAL_POSITION_NED {time_boot_ms : 41849, x : 0.0032736461143940687, y : -0.0037353907246142626, z : 0.006514841224998236, vx : -0.0016114016762003303, vy : 0.002002926543354988, vz : -0.00012558508024085313}
ahrs AHRS2 {roll : 0.0019433720735833049, pitch : 0.0017203715397045016, yaw : -0.12081491947174072, altitude : 584.0899658203125, lat : -353632621, lng : 1491652374}
xyz LOCAL_POSITION_NED {time_boot_ms : 41881, x : 0.00350225274451077, y : -0.003992736805230379, z : 0.0065070223063230515, vx : -0.0018017238471657038, vy : 0.0022067781537771225, vz : -0.00014575626119039953}
ahrs AHRS2 {roll : 0.0019434071145951748, pitch : 0.0017195258988067508, yaw : -0.12082649022340775, altitude : 584.0899658203125, lat : -353632621, lng : 1491652374}
xyz LOCAL_POSITION_NED {time_boot_ms : 41914, x : 0.00367221562191844, y : -0.00418297853320837, z : 0.006498632952570915, vx : -0.0020201571751385927, vy : 0.0024557539727538824, vz : -0.00014312687562778592}
ahrs AHRS2 {roll : 0.0019437979208305478, pitch : 0.001719556748867035, yaw : -0.12083758413791656, altitude : 584.0899658203125, lat : -353632621, lng : 1491652374}
xyz LOCAL_POSITION_NED {time_boot_ms : 41949, x : 0.003725033951923251, y : -0.004238298628479242, z : 0.006491578184068203, vx : -0.002326348563656211, vy : 0.002827628515660763, vz : -0.00013017911987844855}
ahrs AHRS2 {roll : 0.0019478274043649435, pitch : 0.0017200586153194308, yaw : -0.12085624784231186, altitude : 584.0899658203125, lat : -353632621, lng : 1491652374}
xyz LOCAL_POSITION_NED {time_boot_ms : 41981, x : 0.0038030704017728567, y : -0.0043228124268352985, z : 0.006483937613666058, vx : -0.0025924828369170427, vy : 0.00311694061383605, vz : -0.00014390709111467004}
ahrs AHRS2 {roll : 0.0019472670974209905, pitch : 0.0017206313787028193, yaw : -0.12086722254753113, altitude : 584.0899658203125, lat : -353632621, lng : 1491652374}
xyz LOCAL_POSITION_NED {time_boot_ms : 42014, x : 0.003867539344355464, y : -0.0043933093547821045, z : 0.006478038616478443, vx : -0.00274600088596344, vy : 0.0033256125170737505, vz : -0.00012309313751757145}
ahrs AHRS2 {roll : 0.001948751276358962, pitch : 0.0017218600260093808, yaw : -0.12087330967187881, altitude : 584.0899658203125, lat : -353632621, lng : 1491652374}
xyz LOCAL_POSITION_NED {time_boot_ms : 42047, x : 0.0038688420318067074, y : -0.004390820395201445, z : 0.006473955698311329, vx : -0.0029776166193187237, vy : 0.0035994688514620066, vz : -0.00010452987771714106}
ahrs AHRS2 {roll : 0.001950755133293569, pitch : 0.0017219941364601254, yaw : -0.12089552730321884, altitude : 584.0899658203125, lat : -353632621, lng : 1491652374}
xyz LOCAL_POSITION_NED {time_boot_ms : 42079, x : 0.0038847397081553936, y : -0.004405660554766655, z : 0.006469907239079475, vx : -0.003163119312375784, vy : 0.003794630290940404, vz : -9.293189941672608e-05}
ahrs AHRS2 {roll : 0.001952211488969624, pitch : 0.0017224085750058293, yaw : -0.1209079772233963, altitude : 584.0899658203125, lat : -353632621, lng : 1491652374}
xyz LOCAL_POSITION_NED {time_boot_ms : 42112, x : 0.003865109058097005, y : -0.004380105063319206, z : 0.006465494632720947, vx : -0.0033634640276432037, vy : 0.004049280658364296, vz : -9.712573228171095e-05}
ahrs AHRS2 {roll : 0.0019525402458384633, pitch : 0.0017227933276444674, yaw : -0.12091884016990662, altitude : 584.0899658203125, lat : -353632621, lng : 1491652374}
xyz LOCAL_POSITION_NED {time_boot_ms : 42147, x : 0.003785570152103901, y : -0.004284039605408907, z : 0.006461166776716709, vx : -0.0036758650094270706, vy : 0.004396115429699421, vz : -9.073878027265891e-05}
ahrs AHRS2 {roll : 0.0019516288302838802, pitch : 0.001722959685139358, yaw : -0.12093918770551682, altitude : 584.0899658203125, lat : -353632621, lng : 1491652374}
xyz LOCAL_POSITION_NED {time_boot_ms : 42179, x : 0.00370737980119884, y : -0.004190852865576744, z : 0.0064568547531962395, vx : -0.003933028317987919, vy : 0.004722206853330135, vz : -7.461912173312157e-05}
ahrs AHRS2 {roll : 0.0019517977489158511, pitch : 0.0017221256857737899, yaw : -0.12095040082931519, altitude : 584.0899658203125, lat : -353632621, lng : 1491652374}
xyz LOCAL_POSITION_NED {time_boot_ms : 42212, x : 0.0036258394829928875, y : -0.004093603231012821, z : 0.006452527828514576, vx : -0.004166349768638611, vy : 0.00499191926792264, vz : -0.00010441693302709609}
ahrs AHRS2 {roll : 0.0019527707481756806, pitch : 0.0017232524696737528, yaw : -0.12095677107572556, altitude : 584.0899658203125, lat : -353632621, lng : 1491652374}
xyz LOCAL_POSITION_NED {time_boot_ms : 42244, x : 0.0035444609820842743, y : -0.003996489103883505, z : 0.006449088454246521, vx : -0.004384106025099754, vy : 0.00528035219758749, vz : -0.00010703322914196178}
ahrs AHRS2 {roll : 0.00195415411144495, pitch : 0.001725996844470501, yaw : -0.12098022550344467, altitude : 584.0899658203125, lat : -353632621, lng : 1491652374}
xyz LOCAL_POSITION_NED {time_boot_ms : 42277, x : 0.003467586589977145, y : -0.003905016230419278, z : 0.006445117294788361, vx : -0.004550671670585871, vy : 0.005467553157359362, vz : -0.00011118811380583793}
ahrs AHRS2 {roll : 0.0019547140691429377, pitch : 0.0017262179171666503, yaw : -0.12099283933639526, altitude : 584.0899658203125, lat : -353632621, lng : 1491652374}
xyz LOCAL_POSITION_NED {time_boot_ms : 42312, x : 0.0033518506679683924, y : -0.0037674810737371445, z : 0.006441217847168446, vx : -0.004770524334162474, vy : 0.005755446385592222, vz : -8.339243504451588e-05}
ahrs AHRS2 {roll : 0.0019543266389518976, pitch : 0.0017257541185244918, yaw : -0.12099993973970413, altitude : 584.0899658203125, lat : -353632621, lng : 1491652374}
xyz LOCAL_POSITION_NED {time_boot_ms : 42344, x : 0.0032129627652466297, y : -0.0036026816815137863, z : 0.006437966134399176, vx : -0.005086250603199005, vy : 0.0060811094008386135, vz : -0.00010444431973155588}
ahrs AHRS2 {roll : 0.0019554852042347193, pitch : 0.0017247347859665751, yaw : -0.12102377414703369, altitude : 584.0899658203125, lat : -353632621, lng : 1491652374}
xyz LOCAL_POSITION_NED {time_boot_ms : 42377, x : 0.003066061995923519, y : -0.003430410986766219, z : 0.006434156559407711, vx : -0.005312737077474594, vy : 0.006339285522699356, vz : -8.654437260702252e-05}
ahrs AHRS2 {roll : 0.0019591350574046373, pitch : 0.0017259378219023347, yaw : -0.12103456258773804, altitude : 584.0899658203125, lat : -353632621, lng : 1491652374}
xyz LOCAL_POSITION_NED {time_boot_ms : 42409, x : 0.0028861232567578554, y : -0.0032184701412916183, z : 0.006430420558899641, vx : -0.0056402431800961494, vy : 0.006734389346092939, vz : -7.876780000515282e-05}
ahrs AHRS2 {roll : 0.0019603038672357798, pitch : 0.0017272072145715356, yaw : -0.12103946506977081, altitude : 584.0899658203125, lat : -353632621, lng : 1491652374}
xyz LOCAL_POSITION_NED {time_boot_ms : 42442, x : 0.0028004758059978485, y : -0.0031197217758744955, z : 0.006427697837352753, vx : -0.005751780234277248, vy : 0.006868273951113224, vz : -0.0001058030902640894}
ahrs AHRS2 {roll : 0.001960368361324072, pitch : 0.0017284000059589744, yaw : -0.12106484919786453, altitude : 584.0899658203125, lat : -353632621, lng : 1491652374}
xyz LOCAL_POSITION_NED {time_boot_ms : 42477, x : 0.002669045003131032, y : -0.002966883359476924, z : 0.006424437742680311, vx : -0.00595113867893815, vy : 0.007060494273900986, vz : -8.847637218423188e-05}
ahrs AHRS2 {roll : 0.001964259659871459, pitch : 0.0017293915152549744, yaw : -0.12107472121715546, altitude : 584.0899658203125, lat : -353632621, lng : 1491652374}
xyz LOCAL_POSITION_NED {time_boot_ms : 42509, x : 0.0025042598135769367, y : -0.0027741703670471907, z : 0.006420740857720375, vx : -0.006232019513845444, vy : 0.007401490584015846, vz : -9.912962559610605e-05}
ahrs AHRS2 {roll : 0.0019647248554974794, pitch : 0.0017322191270068288, yaw : -0.1210775226354599, altitude : 584.0899658203125, lat : -353632621, lng : 1491652374}
xyz LOCAL_POSITION_NED {time_boot_ms : 42542, x : 0.0023462953977286816, y : -0.002591071417555213, z : 0.006417384836822748, vx : -0.006447850726544857, vy : 0.007670869585126638, vz : -8.646742935525253e-05}
ahrs AHRS2 {roll : 0.0019649136811494827, pitch : 0.001732360920868814, yaw : -0.12109953165054321, altitude : 584.0899658203125, lat : -353632621, lng : 1491652374}
xyz LOCAL_POSITION_NED {time_boot_ms : 42574, x : 0.0021521674934774637, y : -0.0023654717952013016, z : 0.006413878872990608, vx : -0.006732185371220112, vy : 0.007962735369801521, vz : -7.744500908302143e-05}
ahrs AHRS2 {roll : 0.001966027310118079, pitch : 0.001732279546558857, yaw : -0.12111228704452515, altitude : 584.0899658203125, lat : -353632621, lng : 1491652374}
xyz LOCAL_POSITION_NED {time_boot_ms : 42607, x : 0.0019424152560532093, y : -0.0021204897202551365, z : 0.006410378962755203, vx : -0.007026489824056625, vy : 0.008332512341439724, vz : -8.550139318685979e-05}
ahrs AHRS2 {roll : 0.001968892989680171, pitch : 0.001733496319502592, yaw : -0.1211179792881012, altitude : 584.0899658203125, lat : -353632621, lng : 1491652374}
xyz LOCAL_POSITION_NED {time_boot_ms : 42642, x : 0.0018205487867817283, y : -0.001980176428332925, z : 0.0064084287732839584, vx : -0.007187957409769297, vy : 0.008504724130034447, vz : -8.905096910893917e-05}
ahrs AHRS2 {roll : 0.0019684256985783577, pitch : 0.0017337244935333729, yaw : -0.12114062905311584, altitude : 584.0899658203125, lat : -353632621, lng : 1491652374}
xyz LOCAL_POSITION_NED {time_boot_ms : 42674, x : 0.0016812111716717482, y : -0.0018194630974903703, z : 0.0064053949899971485, vx : -0.007337532006204128, vy : 0.008700195699930191, vz : -0.00010516216570977122}
ahrs AHRS2 {roll : 0.001968827098608017, pitch : 0.001734311692416668, yaw : -0.1211518719792366, altitude : 584.0899658203125, lat : -353632621, lng : 1491652374}
xyz LOCAL_POSITION_NED {time_boot_ms : 42707, x : 0.0015013449592515826, y : -0.0016095709288492799, z : 0.006402438972145319, vx : -0.007610649801790714, vy : 0.008982864208519459, vz : -8.543762669432908e-05}
ahrs AHRS2 {roll : 0.001969124423339963, pitch : 0.0017353957518935204, yaw : -0.12115522474050522, altitude : 584.0899658203125, lat : -353632621, lng : 1491652374}
xyz LOCAL_POSITION_NED {time_boot_ms : 42739, x : 0.0013122893869876862, y : -0.001392499660141766, z : 0.006399285979568958, vx : -0.0078670559450984, vy : 0.009240714833140373, vz : -9.940964810084552e-05}
ahrs AHRS2 {roll : 0.0019699435215443373, pitch : 0.0017370219575241208, yaw : -0.12117426842451096, altitude : 584.0899658203125, lat : -353632621, lng : 1491652374}
xyz LOCAL_POSITION_NED {time_boot_ms : 42772, x : 0.0010879077017307281, y : -0.0011316684540361166, z : 0.006396136712282896, vx : -0.008161868900060654, vy : 0.009627166204154491, vz : -0.00010517760529182851}
ahrs AHRS2 {roll : 0.00197039358317852, pitch : 0.0017388900741934776, yaw : -0.12118921428918839, altitude : 584.0899658203125, lat : -353632621, lng : 1491652374}
xyz LOCAL_POSITION_NED {time_boot_ms : 42807, x : 0.0008362618391402066, y : -0.0008399212965741754, z : 0.006391185335814953, vx : -0.008467961102724075, vy : 0.009980538859963417, vz : -0.00014075831859372556}
ahrs AHRS2 {roll : 0.001971204997971654, pitch : 0.0017415608745068312, yaw : -0.12119593471288681, altitude : 584.0899658203125, lat : -353632621, lng : 1491652374}
xyz LOCAL_POSITION_NED {time_boot_ms : 42839, x : 0.0007336185080930591, y : -0.0007227737223729491, z : 0.006387895904481411, vx : -0.008583289571106434, vy : 0.010084782727062702, vz : -0.00012148336827522144}
ahrs AHRS2 {roll : 0.0019715314265340567, pitch : 0.0017404132522642612, yaw : -0.12121529132127762, altitude : 584.0899658203125, lat : -353632621, lng : 1491652374}
xyz LOCAL_POSITION_NED {time_boot_ms : 42872, x : 0.000551705074030906, y : -0.0005123254377394915, z : 0.006384220905601978, vx : -0.008802554570138454, vy : 0.010336372070014477, vz : -0.0001448390685254708}
ahrs AHRS2 {roll : 0.0019738946575671434, pitch : 0.0017413715831935406, yaw : -0.12122616916894913, altitude : 584.0899658203125, lat : -353632621, lng : 1491652374}
xyz LOCAL_POSITION_NED {time_boot_ms : 42904, x : 0.0003926703648176044, y : -0.0003295507049188018, z : 0.006380057893693447, vx : -0.008978474885225296, vy : 0.010548959486186504, vz : -0.00011160732537973672}
ahrs AHRS2 {roll : 0.001975198509171605, pitch : 0.0017427064012736082, yaw : -0.12123328447341919, altitude : 584.0899658203125, lat : -353632621, lng : 1491652374}
xyz LOCAL_POSITION_NED {time_boot_ms : 42939, x : 0.00017852320161182433, y : -8.261643961304799e-05, z : 0.006376439705491066, vx : -0.009270372800529003, vy : 0.010868058539927006, vz : -0.00010540555376792327}
ahrs AHRS2 {roll : 0.0019789873622357845, pitch : 0.0017462302930653095, yaw : -0.12125330418348312, altitude : 584.0899658203125, lat : -353632621, lng : 1491652374}
xyz LOCAL_POSITION_NED {time_boot_ms : 42971, x : -6.964901695027947e-05, y : 0.00020505125576164573, z : 0.006373286247253418, vx : -0.00959002785384655, vy : 0.011213136836886406, vz : -0.00013449029938783497}
ahrs AHRS2 {roll : 0.0019826034549623728, pitch : 0.001749014831148088, yaw : -0.12126576900482178, altitude : 584.0899658203125, lat : -353632621, lng : 1491652374}
xyz LOCAL_POSITION_NED {time_boot_ms : 43004, x : -0.00031583887175656855, y : 0.0004879467887803912, z : 0.006368390284478664, vx : -0.00987534411251545, vy : 0.011505119502544403, vz : -0.0001464256929466501}
ahrs AHRS2 {roll : 0.001985207200050354, pitch : 0.001750494702719152, yaw : -0.1212698295712471, altitude : 584.0899658203125, lat : -353632621, lng : 1491652374}
xyz LOCAL_POSITION_NED {time_boot_ms : 43036, x : -0.00041051837615668774, y : 0.0005927652237005532, z : 0.00636502169072628, vx : -0.00995539128780365, vy : 0.01160639338195324, vz : -0.00013056719035375863}
ahrs AHRS2 {roll : 0.001987998839467764, pitch : 0.0017517246305942535, yaw : -0.12128783017396927, altitude : 584.0899658203125, lat : -353632621, lng : 1491652374}
xyz LOCAL_POSITION_NED {time_boot_ms : 43069, x : -0.0006041546002961695, y : 0.0008155017858371139, z : 0.006362060084939003, vx : -0.01017958763986826, vy : 0.011873489245772362, vz : -0.0001129240044974722}
ahrs AHRS2 {roll : 0.0019884854555130005, pitch : 0.0017551464261487126, yaw : -0.12130149453878403, altitude : 584.0899658203125, lat : -353632621, lng : 1491652374}
xyz LOCAL_POSITION_NED {time_boot_ms : 43104, x : -0.000788652861956507, y : 0.0010264210868626833, z : 0.006359117105603218, vx : -0.010378928855061531, vy : 0.012113392353057861, vz : -0.00010183473204961047}
ahrs AHRS2 {roll : 0.001989741576835513, pitch : 0.0017563942819833755, yaw : -0.12130612134933472, altitude : 584.0899658203125, lat : -353632621, lng : 1491652374}
xyz LOCAL_POSITION_NED {time_boot_ms : 43136, x : -0.0009830284398049116, y : 0.0012492552632465959, z : 0.0063567934557795525, vx : -0.010588078759610653, vy : 0.012388279661536217, vz : -7.221234409371391e-05}
ahrs AHRS2 {roll : 0.001992851262912154, pitch : 0.0017594282981008291, yaw : -0.12132406234741211, altitude : 584.0899658203125, lat : -353632621, lng : 1491652374}
xyz LOCAL_POSITION_NED {time_boot_ms : 43169, x : -0.0012485649203881621, y : 0.001557954354211688, z : 0.00635524932295084, vx : -0.010880992747843266, vy : 0.012769433669745922, vz : -5.423944094218314e-05}
ahrs AHRS2 {roll : 0.0019937148317694664, pitch : 0.001760157523676753, yaw : -0.12133656442165375, altitude : 584.0899658203125, lat : -353632621, lng : 1491652374}
xyz LOCAL_POSITION_NED {time_boot_ms : 43201, x : -0.0015021255239844322, y : 0.001851794426329434, z : 0.006353362463414669, vx : -0.01116396114230156, vy : 0.013078282587230206, vz : -5.592549132416025e-05}
ahrs AHRS2 {roll : 0.001990631455555558, pitch : 0.0017566012684255838, yaw : -0.12135232239961624, altitude : 584.0899658203125, lat : -353632621, lng : 1491652374}
xyz LOCAL_POSITION_NED {time_boot_ms : 43234, x : -0.001672078506089747, y : 0.002049223752692342, z : 0.006351854186505079, vx : -0.011366044171154499, vy : 0.013291550800204277, vz : -8.617658022558317e-05}
ahrs AHRS2 {roll : 0.0019891189876943827, pitch : 0.0017552297795191407, yaw : -0.1213856041431427, altitude : 584.0899658203125, lat : -353632621, lng : 1491652374}
xyz LOCAL_POSITION_NED {time_boot_ms : 43269, x : -0.0018115447601303458, y : 0.002209119265899062, z : 0.006350542418658733, vx : -0.011528662405908108, vy : 0.01346332672983408, vz : -7.266399916261435e-05}
ahrs AHRS2 {roll : 0.00198800559155643, pitch : 0.0017544651636853814, yaw : -0.12140996009111404, altitude : 584.0899658203125, lat : -353632621, lng : 1491652374}
xyz LOCAL_POSITION_NED {time_boot_ms : 43301, x : -0.0019649688620120287, y : 0.002385644009336829, z : 0.006348955910652876, vx : -0.011675405316054821, vy : 0.01365040522068739, vz : -7.047300459817052e-05}
ahrs AHRS2 {roll : 0.0019858696032315493, pitch : 0.0017548863543197513, yaw : -0.12142806500196457, altitude : 584.0899658203125, lat : -353632621, lng : 1491652374}
xyz LOCAL_POSITION_NED {time_boot_ms : 43334, x : -0.002217558678239584, y : 0.0026798932813107967, z : 0.006347359158098698, vx : -0.011927169747650623, vy : 0.013980072923004627, vz : -5.837330536451191e-05}
ahrs AHRS2 {roll : 0.0019855774007737637, pitch : 0.0017523650312796235, yaw : -0.12145736068487167, altitude : 584.0899658203125, lat : -353632621, lng : 1491652374}
xyz LOCAL_POSITION_NED {time_boot_ms : 43366, x : -0.0024380781687796116, y : 0.0029361736960709095, z : 0.006346248555928469, vx : -0.012162682600319386, vy : 0.014234076254069805, vz : -5.9548579883994535e-05}
ahrs AHRS2 {roll : 0.0019847715739160776, pitch : 0.0017522874986752868, yaw : -0.12148307263851166, altitude : 584.0899658203125, lat : -353632621, lng : 1491652374}
xyz LOCAL_POSITION_NED {time_boot_ms : 43399, x : -0.002695707604289055, y : 0.003236486343666911, z : 0.006344586610794067, vx : -0.012396806851029396, vy : 0.014535966329276562, vz : -6.848680641269311e-05}
ahrs AHRS2 {roll : 0.001983106601983309, pitch : 0.0017500462708994746, yaw : -0.12150246649980545, altitude : 584.0899658203125, lat : -353632621, lng : 1491652374}
xyz LOCAL_POSITION_NED {time_boot_ms : 43434, x : -0.0028964155353605747, y : 0.003471684642136097, z : 0.006342751905322075, vx : -0.012597791850566864, vy : 0.014784459955990314, vz : -7.49106693547219e-05}
ahrs AHRS2 {roll : 0.0019816516432911158, pitch : 0.001747682923451066, yaw : -0.12153105437755585, altitude : 584.0899658203125, lat : -353632621, lng : 1491652374}
xyz LOCAL_POSITION_NED {time_boot_ms : 43466, x : -0.0029902178794145584, y : 0.0035812798887491226, z : 0.006341680884361267, vx : -0.012670802883803844, vy : 0.014873369596898556, vz : -6.149924593046308e-05}
ahrs AHRS2 {roll : 0.0019784197211265564, pitch : 0.00174579001031816, yaw : -0.12155842036008835, altitude : 584.0899658203125, lat : -353632621, lng : 1491652374}
xyz LOCAL_POSITION_NED {time_boot_ms : 43499, x : -0.003130401950329542, y : 0.003746325382962823, z : 0.006339605897665024, vx : -0.012758675031363964, vy : 0.015048189088702202, vz : -7.90373669588007e-05}
ahrs AHRS2 {roll : 0.001977323554456234, pitch : 0.0017467832658439875, yaw : -0.12157395482063293, altitude : 584.0899658203125, lat : -353632621, lng : 1491652374}
xyz LOCAL_POSITION_NED {time_boot_ms : 43531, x : -0.0033885445445775986, y : 0.004051690921187401, z : 0.00633817445486784, vx : -0.013036333955824375, vy : 0.01539780292659998, vz : -4.759333751280792e-05}
ahrs AHRS2 {roll : 0.001975777791813016, pitch : 0.0017464072443544865, yaw : -0.12160084396600723, altitude : 584.0899658203125, lat : -353632621, lng : 1491652374}
xyz LOCAL_POSITION_NED {time_boot_ms : 43564, x : -0.003603068646043539, y : 0.004305769689381123, z : 0.006337387021631002, vx : -0.013246273621916771, vy : 0.015643736347556114, vz : -4.230979175190441e-05}
ahrs AHRS2 {roll : 0.0019744192250072956, pitch : 0.0017449669539928436, yaw : -0.12162916362285614, altitude : 584.0899658203125, lat : -353632621, lng : 1491652374}
xyz LOCAL_POSITION_NED {time_boot_ms : 43599, x : -0.0038820747286081314, y : 0.004635097458958626, z : 0.006335771642625332, vx : -0.01352009642869234, vy : 0.015939775854349136, vz : -4.765427365782671e-05}
ahrs AHRS2 {roll : 0.001974469982087612, pitch : 0.0017425860278308392, yaw : -0.12164654582738876, altitude : 584.0899658203125, lat : -353632621, lng : 1491652374}
xyz LOCAL_POSITION_NED {time_boot_ms : 43631, x : -0.004059331491589546, y : 0.004844652023166418, z : 0.006334423087537289, vx : -0.013675733469426632, vy : 0.016138292849063873, vz : -5.354839959181845e-05}
ahrs AHRS2 {roll : 0.001973056001588702, pitch : 0.0017416216433048248, yaw : -0.12167280167341232, altitude : 584.0899658203125, lat : -353632621, lng : 1491652374}
xyz LOCAL_POSITION_NED {time_boot_ms : 43664, x : -0.00412295525893569, y : 0.0049203066155314445, z : 0.006333436816930771, vx : -0.0137429628521204, vy : 0.01619432121515274, vz : -4.9546277296030894e-05}
ahrs AHRS2 {roll : 0.0019711717031896114, pitch : 0.001741306041367352, yaw : -0.12169957906007767, altitude : 584.0899658203125, lat : -353632621, lng : 1491652374}
xyz LOCAL_POSITION_NED {time_boot_ms : 43696, x : -0.0043649133294820786, y : 0.005205396097153425, z : 0.006331751123070717, vx : -0.013989442959427834, vy : 0.016472186893224716, vz : -4.563940456137061e-05}
ahrs AHRS2 {roll : 0.0019708636682480574, pitch : 0.0017410500440746546, yaw : -0.12171758711338043, altitude : 584.0899658203125, lat : -353632621, lng : 1491652374}
xyz LOCAL_POSITION_NED {time_boot_ms : 43729, x : -0.004515329375863075, y : 0.0053826249204576015, z : 0.006330180447548628, vx : -0.014117240905761719, vy : 0.016643919050693512, vz : -6.564044451806694e-05}
ahrs AHRS2 {roll : 0.0019698916003108025, pitch : 0.0017425828846171498, yaw : -0.12174449861049652, altitude : 584.0899658203125, lat : -353632621, lng : 1491652374}
xyz LOCAL_POSITION_NED {time_boot_ms : 43764, x : -0.004760082345455885, y : 0.005670980084687471, z : 0.006328354589641094, vx : -0.014330876991152763, vy : 0.016917070373892784, vz : -4.5683318603551015e-05}
ahrs AHRS2 {roll : 0.001969541423022747, pitch : 0.001739641185849905, yaw : -0.12176787108182907, altitude : 584.0899658203125, lat : -353632621, lng : 1491652374}
xyz LOCAL_POSITION_NED {time_boot_ms : 43796, x : -0.005094422493129969, y : 0.006065724417567253, z : 0.006326830014586449, vx : -0.014636988751590252, vy : 0.01728961616754532, vz : -4.778752554557286e-05}
ahrs AHRS2 {roll : 0.001966931624338031, pitch : 0.0017397513147443533, yaw : -0.12178467214107513, altitude : 584.0899658203125, lat : -353632621, lng : 1491652374}
xyz LOCAL_POSITION_NED {time_boot_ms : 43829, x : -0.0051746913231909275, y : 0.0061616841703653336, z : 0.006325432099401951, vx : -0.014683916233479977, vy : 0.01737140119075775, vz : -3.7452016840688884e-05}
ahrs AHRS2 {roll : 0.001964868977665901, pitch : 0.0017390380380675197, yaw : -0.12181108444929123, altitude : 584.0899658203125, lat : -353632621, lng : 1491652374}
xyz LOCAL_POSITION_NED {time_boot_ms : 43861, x : -0.005240206606686115, y : 0.006241639144718647, z : 0.006325084716081619, vx : -0.014718092046678066, vy : 0.017437729984521866, vz : -3.264004772063345e-05}
ahrs AHRS2 {roll : 0.001964333700016141, pitch : 0.0017387222032994032, yaw : -0.12183282524347305, altitude : 584.0899658203125, lat : -353632621, lng : 1491652374}
xyz LOCAL_POSITION_NED {time_boot_ms : 43894, x : -0.005456401500850916, y : 0.006499098148196936, z : 0.006324008107185364, vx : -0.014923791401088238, vy : 0.017675023525953293, vz : -4.179268580628559e-05}
ahrs AHRS2 {roll : 0.0019645034335553646, pitch : 0.0017383963568136096, yaw : -0.12185142189264297, altitude : 584.0899658203125, lat : -353632621, lng : 1491652374}
xyz LOCAL_POSITION_NED {time_boot_ms : 43929, x : -0.005641324445605278, y : 0.006721601355820894, z : 0.006323271431028843, vx : -0.015059323981404305, vy : 0.017911629751324654, vz : -7.300835477508372e-06}
ahrs AHRS2 {roll : 0.0019621907267719507, pitch : 0.001738646300509572, yaw : -0.12187806516885757, altitude : 584.0899658203125, lat : -353632621, lng : 1491652374}
xyz LOCAL_POSITION_NED {time_boot_ms : 43961, x : -0.005851833615452051, y : 0.006975568365305662, z : 0.006323536392301321, vx : -0.015204831026494503, vy : 0.018160564824938774, vz : 8.861074093147181e-06}
ahrs AHRS2 {roll : 0.0019603180699050426, pitch : 0.0017372873844578862, yaw : -0.12190090119838715, altitude : 584.0899658203125, lat : -353632621, lng : 1491652374}
xyz LOCAL_POSITION_NED {time_boot_ms : 43994, x : -0.006178115960210562, y : 0.007368095219135284, z : 0.006323658861219883, vx : -0.015493168495595455, vy : 0.018508123233914375, vz : 3.876818936987547e-06}
ahrs AHRS2 {roll : 0.0019590577576309443, pitch : 0.0017362734070047736, yaw : -0.12191670387983322, altitude : 584.0899658203125, lat : -353632621, lng : 1491652374}
xyz LOCAL_POSITION_NED {time_boot_ms : 44026, x : -0.006250352598726749, y : 0.007460048422217369, z : 0.006323420442640781, vx : -0.0155569389462471, vy : 0.018585985526442528, vz : 9.28885583562078e-06}
ahrs AHRS2 {roll : 0.001958651700988412, pitch : 0.0017364869127050042, yaw : -0.12193895876407623, altitude : 584.0899658203125, lat : -353632621, lng : 1491652374}
xyz LOCAL_POSITION_NED {time_boot_ms : 44059, x : -0.006280730478465557, y : 0.007502626162022352, z : 0.006323703099042177, vx : -0.01554089691489935, vy : 0.018602296710014343, vz : 9.864371349976864e-06}
ahrs AHRS2 {roll : 0.0019571823067963123, pitch : 0.0017343880608677864, yaw : -0.121966153383255, altitude : 584.0899658203125, lat : -353632621, lng : 1491652374}
xyz LOCAL_POSITION_NED {time_boot_ms : 44094, x : -0.0064248875714838505, y : 0.007680829614400864, z : 0.006323692388832569, vx : -0.01565638557076454, vy : 0.01873445324599743, vz : 1.616058943909593e-05}
ahrs AHRS2 {roll : 0.001956308726221323, pitch : 0.0017338759498670697, yaw : -0.12198173254728317, altitude : 584.0899658203125, lat : -353632621, lng : 1491652374}
xyz LOCAL_POSITION_NED {time_boot_ms : 44127, x : -0.006689879111945629, y : 0.008001106791198254, z : 0.006323781795799732, vx : -0.015865718945860863, vy : 0.01899467036128044, vz : -1.200268911816238e-06}
ahrs AHRS2 {roll : 0.0019543650560081005, pitch : 0.001733513199724257, yaw : -0.12200410664081573, altitude : 584.0899658203125, lat : -353632621, lng : 1491652374}
xyz LOCAL_POSITION_NED {time_boot_ms : 44159, x : -0.006876431405544281, y : 0.008228453807532787, z : 0.006323786918073893, vx : -0.0159954484552145, vy : 0.019153855741024017, vz : 6.111839866207447e-06}
ahrs AHRS2 {roll : 0.0019536816980689764, pitch : 0.0017318775644525886, yaw : -0.1220274269580841, altitude : 584.0899658203125, lat : -353632621, lng : 1491652374}
xyz LOCAL_POSITION_NED {time_boot_ms : 44192, x : -0.007204590365290642, y : 0.008623683825135231, z : 0.006323501002043486, vx : -0.016259128227829933, vy : 0.019474050030112267, vz : -9.225230428455689e-07}
ahrs AHRS2 {roll : 0.0019512712024152279, pitch : 0.0017313414718955755, yaw : -0.12204408645629883, altitude : 584.0899658203125, lat : -353632621, lng : 1491652374}
xyz LOCAL_POSITION_NED {time_boot_ms : 44224, x : -0.0072537860833108425, y : 0.008688322268426418, z : 0.0063225761987268925, vx : -0.016240522265434265, vy : 0.01949498988687992, vz : -9.206559298036154e-06}
ahrs AHRS2 {roll : 0.0019485765369608998, pitch : 0.0017301791813224554, yaw : -0.12206641584634781, altitude : 584.0899658203125, lat : -353632621, lng : 1491652374}
xyz LOCAL_POSITION_NED {time_boot_ms : 44257, x : -0.0072591775096952915, y : 0.008700213395059109, z : 0.006320981774479151, vx : -0.01626039668917656, vy : 0.01947551779448986, vz : -3.764552820939571e-05}
ahrs AHRS2 {roll : 0.0019476421875879169, pitch : 0.001727722934447229, yaw : -0.12209266424179077, altitude : 584.0899658203125, lat : -353632621, lng : 1491652374}
xyz LOCAL_POSITION_NED {time_boot_ms : 44292, x : -0.007518074940890074, y : 0.009012943133711815, z : 0.006319483742117882, vx : -0.016465678811073303, vy : 0.01972515694797039, vz : -1.1081796401413158e-05}
ahrs AHRS2 {roll : 0.001947396551258862, pitch : 0.0017271351534873247, yaw : -0.12211039662361145, altitude : 584.0899658203125, lat : -353632621, lng : 1491652374}
xyz LOCAL_POSITION_NED {time_boot_ms : 44324, x : -0.007631286047399044, y : 0.009151761420071125, z : 0.006318528205156326, vx : -0.016572127118706703, vy : 0.01980620250105858, vz : -1.7631410855756258e-06}
ahrs AHRS2 {roll : 0.0019453584682196379, pitch : 0.0017288459930568933, yaw : -0.12213263660669327, altitude : 584.0899658203125, lat : -353632621, lng : 1491652374}
xyz LOCAL_POSITION_NED {time_boot_ms : 44357, x : -0.007803305517882109, y : 0.009358693845570087, z : 0.006318436004221439, vx : -0.016668928787112236, vy : 0.01991777867078781, vz : 2.782976116577629e-05}
ahrs AHRS2 {roll : 0.0019466456724330783, pitch : 0.0017285201465710998, yaw : -0.12215625494718552, altitude : 584.0899658203125, lat : -353632621, lng : 1491652374}
xyz LOCAL_POSITION_NED {time_boot_ms : 44389, x : -0.008129943162202835, y : 0.009750367142260075, z : 0.006319303065538406, vx : -0.016899410635232925, vy : 0.02020002156496048, vz : 6.238449714146554e-05}
ahrs AHRS2 {roll : 0.0019466863013803959, pitch : 0.0017282391199842095, yaw : -0.12217243015766144, altitude : 584.0899658203125, lat : -353632621, lng : 1491652374}
xyz LOCAL_POSITION_NED {time_boot_ms : 44422, x : -0.008140807040035725, y : 0.009765674360096455, z : 0.006320122629404068, vx : -0.01686958409845829, vy : 0.020178189501166344, vz : 4.759593866765499e-05}
ahrs AHRS2 {roll : 0.0019481101771816611, pitch : 0.001725587761029601, yaw : -0.12219683080911636, altitude : 584.0899658203125, lat : -353632621, lng : 1491652374}
xyz LOCAL_POSITION_NED {time_boot_ms : 44457, x : -0.008160676807165146, y : 0.009791964665055275, z : 0.006320660002529621, vx : -0.01681828498840332, vy : 0.020143423229455948, vz : 4.338134385761805e-05}
ahrs AHRS2 {roll : 0.0019491213606670499, pitch : 0.001724957604892552, yaw : -0.12222164869308472, altitude : 584.0899658203125, lat : -353632621, lng : 1491652374}
xyz LOCAL_POSITION_NED {time_boot_ms : 44489, x : -0.00838165357708931, y : 0.010058509185910225, z : 0.006321122869849205, vx : -0.01699291355907917, vy : 0.0203469917178154, vz : 2.0734920326503925e-05}
ahrs AHRS2 {roll : 0.001949090976268053, pitch : 0.0017244825139641762, yaw : -0.12223690003156662, altitude : 584.0899658203125, lat : -353632621, lng : 1491652374}
xyz LOCAL_POSITION_NED {time_boot_ms : 44522, x : -0.008457902818918228, y : 0.01015207078307867, z : 0.006320693530142307, vx : -0.016998331993818283, vy : 0.020388852804899216, vz : 2.672799746505916e-05}
ahrs AHRS2 {roll : 0.0019494732841849327, pitch : 0.0017226259224116802, yaw : -0.12225830554962158, altitude : 584.0899658203125, lat : -353632621, lng : 1491652374}
xyz LOCAL_POSITION_NED {time_boot_ms : 44554, x : -0.008752099238336086, y : 0.01050638873130083, z : 0.0063207801431417465, vx : -0.01720092073082924, vy : 0.02063041180372238, vz : 1.88316116691567e-05}
ahrs AHRS2 {roll : 0.001951449317857623, pitch : 0.0017211941303685308, yaw : -0.12228263914585114, altitude : 584.0899658203125, lat : -353632621, lng : 1491652374}
xyz LOCAL_POSITION_NED {time_boot_ms : 44587, x : -0.008929625153541565, y : 0.010720638558268547, z : 0.006320729851722717, vx : -0.017314903438091278, vy : 0.020752454176545143, vz : 2.464730823703576e-05}
ahrs AHRS2 {roll : 0.0019506661919876933, pitch : 0.0017222423339262605, yaw : -0.12230069190263748, altitude : 584.0899658203125, lat : -353632621, lng : 1491652374}
xyz LOCAL_POSITION_NED {time_boot_ms : 44622, x : -0.008970172144472599, y : 0.010772518813610077, z : 0.006320354528725147, vx : -0.01726449467241764, vy : 0.020745370537042618, vz : 2.2835696654510684e-05}
ahrs AHRS2 {roll : 0.0019519533962011337, pitch : 0.0017209392972290516, yaw : -0.12232160568237305, altitude : 584.0899658203125, lat : -353632621, lng : 1491652374}
xyz LOCAL_POSITION_NED {time_boot_ms : 44654, x : -0.009127967990934849, y : 0.0109650744125247, z : 0.006320616230368614, vx : -0.01735474169254303, vy : 0.020847443491220474, vz : 3.682147143990733e-05}
ahrs AHRS2 {roll : 0.0019525070674717426, pitch : 0.0017205465119332075, yaw : -0.122346431016922, altitude : 584.0899658203125, lat : -353632621, lng : 1491652374}
xyz LOCAL_POSITION_NED {time_boot_ms : 44687, x : -0.00911034271121025, y : 0.010948174633085728, z : 0.006320022977888584, vx : -0.01729898527264595, vy : 0.02078367955982685, vz : 1.1606887710513547e-05}
ahrs AHRS2 {roll : 0.0019506948301568627, pitch : 0.0017197775887325406, yaw : -0.12236388772726059, altitude : 584.0899658203125, lat : -353632621, lng : 1491652374}
xyz LOCAL_POSITION_NED {time_boot_ms : 44719, x : -0.009190570563077927, y : 0.01104835793375969, z : 0.006318800151348114, vx : -0.017302120104432106, vy : 0.02082236111164093, vz : -3.477521204331424e-06}
ahrs AHRS2 {roll : 0.0019493296276777983, pitch : 0.001720150583423674, yaw : -0.1223812997341156, altitude : 584.0899658203125, lat : -353632621, lng : 1491652374}
xyz LOCAL_POSITION_NED {time_boot_ms : 44752, x : -0.00944494642317295, y : 0.011356373317539692, z : 0.0063181910663843155, vx : -0.017478184774518013, vy : 0.021018194034695625, vz : -1.3426695204543648e-06}
ahrs AHRS2 {roll : 0.0019475792068988085, pitch : 0.0017188257770612836, yaw : -0.12240543961524963, altitude : 584.0899658203125, lat : -353632621, lng : 1491652374}
xyz LOCAL_POSITION_NED {time_boot_ms : 44787, x : -0.009661310352385044, y : 0.01161975134164095, z : 0.00631684809923172, vx : -0.01759955659508705, vy : 0.021196274086833, vz : -1.7485974240116775e-05}
ahrs AHRS2 {roll : 0.0019476133165881038, pitch : 0.0017174753593280911, yaw : -0.12242108583450317, altitude : 584.0899658203125, lat : -353632621, lng : 1491652374}
xyz LOCAL_POSITION_NED {time_boot_ms : 44819, x : -0.009647207334637642, y : 0.011607428081333637, z : 0.006314643658697605, vx : -0.017535129562020302, vy : 0.02111431211233139, vz : -1.3665322512679268e-05}
ahrs AHRS2 {roll : 0.0019471418345347047, pitch : 0.0017159668495878577, yaw : -0.12244043499231339, altitude : 584.0899658203125, lat : -353632621, lng : 1491652374}
xyz LOCAL_POSITION_NED {time_boot_ms : 44852, x : -0.009775837883353233, y : 0.01176446583122015, z : 0.006313756573945284, vx : -0.01759205386042595, vy : 0.021154241636395454, vz : 1.8039107089862227e-05}
ahrs AHRS2 {roll : 0.0019469967810437083, pitch : 0.0017140978015959263, yaw : -0.12246416509151459, altitude : 584.0899658203125, lat : -353632621, lng : 1491652374}
xyz LOCAL_POSITION_NED {time_boot_ms : 44884, x : -0.00974824745208025, y : 0.011734780855476856, z : 0.006312989164143801, vx : -0.01752442494034767, vy : 0.02110586129128933, vz : 1.566876017022878e-05}
ahrs AHRS2 {roll : 0.0019463174976408482, pitch : 0.0017125060549005866, yaw : -0.12248017638921738, altitude : 584.0899658203125, lat : -353632621, lng : 1491652374}
xyz LOCAL_POSITION_NED {time_boot_ms : 44917, x : -0.009793689474463463, y : 0.011791929602622986, z : 0.006312144920229912, vx : -0.017550306394696236, vy : 0.021090520545840263, vz : 1.5979197996784933e-05}
ahrs AHRS2 {roll : 0.0019475248409435153, pitch : 0.0017098671523854136, yaw : -0.12249928712844849, altitude : 584.0899658203125, lat : -353632621, lng : 1491652374}
xyz LOCAL_POSITION_NED {time_boot_ms : 44952, x : -0.010096954181790352, y : 0.012158147990703583, z : 0.00631108321249485, vx : -0.017734013497829437, vy : 0.021347343921661377, vz : -2.256240986753255e-05}
ahrs AHRS2 {roll : 0.0019481851486489177, pitch : 0.0017075382638722658, yaw : -0.12252272665500641, altitude : 584.0899658203125, lat : -353632621, lng : 1491652374}
xyz LOCAL_POSITION_NED {time_boot_ms : 44984, x : -0.01025397889316082, y : 0.012348223477602005, z : 0.006309017073363066, vx : -0.017830008640885353, vy : 0.021449994295835495, vz : -3.8456164475064725e-05}
ahrs AHRS2 {roll : 0.0019478065660223365, pitch : 0.0017086017178371549, yaw : -0.12254038453102112, altitude : 584.0899658203125, lat : -353632621, lng : 1491652374}
xyz LOCAL_POSITION_NED {time_boot_ms : 45016, x : -0.010201895609498024, y : 0.012289115227758884, z : 0.006305697374045849, vx : -0.017707839608192444, vy : 0.021342188119888306, vz : -5.275941293803044e-05}
ahrs AHRS2 {roll : 0.0019491324201226234, pitch : 0.0017085347790271044, yaw : -0.12255765497684479, altitude : 584.0899658203125, lat : -353632621, lng : 1491652374}
xyz LOCAL_POSITION_NED {time_boot_ms : 45049, x : -0.010314377956092358, y : 0.01242764201015234, z : 0.006302654277533293, vx : -0.017750177532434464, vy : 0.021372724324464798, vz : -7.401218317681924e-05}
ahrs AHRS2 {roll : 0.0019485654775053263, pitch : 0.001709455857053399, yaw : -0.12258393317461014, altitude : 584.0899658203125, lat : -353632621, lng : 1491652374}
xyz LOCAL_POSITION_NED {time_boot_ms : 45084, x : -0.010306354612112045, y : 0.012421620078384876, z : 0.006298300344496965, vx : -0.01766766980290413, vy : 0.021294886246323586, vz : -8.183969475794584e-05}
ahrs AHRS2 {roll : 0.0019486615201458335, pitch : 0.0017082669073715806, yaw : -0.12260181456804276, altitude : 584.0899658203125, lat : -353632621, lng : 1491652374}
xyz LOCAL_POSITION_NED {time_boot_ms : 45116, x : -0.010328521952033043, y : 0.01245169248431921, z : 0.0062943678349256516, vx : -0.017615795135498047, vy : 0.021223269402980804, vz : -7.10962776793167e-05}
ahrs AHRS2 {roll : 0.0019479908514767885, pitch : 0.0017067360458895564, yaw : -0.12273716926574707, altitude : 584.0899658203125, lat : -353632621, lng : 1491652374}
xyz LOCAL_POSITION_NED {time_boot_ms : 45359, x : -0.010983952321112156, y : 0.0132594658061862, z : 0.006274683400988579, vx : -0.017648223787546158, vy : 0.02135087549686432, vz : -7.955930777825415e-05}
ahrs AHRS2 {roll : 0.0019493767758831382, pitch : 0.0017086875159293413, yaw : -0.12276066094636917, altitude : 584.0899658203125, lat : -353632621, lng : 1491652374}
xyz LOCAL_POSITION_NED {time_boot_ms : 45394, x : -0.011166793294250965, y : 0.013482277281582355, z : 0.0062714540399611, vx : -0.017758583649992943, vy : 0.021446019411087036, vz : -9.765924187377095e-05}
ahrs AHRS2 {roll : 0.0019497396424412727, pitch : 0.0017084581777453423, yaw : -0.1227731704711914, altitude : 584.0899658203125, lat : -353632621, lng : 1491652374}
xyz LOCAL_POSITION_NED {time_boot_ms : 45426, x : -0.011202927678823471, y : 0.013528350740671158, z : 0.0062678903341293335, vx : -0.017723457887768745, vy : 0.02138431742787361, vz : -0.00011583509331103414}
ahrs AHRS2 {roll : 0.0019500833004713058, pitch : 0.0017079176614060998, yaw : -0.12279274314641953, altitude : 584.0899658203125, lat : -353632621, lng : 1491652374}
xyz LOCAL_POSITION_NED {time_boot_ms : 45459, x : -0.011045222170650959, y : 0.013340625911951065, z : 0.0062641785480082035, vx : -0.01754542998969555, vy : 0.02113874815404415, vz : -0.00011859272490255535}
ahrs AHRS2 {roll : 0.0019506844691932201, pitch : 0.001707889954559505, yaw : -0.1228131502866745, altitude : 584.0899658203125, lat : -353632621, lng : 1491652374}
xyz LOCAL_POSITION_NED {time_boot_ms : 45491, x : -0.010972747579216957, y : 0.013254433870315552, z : 0.006260452792048454, vx : -0.017402902245521545, vy : 0.021000361070036888, vz : -0.00010924970410997048}
ahrs AHRS2 {roll : 0.0019514119485393167, pitch : 0.0017085169674828649, yaw : -0.12282788008451462, altitude : 584.0899658203125, lat : -353632621, lng : 1491652374}
xyz LOCAL_POSITION_NED {time_boot_ms : 45524, x : -0.011156115680932999, y : 0.013476952910423279, z : 0.006256880238652229, vx : -0.01749333180487156, vy : 0.021120086312294006, vz : -0.00012045056064380333}
ahrs AHRS2 {roll : 0.0019503551302477717, pitch : 0.0017099082469940186, yaw : -0.12284468859434128, altitude : 584.0899658203125, lat : -353632621, lng : 1491652374}
xyz LOCAL_POSITION_NED {time_boot_ms : 45559, x : -0.011253253556787968, y : 0.01359501015394926, z : 0.006252047140151262, vx : -0.017512187361717224, vy : 0.02112961933016777, vz : -0.00014488915621768683}
ahrs AHRS2 {roll : 0.0019499517511576414, pitch : 0.001709874370135367, yaw : -0.12286558747291565, altitude : 584.0899658203125, lat : -353632621, lng : 1491652374}
xyz LOCAL_POSITION_NED {time_boot_ms : 45591, x : -0.01137508824467659, y : 0.013742983341217041, z : 0.006247254554182291, vx : -0.017524827271699905, vy : 0.02116245962679386, vz : -0.0001566614955663681}
ahrs AHRS2 {roll : 0.0019493032013997436, pitch : 0.0017090257024392486, yaw : -0.1228794977068901, altitude : 584.0899658203125, lat : -353632621, lng : 1491652374}
xyz LOCAL_POSITION_NED {time_boot_ms : 45624, x : -0.011394072324037552, y : 0.013768527656793594, z : 0.006242736242711544, vx : -0.017474185675382614, vy : 0.02109595574438572, vz : -0.00015505323244724423}
ahrs AHRS2 {roll : 0.001948515884578228, pitch : 0.001712090102955699, yaw : -0.12289699167013168, altitude : 584.0899658203125, lat : -353632621, lng : 1491652374}
xyz LOCAL_POSITION_NED {time_boot_ms : 45656, x : -0.0112168462947011, y : 0.013556767255067825, z : 0.006238928530365229, vx : -0.017277579754590988, vy : 0.02085866965353489, vz : -0.00012896645057480782}
ahrs AHRS2 {roll : 0.0019476324087008834, pitch : 0.0017117176903411746, yaw : -0.12291612476110458, altitude : 584.0899658203125, lat : -353632621, lng : 1491652374}
xyz LOCAL_POSITION_NED {time_boot_ms : 45689, x : -0.011320085264742374, y : 0.01368236169219017, z : 0.006235231179744005, vx : -0.017316017299890518, vy : 0.02089521661400795, vz : -0.00013494581799022853}
ahrs AHRS2 {roll : 0.0019501119386404753, pitch : 0.0017099464312195778, yaw : -0.12293078750371933, altitude : 584.0899658203125, lat : -353632621, lng : 1491652374}
xyz LOCAL_POSITION_NED {time_boot_ms : 45724, x : -0.011324896477162838, y : 0.01368974894285202, z : 0.006231403443962336, vx : -0.01723228022456169, vy : 0.02081710658967495, vz : -0.0001318697031820193}
ahrs AHRS2 {roll : 0.001950969104655087, pitch : 0.0017096088267862797, yaw : -0.12294666469097137, altitude : 584.0899658203125, lat : -353632621, lng : 1491652374}
xyz LOCAL_POSITION_NED {time_boot_ms : 45756, x : -0.011376049369573593, y : 0.01375318132340908, z : 0.0062281303107738495, vx : -0.017217516899108887, vy : 0.0208068136125803, vz : -0.00011443081893958151}
ahrs AHRS2 {roll : 0.001950324745848775, pitch : 0.0017110934713855386, yaw : -0.12296535074710846, altitude : 584.0899658203125, lat : -353632621, lng : 1491652374}
xyz LOCAL_POSITION_NED {time_boot_ms : 45789, x : -0.011612825095653534, y : 0.014040522277355194, z : 0.0062255701050162315, vx : -0.01736457273364067, vy : 0.02099568583071232, vz : -9.075980051420629e-05}
ahrs AHRS2 {roll : 0.0019531615544110537, pitch : 0.001710982178337872, yaw : -0.12298175692558289, altitude : 584.0899658203125, lat : -353632621, lng : 1491652374}
xyz LOCAL_POSITION_NED {time_boot_ms : 45821, x : -0.011488658376038074, y : 0.013894074596464634, z : 0.006224312353879213, vx : -0.01719970628619194, vy : 0.02079954370856285, vz : -7.277289114426821e-05}
ahrs AHRS2 {roll : 0.0019544141832739115, pitch : 0.0017104860162362456, yaw : -0.12299665063619614, altitude : 584.0899658203125, lat : -353632621, lng : 1491652374}
xyz LOCAL_POSITION_NED {time_boot_ms : 45854, x : -0.011281594634056091, y : 0.013647153042256832, z : 0.0062234122306108475, vx : -0.01696179434657097, vy : 0.020508887246251106, vz : -0.00011007738794432953}
ahrs AHRS2 {roll : 0.0019572393503040075, pitch : 0.0017106500454246998, yaw : -0.12301680445671082, altitude : 584.0899658203125, lat : -353632621, lng : 1491652374}
xyz LOCAL_POSITION_NED {time_boot_ms : 45889, x : -0.011428149417042732, y : 0.013826144859194756, z : 0.006220709532499313, vx : -0.017019081860780716, vy : 0.020580530166625977, vz : -9.651452273828909e-05}
ahrs AHRS2 {roll : 0.0019562572706490755, pitch : 0.0017099925316870213, yaw : -0.1230294406414032, altitude : 584.0899658203125, lat : -353632621, lng : 1491652374}
xyz LOCAL_POSITION_NED {time_boot_ms : 45921, x : -0.011389017105102539, y : 0.013781522400677204, z : 0.006218847818672657, vx : -0.01693023554980755, vy : 0.020474031567573547, vz : -0.00013208878226578236}
ahrs AHRS2 {roll : 0.001957095228135586, pitch : 0.0017098564421758056, yaw : -0.12304364889860153, altitude : 584.0899658203125, lat : -353632621, lng : 1491652374}
xyz LOCAL_POSITION_NED {time_boot_ms : 45954, x : -0.011398755013942719, y : 0.013794651255011559, z : 0.006216083653271198, vx : -0.01688447967171669, vy : 0.02039385959506035, vz : -0.00014597713015973568}
ahrs AHRS2 {roll : 0.001956027001142502, pitch : 0.001709004514850676, yaw : -0.12306573987007141, altitude : 584.0899658203125, lat : -353632621, lng : 1491652374}
xyz LOCAL_POSITION_NED {time_boot_ms : 45986, x : -0.011651339940726757, y : 0.014100500382483006, z : 0.006212721578776836, vx : -0.016999542713165283, vy : 0.02053387463092804, vz : -0.0001385673531331122}
ahrs AHRS2 {roll : 0.001954530831426382, pitch : 0.0017072072951123118, yaw : -0.12307910621166229, altitude : 584.0899658203125, lat : -353632621, lng : 1491652374}
xyz LOCAL_POSITION_NED {time_boot_ms : 46019, x : -0.01148398220539093, y : 0.013901677913963795, z : 0.0062110284343361855, vx : -0.016786623746156693, vy : 0.020334988832473755, vz : -0.00010725554602686316}
ahrs AHRS2 {roll : 0.001955312443897128, pitch : 0.0017059457022696733, yaw : -0.12309595942497253, altitude : 584.0899658203125, lat : -353632621, lng : 1491652374}
xyz LOCAL_POSITION_NED {time_boot_ms : 46054, x : -0.01131922286003828, y : 0.013706155121326447, z : 0.006209154613316059, vx : -0.016620006412267685, vy : 0.0201089046895504, vz : -0.00011108117178082466}
ahrs AHRS2 {roll : 0.0019559268839657307, pitch : 0.0017068102024495602, yaw : -0.12311641871929169, altitude : 584.0899658203125, lat : -353632621, lng : 1491652374}
xyz LOCAL_POSITION_NED {time_boot_ms : 46086, x : -0.011423902586102486, y : 0.013834758661687374, z : 0.006206965073943138, vx : -0.01663362607359886, vy : 0.02012476697564125, vz : -0.00010771590314107016}
ahrs AHRS2 {roll : 0.0019562600646167994, pitch : 0.0017085764557123184, yaw : -0.12312879413366318, altitude : 584.0899658203125, lat : -353632621, lng : 1491652374}
xyz LOCAL_POSITION_NED {time_boot_ms : 46119, x : -0.011357255280017853, y : 0.013756935484707355, z : 0.006205153651535511, vx : -0.01650553196668625, vy : 0.019980866461992264, vz : -0.00010608908633003011}
ahrs AHRS2 {roll : 0.0019560044165700674, pitch : 0.0017082180129364133, yaw : -0.12314214557409286, altitude : 584.0899658203125, lat : -353632621, lng : 1491652374}
xyz LOCAL_POSITION_NED {time_boot_ms : 46151, x : -0.011534352786839008, y : 0.01397324725985527, z : 0.006202309392392635, vx : -0.0165649875998497, vy : 0.020063702017068863, vz : -0.00012571245315484703}
ahrs AHRS2 {roll : 0.0019547066185623407, pitch : 0.0017081917030736804, yaw : -0.1231621652841568, altitude : 584.0899658203125, lat : -353632621, lng : 1491652374}
xyz LOCAL_POSITION_NED {time_boot_ms : 46184, x : -0.011605847626924515, y : 0.0140617610886693, z : 0.006199150811880827, vx : -0.016564182937145233, vy : 0.020060403272509575, vz : -0.00016090570716187358}
ahrs AHRS2 {roll : 0.001953539438545704, pitch : 0.001710250973701477, yaw : -0.12317483872175217, altitude : 584.0899658203125, lat : -353632621, lng : 1491652374}
xyz LOCAL_POSITION_NED {time_boot_ms : 46217, x : -0.011313242837786674, y : 0.01371227577328682, z : 0.00619600061327219, vx : -0.016276085749268532, vy : 0.019735081121325493, vz : -0.00018005180754698813}
ahrs AHRS2 {roll : 0.0019547322299331427, pitch : 0.0017111309571191669, yaw : -0.12318910658359528, altitude : 584.0899658203125, lat : -353632621, lng : 1491652374}
xyz LOCAL_POSITION_NED {time_boot_ms : 46252, x : -0.01115642674267292, y : 0.013525989837944508, z : 0.006191746331751347, vx : -0.016135210171341896, vy : 0.0195082426071167, vz : -0.00020262030011508614}
ahrs AHRS2 {roll : 0.0019554656464606524, pitch : 0.0017110919579863548, yaw : -0.12320944666862488, altitude : 584.0899658203125, lat : -353632621, lng : 1491652374}
xyz LOCAL_POSITION_NED {time_boot_ms : 46284, x : -0.011248134076595306, y : 0.01363762654364109, z : 0.006186485756188631, vx : -0.016161521896719933, vy : 0.01953306421637535, vz : -0.00020742470223922282}
ahrs AHRS2 {roll : 0.001954752253368497, pitch : 0.0017125776503235102, yaw : -0.12322423607110977, altitude : 584.0899658203125, lat : -353632621, lng : 1491652374}
xyz LOCAL_POSITION_NED {time_boot_ms : 46317, x : -0.011190319433808327, y : 0.013568715192377567, z : 0.006181991659104824, vx : -0.016073569655418396, vy : 0.019427679479122162, vz : -0.00018014195666182786}
ahrs AHRS2 {roll : 0.0019560956861823797, pitch : 0.0017121991841122508, yaw : -0.12323710322380066, altitude : 584.0899658203125, lat : -353632621, lng : 1491652374}
xyz LOCAL_POSITION_NED {time_boot_ms : 46349, x : -0.01136827189475298, y : 0.01378367468714714, z : 0.006177582778036594, vx : -0.01616339385509491, vy : 0.019499655812978745, vz : -0.00016046101518440992}
ahrs AHRS2 {roll : 0.0019574197940528393, pitch : 0.0017126158345490694, yaw : -0.12325827777385712, altitude : 584.0899658203125, lat : -353632621, lng : 1491652374}
xyz LOCAL_POSITION_NED {time_boot_ms : 46382, x : -0.011432506144046783, y : 0.013860209845006466, z : 0.006174560636281967, vx : -0.016134005039930344, vy : 0.019487010315060616, vz : -0.00012847752077504992}
ahrs AHRS2 {roll : 0.001956692896783352, pitch : 0.0017116761300712824, yaw : -0.12327253073453903, altitude : 584.0899658203125, lat : -353632621, lng : 1491652374}
xyz LOCAL_POSITION_NED {time_boot_ms : 46417, x : -0.011314481496810913, y : 0.013717995956540108, z : 0.006172750145196915, vx : -0.015993203967809677, vy : 0.019291309639811516, vz : -0.00015570493997074664}
ahrs AHRS2 {roll : 0.0019566311966627836, pitch : 0.0017091863555833697, yaw : -0.1232854500412941, altitude : 584.0899658203125, lat : -353632621, lng : 1491652374}
xyz LOCAL_POSITION_NED {time_boot_ms : 46449, x : -0.01133554708212614, y : 0.013742977753281593, z : 0.006169844418764114, vx : -0.015981758013367653, vy : 0.019255828112363815, vz : -0.0001705357281025499}
ahrs AHRS2 {roll : 0.0019559517968446016, pitch : 0.0017108966130763292, yaw : -0.12330418080091476, altitude : 584.0899658203125, lat : -353632621, lng : 1491652374}
xyz LOCAL_POSITION_NED {time_boot_ms : 46482, x : -0.01116871740669012, y : 0.013539877720177174, z : 0.006167746149003506, vx : -0.015824059024453163, vy : 0.01903766579926014, vz : -0.00018479903519619256}
ahrs AHRS2 {roll : 0.001956285908818245, pitch : 0.001709744450636208, yaw : -0.12331769615411758, altitude : 584.0899658203125, lat : -353632621, lng : 1491652374}
xyz LOCAL_POSITION_NED {time_boot_ms : 46514, x : -0.011111303232610226, y : 0.01346858311444521, z : 0.006165210157632828, vx : -0.01573685184121132, vy : 0.018938032910227776, vz : -0.0001646408054511994}
ahrs AHRS2 {roll : 0.0019545909017324448, pitch : 0.0017103584250435233, yaw : -0.12333013117313385, altitude : 584.0899658203125, lat : -353632621, lng : 1491652374}
xyz LOCAL_POSITION_NED {time_boot_ms : 46547, x : -0.011264362372457981, y : 0.013650726526975632, z : 0.006162448786199093, vx : -0.015813803300261497, vy : 0.01900775171816349, vz : -0.00013301108265295625}
ahrs AHRS2 {roll : 0.001953889848664403, pitch : 0.001711187418550253, yaw : -0.12335407733917236, altitude : 584.0899658203125, lat : -353632621, lng : 1491652374}
xyz LOCAL_POSITION_NED {time_boot_ms : 46582, x : -0.01135607622563839, y : 0.013758356682956219, z : 0.00616102060303092, vx : -0.015819355845451355, vy : 0.019017284736037254, vz : -0.00013078113261144608}
ahrs AHRS2 {roll : 0.0019557448104023933, pitch : 0.0017119430704042315, yaw : -0.12336713075637817, altitude : 584.0899658203125, lat : -353632621, lng : 1491652374}
xyz LOCAL_POSITION_NED {time_boot_ms : 46614, x : -0.011201802641153336, y : 0.013571085408329964, z : 0.0061608124524354935, vx : -0.01562497578561306, vy : 0.01881023496389389, vz : -0.00012059025902999565}
ahrs AHRS2 {roll : 0.001957024447619915, pitch : 0.0017125079175457358, yaw : -0.12338090687990189, altitude : 584.0899658203125, lat : -353632621, lng : 1491652374}
xyz LOCAL_POSITION_NED {time_boot_ms : 46647, x : -0.011200569570064545, y : 0.013568704947829247, z : 0.006159408949315548, vx : -0.015596888959407806, vy : 0.018759338185191154, vz : -0.00014258670853450894}
ahrs AHRS2 {roll : 0.0019605776760727167, pitch : 0.0017136407550424337, yaw : -0.12339936941862106, altitude : 584.0899658203125, lat : -353632621, lng : 1491652374}
xyz LOCAL_POSITION_NED {time_boot_ms : 46679, x : -0.011052467860281467, y : 0.013388318940997124, z : 0.006158314645290375, vx : -0.015440230257809162, vy : 0.01858275942504406, vz : -0.00015905957843642682}
ahrs AHRS2 {roll : 0.0019597585778683424, pitch : 0.0017129740444943309, yaw : -0.12341365218162537, altitude : 584.0899658203125, lat : -353632621, lng : 1491652374}
xyz LOCAL_POSITION_NED {time_boot_ms : 46712, x : -0.01114457007497549, y : 0.013499215245246887, z : 0.006155172362923622, vx : -0.015450751408934593, vy : 0.018627379089593887, vz : -0.00019465418881736696}
ahrs AHRS2 {roll : 0.0019595767371356487, pitch : 0.0017139837145805359, yaw : -0.12342611700296402, altitude : 584.0899658203125, lat : -353632621, lng : 1491652374}
xyz LOCAL_POSITION_NED {time_boot_ms : 46747, x : -0.01115289144217968, y : 0.013509446755051613, z : 0.006151673384010792, vx : -0.015397725626826286, vy : 0.01860206387937069, vz : -0.00018186040688306093}
ahrs AHRS2 {roll : 0.0019593052566051483, pitch : 0.0017156917601823807, yaw : -0.12344752997159958, altitude : 584.0899658203125, lat : -353632621, lng : 1491652374}
xyz LOCAL_POSITION_NED {time_boot_ms : 46779, x : -0.011208156123757362, y : 0.013576698489487171, z : 0.0061486512422561646, vx : -0.015404397621750832, vy : 0.018612345680594444, vz : -0.00017899966042023152}
ahrs AHRS2 {roll : 0.001960871974006295, pitch : 0.0017145405290648341, yaw : -0.12346135079860687, altitude : 584.0899658203125, lat : -353632621, lng : 1491652374}
xyz LOCAL_POSITION_NED {time_boot_ms : 46812, x : -0.011284495703876019, y : 0.01367015577852726, z : 0.006145324558019638, vx : -0.015423713251948357, vy : 0.018636047840118408, vz : -0.00020411948207765818}
ahrs AHRS2 {roll : 0.001961050322279334, pitch : 0.001715764170512557, yaw : -0.12347458302974701, altitude : 584.0899658203125, lat : -353632621, lng : 1491652374}
xyz LOCAL_POSITION_NED {time_boot_ms : 46844, x : -0.011039525270462036, y : 0.013376393355429173, z : 0.006143213249742985, vx : -0.01517935935407877, vy : 0.01833951100707054, vz : -0.00021604480571113527}
ahrs AHRS2 {roll : 0.0019618752412497997, pitch : 0.001719471882097423, yaw : -0.12349444627761841, altitude : 584.0899658203125, lat : -353632621, lng : 1491652374}
xyz LOCAL_POSITION_NED {time_boot_ms : 46877, x : -0.010860667563974857, y : 0.0131616722792387, z : 0.006140496581792831, vx : -0.015034334734082222, vy : 0.018115948885679245, vz : -0.00022366325720213354}
ahrs AHRS2 {roll : 0.001961331581696868, pitch : 0.0017221177695319057, yaw : -0.12351024895906448, altitude : 584.0899658203125, lat : -353632621, lng : 1491652374}
xyz LOCAL_POSITION_NED {time_boot_ms : 46912, x : -0.01100931130349636, y : 0.013339655473828316, z : 0.006135031580924988, vx : -0.015140107832849026, vy : 0.018187573179602623, vz : -0.00022684676514472812}
ahrs AHRS2 {roll : 0.0019589511211961508, pitch : 0.0017231948440894485, yaw : -0.1235179603099823, altitude : 584.0899658203125, lat : -353632621, lng : 1491652374}
xyz LOCAL_POSITION_NED {time_boot_ms : 46944, x : -0.010975534096360207, y : 0.01329710055142641, z : 0.006131133530288935, vx : -0.01505976915359497, vy : 0.01811818964779377, vz : -0.00022802680905442685}
ahrs AHRS2 {roll : 0.001961809815838933, pitch : 0.001722685876302421, yaw : -0.12353642284870148, altitude : 584.0899658203125, lat : -353632621, lng : 1491652374}
xyz LOCAL_POSITION_NED {time_boot_ms : 46977, x : -0.011013994924724102, y : 0.013340958394110203, z : 0.006126789376139641, vx : -0.015079083852469921, vy : 0.018108312040567398, vz : -0.00023717251315247267}
ahrs AHRS2 {roll : 0.001962297363206744, pitch : 0.0017240406014025211, yaw : -0.12355049699544907, altitude : 584.0899658203125, lat : -353632621, lng : 1491652374}
xyz LOCAL_POSITION_NED {time_boot_ms : 47009, x : -0.011098343878984451, y : 0.013440768234431744, z : 0.006122332997620106, vx : -0.015101447701454163, vy : 0.018123621121048927, vz : -0.000239566492382437}
ahrs AHRS2 {roll : 0.001961371162906289, pitch : 0.0017272905679419637, yaw : -0.12355770170688629, altitude : 584.0899658203125, lat : -353632621, lng : 1491652374}
xyz LOCAL_POSITION_NED {time_boot_ms : 47042, x : -0.01084042526781559, y : 0.013128802180290222, z : 0.0061199720948934555, vx : -0.014835767447948456, vy : 0.017824335023760796, vz : -0.00023319419415201992}
ahrs AHRS2 {roll : 0.0019633814226835966, pitch : 0.001728134579025209, yaw : -0.12357967346906662, altitude : 584.0899658203125, lat : -353632621, lng : 1491652374}
xyz LOCAL_POSITION_NED {time_boot_ms : 47076, x : -0.010708795860409737, y : 0.012969069182872772, z : 0.0061165159568190575, vx : -0.014683597721159458, vy : 0.017642294988036156, vz : -0.00023067834263201803}
ahrs AHRS2 {roll : 0.0019612584728747606, pitch : 0.001727783470414579, yaw : -0.12359452992677689, altitude : 584.0899658203125, lat : -353632621, lng : 1491652374}
xyz LOCAL_POSITION_NED {time_boot_ms : 47109, x : -0.010800490155816078, y : 0.013078225776553154, z : 0.006112389266490936, vx : -0.014686856418848038, vy : 0.01766870729625225, vz : -0.0002071255148621276}
ahrs AHRS2 {roll : 0.001961676636710763, pitch : 0.0017292618285864592, yaw : -0.12360534071922302, altitude : 584.0899658203125, lat : -353632621, lng : 1491652374}
xyz LOCAL_POSITION_NED {time_boot_ms : 47141, x : -0.010762574151158333, y : 0.013031180948019028, z : 0.006109702400863171, vx : -0.014661193825304508, vy : 0.01760389469563961, vz : -0.00020983857393730432}
ahrs AHRS2 {roll : 0.001961312722414732, pitch : 0.001731567201204598, yaw : -0.12362585961818695, altitude : 584.0899658203125, lat : -353632621, lng : 1491652374}
xyz LOCAL_POSITION_NED {time_boot_ms : 47174, x : -0.010936636477708817, y : 0.013238655403256416, z : 0.006105631589889526, vx : -0.014745031483471394, vy : 0.01769498735666275, vz : -0.00018529125372879207}
ahrs AHRS2 {roll : 0.001962197246029973, pitch : 0.0017328072572126985, yaw : -0.12364015728235245, altitude : 584.0899658203125, lat : -353632621, lng : 1491652374}
xyz LOCAL_POSITION_NED {time_boot_ms : 47209, x : -0.010910862125456333, y : 0.013205732218921185, z : 0.006103698164224625, vx : -0.014668097719550133, vy : 0.017605239525437355, vz : -0.00020403553207870573}
ahrs AHRS2 {roll : 0.0019646864384412766, pitch : 0.0017370941350236535, yaw : -0.12365029007196426, altitude : 584.0899658203125, lat : -353632621, lng : 1491652374}
xyz LOCAL_POSITION_NED {time_boot_ms : 47241, x : -0.010653097182512283, y : 0.012894331477582455, z : 0.006102850195020437, vx : -0.01442648470401764, vy : 0.017342958599328995, vz : -0.00020334222062956542}
ahrs AHRS2 {roll : 0.001965323695912957, pitch : 0.0017376178875565529, yaw : -0.12367147952318192, altitude : 584.0899658203125, lat : -353632621, lng : 1491652374}
xyz LOCAL_POSITION_NED {time_boot_ms : 47274, x : -0.010686609894037247, y : 0.012934360653162003, z : 0.006100087892264128, vx : -0.014407146722078323, vy : 0.017336996272206306, vz : -0.0001842369674704969}
ahrs AHRS2 {roll : 0.0019652415066957474, pitch : 0.0017401461955159903, yaw : -0.12368712574243546, altitude : 584.0899658203125, lat : -353632621, lng : 1491652374}
xyz LOCAL_POSITION_NED {time_boot_ms : 47306, x : -0.010571460239589214, y : 0.012795115821063519, z : 0.006099370773881674, vx : -0.014297572895884514, vy : 0.017192278057336807, vz : -0.0001834646100178361}
ahrs AHRS2 {roll : 0.001965885516256094, pitch : 0.0017418678617104888, yaw : -0.12369710206985474, altitude : 584.0899658203125, lat : -353632621, lng : 1491652374}
xyz LOCAL_POSITION_NED {time_boot_ms : 47339, x : -0.010532354936003685, y : 0.012747632339596748, z : 0.006098452489823103, vx : -0.014243703335523605, vy : 0.01711299456655979, vz : -0.00017176714027300477}
ahrs AHRS2 {roll : 0.0019688764587044716, pitch : 0.00174505275208503, yaw : -0.12371993809938431, altitude : 584.0899658203125, lat : -353632621, lng : 1491652374}
xyz LOCAL_POSITION_NED {time_boot_ms : 47374, x : -0.010736602358520031, y : 0.012992245145142078, z : 0.0060957567766308784, vx : -0.014363779686391354, vy : 0.017259007319808006, vz : -0.00015087818610481918}
ahrs AHRS2 {roll : 0.001968056196346879, pitch : 0.0017447331920266151, yaw : -0.12373088300228119, altitude : 584.0899658203125, lat : -353632621, lng : 1491652374}
xyz LOCAL_POSITION_NED {time_boot_ms : 47406, x : -0.01067402958869934, y : 0.012915863655507565, z : 0.006096208933740854, vx : -0.01429236214607954, vy : 0.017161617055535316, vz : -0.0001177134327008389}
ahrs AHRS2 {roll : 0.001968445023521781, pitch : 0.0017451783642172813, yaw : -0.12374040484428406, altitude : 584.0899658203125, lat : -353632621, lng : 1491652374}
xyz LOCAL_POSITION_NED {time_boot_ms : 47439, x : -0.010419756174087524, y : 0.012609388679265976, z : 0.006098346319049597, vx : -0.014053897932171822, vy : 0.016885655000805855, vz : -0.00010995759657816961}
ahrs AHRS2 {roll : 0.001969350501894951, pitch : 0.0017455621855333447, yaw : -0.12375790625810623, altitude : 584.0899658203125, lat : -353632621, lng : 1491652374}
xyz LOCAL_POSITION_NED {time_boot_ms : 47471, x : -0.010450794361531734, y : 0.012646462768316269, z : 0.00609822291880846, vx : -0.014012007042765617, vy : 0.016854312270879745, vz : -0.00010245775774819776}
ahrs AHRS2 {roll : 0.0019706275779753923, pitch : 0.0017484738491475582, yaw : -0.12377192825078964, altitude : 584.0899658203125, lat : -353632621, lng : 1491652374}
xyz LOCAL_POSITION_NED {time_boot_ms : 47504, x : -0.010336366482079029, y : 0.012508297339081764, z : 0.0061010983772575855, vx : -0.01391339860856533, vy : 0.016699805855751038, vz : -7.20115567673929e-05}
ahrs AHRS2 {roll : 0.0019711311906576157, pitch : 0.0017490534810349345, yaw : -0.12378004193305969, altitude : 584.0899658203125, lat : -353632621, lng : 1491652374}
xyz LOCAL_POSITION_NED {time_boot_ms : 47539, x : -0.010331784375011921, y : 0.01250135712325573, z : 0.006102954503148794, vx : -0.013851378113031387, vy : 0.01662263087928295, vz : -7.929099228931591e-05}
ahrs AHRS2 {roll : 0.0019742848817259073, pitch : 0.0017496177460998297, yaw : -0.12379821389913559, altitude : 584.0899658203125, lat : -353632621, lng : 1491652374}
xyz LOCAL_POSITION_NED {time_boot_ms : 47571, x : -0.010494440793991089, y : 0.01269564125686884, z : 0.006103383377194405, vx : -0.013938581570982933, vy : 0.01671549677848816, vz : -7.942572847241536e-05}
ahrs AHRS2 {roll : 0.001975300256162882, pitch : 0.0017525183502584696, yaw : -0.12381314486265182, altitude : 584.0899658203125, lat : -353632621, lng : 1491652374}
xyz LOCAL_POSITION_NED {time_boot_ms : 47604, x : -0.010431942529976368, y : 0.01261813286691904, z : 0.00610527116805315, vx : -0.013894662261009216, vy : 0.016621122136712074, vz : -9.206973481923342e-05}
ahrs AHRS2 {roll : 0.0019776809494942427, pitch : 0.0017535731894895434, yaw : -0.12382196635007858, altitude : 584.0899658203125, lat : -353632621, lng : 1491652374}
xyz LOCAL_POSITION_NED {time_boot_ms : 47636, x : -0.010405045002698898, y : 0.012582623399794102, z : 0.006105054169893265, vx : -0.013868250884115696, vy : 0.01656411774456501, vz : -9.564314677845687e-05}
ahrs AHRS2 {roll : 0.0019778560381382704, pitch : 0.0017549949698150158, yaw : -0.12384166568517685, altitude : 584.0899658203125, lat : -353632621, lng : 1491652374}
xyz LOCAL_POSITION_NED {time_boot_ms : 47669, x : -0.010213258676230907, y : 0.012348129414021969, z : 0.006105340551584959, vx : -0.013710828498005867, vy : 0.01634831726551056, vz : -0.00011169684876222163}
ahrs AHRS2 {roll : 0.0019807866774499416, pitch : 0.0017563512083142996, yaw : -0.12385734170675278, altitude : 584.0899658203125, lat : -353632621, lng : 1491652374}
xyz LOCAL_POSITION_NED {time_boot_ms : 47704, x : -0.010138220153748989, y : 0.012252194806933403, z : 0.006106165237724781, vx : -0.01365638431161642, vy : 0.01624269224703312, vz : -8.321971108671278e-05}
ahrs AHRS2 {roll : 0.0019818530417978764, pitch : 0.001755275996401906, yaw : -0.12386669218540192, altitude : 584.0899658203125, lat : -353632621, lng : 1491652374}
xyz LOCAL_POSITION_NED {time_boot_ms : 47736, x : -0.01025506854057312, y : 0.012386729009449482, z : 0.006105778738856316, vx : -0.013713770546019077, vy : 0.016315428540110588, vz : -7.859965990064666e-05}
ahrs AHRS2 {roll : 0.001980923116207123, pitch : 0.001757760881446302, yaw : -0.12388315796852112, altitude : 584.0899658203125, lat : -353632621, lng : 1491652374}
xyz LOCAL_POSITION_NED {time_boot_ms : 47769, x : -0.01025569811463356, y : 0.012381398119032383, z : 0.0061064111068844795, vx : -0.01370153483003378, vy : 0.01628183387219906, vz : -9.277316712541506e-05}
ahrs AHRS2 {roll : 0.001982300542294979, pitch : 0.0017593418015167117, yaw : -0.12389648705720901, altitude : 584.0899658203125, lat : -353632621, lng : 1491652374}
xyz LOCAL_POSITION_NED {time_boot_ms : 47801, x : -0.010209931060671806, y : 0.01232067309319973, z : 0.006107657682150602, vx : -0.013642149977385998, vy : 0.016201503574848175, vz : -5.882617551833391e-05}
ahrs AHRS2 {roll : 0.001983450958505273, pitch : 0.0017590955831110477, yaw : -0.12390512228012085, altitude : 584.0899658203125, lat : -353632621, lng : 1491652374}
xyz LOCAL_POSITION_NED {time_boot_ms : 47834, x : -0.010174189694225788, y : 0.012273029424250126, z : 0.006108016241341829, vx : -0.013612517155706882, vy : 0.016148056834936142, vz : -7.299239950953051e-05}
ahrs AHRS2 {roll : 0.0019837033469229937, pitch : 0.001759503735229373, yaw : -0.12392338365316391, altitude : 584.0899658203125, lat : -353632621, lng : 1491652374}
xyz LOCAL_POSITION_NED {time_boot_ms : 47869, x : -0.010023748502135277, y : 0.012086782604455948, z : 0.006109263282269239, vx : -0.013492225669324398, vy : 0.015975847840309143, vz : -4.869519761996344e-05}
ahrs AHRS2 {roll : 0.001983485883101821, pitch : 0.0017601791769266129, yaw : -0.1239372193813324, altitude : 584.0899658203125, lat : -353632621, lng : 1491652374}
xyz LOCAL_POSITION_NED {time_boot_ms : 47901, x : -0.009931103326380253, y : 0.011969005689024925, z : 0.006111086346209049, vx : -0.013425981625914574, vy : 0.01586393639445305, vz : -4.951923983753659e-05}
ahrs AHRS2 {roll : 0.001983497990295291, pitch : 0.0017616708064451814, yaw : -0.12394635379314423, altitude : 584.0899658203125, lat : -353632621, lng : 1491652374}
xyz LOCAL_POSITION_NED {time_boot_ms : 47934, x : -0.010037288069725037, y : 0.012090129777789116, z : 0.006111735478043556, vx : -0.013486900366842747, vy : 0.01595156267285347, vz : -3.343655407661572e-05}
ahrs AHRS2 {roll : 0.0019844449125230312, pitch : 0.0017612187657505274, yaw : -0.12396392971277237, altitude : 584.0899658203125, lat : -353632621, lng : 1491652374}
xyz LOCAL_POSITION_NED {time_boot_ms : 47966, x : -0.010063903406262398, y : 0.01211502868682146, z : 0.006113611161708832, vx : -0.013472888618707657, vy : 0.01593737304210663, vz : -3.722795736393891e-05}
ahrs AHRS2 {roll : 0.0019840162713080645, pitch : 0.0017639821162447333, yaw : -0.1239778995513916, altitude : 584.0899658203125, lat : -353632621, lng : 1491652374}
xyz LOCAL_POSITION_NED {time_boot_ms : 47999, x : -0.010245200246572495, y : 0.012325720861554146, z : 0.006114805117249489, vx : -0.013599996455013752, vy : 0.01606253907084465, vz : -2.36970154219307e-05}
ahrs AHRS2 {roll : 0.0019867857918143272, pitch : 0.001767700188793242, yaw : -0.12398864328861237, altitude : 584.0899658203125, lat : -353632621, lng : 1491652374}
xyz LOCAL_POSITION_NED {time_boot_ms : 48034, x : -0.010010166093707085, y : 0.012040453962981701, z : 0.006117011420428753, vx : -0.013382699340581894, vy : 0.01583009399473667, vz : -1.7913956980919465e-05}
ahrs AHRS2 {roll : 0.0019879951141774654, pitch : 0.0017697627190500498, yaw : -0.12400569766759872, altitude : 584.0899658203125, lat : -353632621, lng : 1491652374}
xyz LOCAL_POSITION_NED {time_boot_ms : 48066, x : -0.00984169915318489, y : 0.0118347043171525, z : 0.0061184619553387165, vx : -0.013258303515613079, vy : 0.015664661303162575, vz : -3.380282214493491e-05}
ahrs AHRS2 {roll : 0.0019899026956409216, pitch : 0.0017724281642585993, yaw : -0.12401673942804337, altitude : 584.0899658203125, lat : -353632621, lng : 1491652374}
xyz LOCAL_POSITION_NED {time_boot_ms : 48099, x : -0.009898684918880463, y : 0.011897803284227848, z : 0.006119509227573872, vx : -0.013285349123179913, vy : 0.01567744091153145, vz : -3.3147829526569694e-05}
ahrs AHRS2 {roll : 0.0019903581123799086, pitch : 0.0017707697115838528, yaw : -0.1240265890955925, altitude : 584.0899658203125, lat : -353632621, lng : 1491652374}
xyz LOCAL_POSITION_NED {time_boot_ms : 48131, x : -0.00985804945230484, y : 0.01184337679296732, z : 0.006120606791228056, vx : -0.01325403805822134, vy : 0.015615164302289486, vz : -7.168038428062573e-05}
ahrs AHRS2 {roll : 0.0019919343758374453, pitch : 0.0017727435333654284, yaw : -0.12404309213161469, altitude : 584.0899658203125, lat : -353632621, lng : 1491652374}
xyz LOCAL_POSITION_NED {time_boot_ms : 48164, x : -0.009877595119178295, y : 0.011860155500471592, z : 0.006120367906987667, vx : -0.013262777589261532, vy : 0.015621135011315346, vz : -8.477282972307876e-05}
ahrs AHRS2 {roll : 0.00199268595315516, pitch : 0.001774827716872096, yaw : -0.12405643612146378, altitude : 584.0899658203125, lat : -353632621, lng : 1491652374}
xyz LOCAL_POSITION_NED {time_boot_ms : 48199, x : -0.00999434944242239, y : 0.011991497129201889, z : 0.006119910627603531, vx : -0.013348709791898727, vy : 0.01566336490213871, vz : -0.00010534918692428619}
ahrs AHRS2 {roll : 0.0019918279722332954, pitch : 0.0017769860569387674, yaw : -0.12406720221042633, altitude : 584.0899658203125, lat : -353632621, lng : 1491652374}
xyz LOCAL_POSITION_NED {time_boot_ms : 48231, x : -0.00996478833258152, y : 0.011948689818382263, z : 0.00611798744648695, vx : -0.01332907285541296, vy : 0.015603246167302132, vz : -0.00010792531247716397}
ahrs AHRS2 {roll : 0.001994582125917077, pitch : 0.0017762494971975684, yaw : -0.12408165633678436, altitude : 584.0899658203125, lat : -353632621, lng : 1491652374}
xyz LOCAL_POSITION_NED {time_boot_ms : 48264, x : -0.009788425639271736, y : 0.01172972284257412, z : 0.006116959266364574, vx : -0.013195043429732323, vy : 0.015410366468131542, vz : -8.718291064724326e-05}
ahrs AHRS2 {roll : 0.001994471764191985, pitch : 0.0017761568306013942, yaw : -0.12409559637308121, altitude : 584.0899658203125, lat : -353632621, lng : 1491652374}
xyz LOCAL_POSITION_NED {time_boot_ms : 48297, x : -0.009682705625891685, y : 0.011595146730542183, z : 0.006116711534559727, vx : -0.013118746690452099, vy : 0.01532442681491375, vz : -8.593894744990394e-05}
ahrs AHRS2 {roll : 0.001994708087295294, pitch : 0.001776120625436306, yaw : -0.12410495430231094, altitude : 584.0899658203125, lat : -353632621, lng : 1491652374}
xyz LOCAL_POSITION_NED {time_boot_ms : 48329, x : -0.009794579818844795, y : 0.011720054782927036, z : 0.006115670315921307, vx : -0.013187436386942863, vy : 0.015408303588628769, vz : -7.426617958117276e-05}
ahrs AHRS2 {roll : 0.001995066413655877, pitch : 0.0017764385556802154, yaw : -0.12411762028932571, altitude : 584.0899658203125, lat : -353632621, lng : 1491652374}
xyz LOCAL_POSITION_NED {time_boot_ms : 48362, x : -0.00980467814952135, y : 0.01172408927232027, z : 0.006115448661148548, vx : -0.013135544955730438, vy : 0.015376264229416847, vz : -5.1227911171736196e-05}
ahrs AHRS2 {roll : 0.001998560968786478, pitch : 0.0017769518308341503, yaw : -0.12413294613361359, altitude : 584.0899658203125, lat : -353632621, lng : 1491652374}
xyz LOCAL_POSITION_NED {time_boot_ms : 48397, x : -0.009909014217555523, y : 0.0118407616391778, z : 0.006115717813372612, vx : -0.013158310204744339, vy : 0.015432789921760559, vz : -4.825090945814736e-05}
ahrs AHRS2 {roll : 0.001995793776586652, pitch : 0.0017751166597008705, yaw : -0.1241491362452507, altitude : 584.0899658203125, lat : -353632621, lng : 1491652374}
xyz LOCAL_POSITION_NED {time_boot_ms : 48429, x : -0.009874045848846436, y : 0.011795400641858578, z : 0.006115663796663284, vx : -0.013111360371112823, vy : 0.015412735752761364, vz : -5.5634049203945324e-05}
ahrs AHRS2 {roll : 0.001993709011003375, pitch : 0.0017734492430463433, yaw : -0.12417186051607132, altitude : 584.0899658203125, lat : -353632621, lng : 1491652374}
xyz LOCAL_POSITION_NED {time_boot_ms : 48462, x : -0.009679771028459072, y : 0.011561804451048374, z : 0.0061165583319962025, vx : -0.012960444204509258, vy : 0.015238852240145206, vz : -4.051970972795971e-05}
ahrs AHRS2 {roll : 0.001991771627217531, pitch : 0.0017700761090964079, yaw : -0.12419239431619644, altitude : 584.0899658203125, lat : -353632621, lng : 1491652374}
xyz LOCAL_POSITION_NED {time_boot_ms : 48494, x : -0.009734905324876308, y : 0.011624358594417572, z : 0.006116634700447321, vx : -0.012992979027330875, vy : 0.015269199386239052, vz : -6.208993727341294e-05}
ahrs AHRS2 {roll : 0.0019906461238861084, pitch : 0.001769491471350193, yaw : -0.12421037256717682, altitude : 584.0899658203125, lat : -353632621, lng : 1491652374}
xyz LOCAL_POSITION_NED {time_boot_ms : 48527, x : -0.009668729268014431, y : 0.011542254127562046, z : 0.006117241457104683, vx : -0.012969862669706345, vy : 0.01518221665173769, vz : -6.683602259727195e-05}
ahrs AHRS2 {roll : 0.001989891519770026, pitch : 0.0017688106745481491, yaw : -0.1242329478263855, altitude : 584.0899658203125, lat : -353632621, lng : 1491652374}
xyz LOCAL_POSITION_NED {time_boot_ms : 48562, x : -0.00970407947897911, y : 0.011579337529838085, z : 0.006117397919297218, vx : -0.012989199720323086, vy : 0.015221967361867428, vz : -5.208975562709384e-05}
ahrs AHRS2 {roll : 0.0019861944019794464, pitch : 0.0017656367272138596, yaw : -0.12425369769334793, altitude : 584.0899658203125, lat : -353632621, lng : 1491652374}
xyz LOCAL_POSITION_NED {time_boot_ms : 48594, x : -0.009882951155304909, y : 0.011786982417106628, z : 0.006117259152233601, vx : -0.013102484866976738, vy : 0.015373929403722286, vz : -4.690209243563004e-05}
ahrs AHRS2 {roll : 0.001985249575227499, pitch : 0.0017635070253163576, yaw : -0.1242714375257492, altitude : 584.0899658203125, lat : -353632621, lng : 1491652374}
xyz LOCAL_POSITION_NED {time_boot_ms : 48627, x : -0.00972454622387886, y : 0.011596770025789738, z : 0.006118643097579479, vx : -0.01298765279352665, vy : 0.01523518469184637, vz : -4.680679921875708e-05}
ahrs AHRS2 {roll : 0.001984257949516177, pitch : 0.0017620017752051353, yaw : -0.12429297715425491, altitude : 584.0899658203125, lat : -353632621, lng : 1491652374}
xyz LOCAL_POSITION_NED {time_boot_ms : 48659, x : -0.00954323448240757, y : 0.011378627270460129, z : 0.006119212135672569, vx : -0.012872777879238129, vy : 0.015052136033773422, vz : -6.79832519381307e-05}
ahrs AHRS2 {roll : 0.001979678636416793, pitch : 0.001761207589879632, yaw : -0.12431207299232483, altitude : 584.0899658203125, lat : -353632621, lng : 1491652374}
xyz LOCAL_POSITION_NED {time_boot_ms : 48692, x : -0.009588918648660183, y : 0.011427254416048527, z : 0.006118741352111101, vx : -0.012911010533571243, vy : 0.015061155892908573, vz : -6.484142068075016e-05}
ahrs AHRS2 {roll : 0.001978907734155655, pitch : 0.0017589995404705405, yaw : -0.12432663887739182, altitude : 584.0899658203125, lat : -353632621, lng : 1491652374}
xyz LOCAL_POSITION_NED {time_boot_ms : 48727, x : -0.009557850658893585, y : 0.011384167708456516, z : 0.006118670105934143, vx : -0.012896773405373096, vy : 0.015016167424619198, vz : -8.324688678840175e-05}
ahrs AHRS2 {roll : 0.0019784129690378904, pitch : 0.001757653197273612, yaw : -0.1243472769856453, altitude : 584.0899658203125, lat : -353632621, lng : 1491652374}
xyz LOCAL_POSITION_NED {time_boot_ms : 48759, x : -0.009573009796440601, y : 0.011395497247576714, z : 0.006117743439972401, vx : -0.012888697907328606, vy : 0.015008059330284595, vz : -8.334202721016482e-05}
ahrs AHRS2 {roll : 0.0019752776715904474, pitch : 0.0017547429306432605, yaw : -0.12436789274215698, altitude : 584.0899658203125, lat : -353632621, lng : 1491652374}
xyz LOCAL_POSITION_NED {time_boot_ms : 48792, x : -0.0097408602014184, y : 0.011586915701627731, z : 0.006116598844528198, vx : -0.013012418523430824, vy : 0.015115827322006226, vz : -8.263094059657305e-05}
ahrs AHRS2 {roll : 0.0019739519339054823, pitch : 0.0017542418790981174, yaw : -0.1243840679526329, altitude : 584.0899658203125, lat : -353632621, lng : 1491652374}
xyz LOCAL_POSITION_NED {time_boot_ms : 48824, x : -0.009607630781829357, y : 0.011423138901591301, z : 0.006116734351962805, vx : -0.012906618416309357, vy : 0.015001250430941582, vz : -7.875596202211455e-05}
ahrs AHRS2 {roll : 0.001969463424757123, pitch : 0.0017524060094729066, yaw : -0.12440469115972519, altitude : 584.0899658203125, lat : -353632621, lng : 1491652374}
xyz LOCAL_POSITION_NED {time_boot_ms : 48857, x : -0.009601728059351444, y : 0.011409132741391659, z : 0.006116795353591442, vx : -0.01291944645345211, vy : 0.014963055029511452, vz : -5.424620394478552e-05}
ahrs AHRS2 {roll : 0.0019679402466863394, pitch : 0.0017494733911007643, yaw : -0.12442707270383835, altitude : 584.0899658203125, lat : -353632621, lng : 1491652374}
xyz LOCAL_POSITION_NED {time_boot_ms : 48892, x : -0.00949915498495102, y : 0.011279433034360409, z : 0.006117138080298901, vx : -0.01286333054304123, vy : 0.014874602667987347, vz : -0.0001097440836019814}
ahrs AHRS2 {roll : 0.00196649762801826, pitch : 0.0017478682566434145, yaw : -0.12444420158863068, altitude : 584.0899658203125, lat : -353632621, lng : 1491652374}
xyz LOCAL_POSITION_NED {time_boot_ms : 48924, x : -0.009450060315430164, y : 0.011212839744985104, z : 0.006116584409028292, vx : -0.012835434637963772, vy : 0.01484100241214037, vz : -9.434626554138958e-05}
ahrs AHRS2 {roll : 0.0019681004341691732, pitch : 0.0017461805837228894, yaw : -0.12446402758359909, altitude : 584.0899658203125, lat : -353632621, lng : 1491652374}
xyz LOCAL_POSITION_NED {time_boot_ms : 48957, x : -0.009576653130352497, y : 0.011353712528944016, z : 0.006115286611020565, vx : -0.012899965979158878, vy : 0.014918413944542408, vz : -8.819311915431172e-05}
ahrs AHRS2 {roll : 0.0019682568963617086, pitch : 0.0017437869682908058, yaw : -0.12448494136333466, altitude : 584.0899658203125, lat : -353632621, lng : 1491652374}
xyz LOCAL_POSITION_NED {time_boot_ms : 48989, x : -0.009638452902436256, y : 0.011417589150369167, z : 0.006114693358540535, vx : -0.012964588589966297, vy : 0.01495151873677969, vz : -8.80915904417634e-05}
ahrs AHRS2 {roll : 0.0019674161449074745, pitch : 0.0017419375944882631, yaw : -0.1244981437921524, altitude : 584.0899658203125, lat : -353632621, lng : 1491652374}
xyz LOCAL_POSITION_NED {time_boot_ms : 49022, x : -0.009501570835709572, y : 0.011248416267335415, z : 0.0061149015091359615, vx : -0.01288075465708971, vy : 0.014824379235506058, vz : -7.87442913861014e-05}
ahrs AHRS2 {roll : 0.0019640589598566294, pitch : 0.0017410507425665855, yaw : -0.1245170459151268, altitude : 584.0899658203125, lat : -353632621, lng : 1491652374}
xyz LOCAL_POSITION_NED {time_boot_ms : 49057, x : -0.00935299787670374, y : 0.011064962483942509, z : 0.006115383934229612, vx : -0.012790863402187824, vy : 0.01470629870891571, vz : -7.448003452736884e-05}
ahrs AHRS2 {roll : 0.001963428221642971, pitch : 0.0017370481509715319, yaw : -0.12453818321228027, altitude : 584.0899658203125, lat : -353632621, lng : 1491652374}
xyz LOCAL_POSITION_NED {time_boot_ms : 49089, x : -0.009415044449269772, y : 0.011128824204206467, z : 0.006115403026342392, vx : -0.012831345200538635, vy : 0.014735603705048561, vz : -6.560322071891278e-05}
ahrs AHRS2 {roll : 0.001961721805855632, pitch : 0.0017366809770464897, yaw : -0.12455447763204575, altitude : 584.0899658203125, lat : -353632621, lng : 1491652374}
xyz LOCAL_POSITION_NED {time_boot_ms : 49122, x : -0.009359605610370636, y : 0.011055444367229939, z : 0.006116215139627457, vx : -0.012789220549166203, vy : 0.014677495695650578, vz : -6.880905129946768e-05}
ahrs AHRS2 {roll : 0.0019611306488513947, pitch : 0.0017353927250951529, yaw : -0.12457349896430969, altitude : 584.0899658203125, lat : -353632621, lng : 1491652374}
xyz LOCAL_POSITION_NED {time_boot_ms : 49154, x : -0.009499575942754745, y : 0.011209987103939056, z : 0.006116216070950031, vx : -0.012885801494121552, vy : 0.01477845199406147, vz : -5.2566327212844044e-05}
ahrs AHRS2 {roll : 0.001960374414920807, pitch : 0.0017348539549857378, yaw : -0.12459463626146317, altitude : 584.0899658203125, lat : -353632621, lng : 1491652374}
xyz LOCAL_POSITION_NED {time_boot_ms : 49189, x : -0.009585379622876644, y : 0.011300869286060333, z : 0.006116537377238274, vx : -0.012929522432386875, vy : 0.014821123331785202, vz : -7.090066355885938e-05}
ahrs AHRS2 {roll : 0.0019584400579333305, pitch : 0.0017328696558251977, yaw : -0.12460813671350479, altitude : 584.0899658203125, lat : -353632621, lng : 1491652374}
xyz LOCAL_POSITION_NED {time_boot_ms : 49221, x : -0.009450726211071014, y : 0.011135498993098736, z : 0.006117392331361771, vx : -0.012840105220675468, vy : 0.014711425639688969, vz : -7.273139635799453e-05}
ahrs AHRS2 {roll : 0.001955904997885227, pitch : 0.0017322340281680226, yaw : -0.1246258020401001, altitude : 584.0899658203125, lat : -353632621, lng : 1491652374}
xyz LOCAL_POSITION_NED {time_boot_ms : 49254, x : -0.009461458772420883, y : 0.011140667833387852, z : 0.006117751821875572, vx : -0.012823790311813354, vy : 0.01473136618733406, vz : -3.8769263483118266e-05}
ahrs AHRS2 {roll : 0.001954756211489439, pitch : 0.0017316935118287802, yaw : -0.12464570999145508, altitude : 584.0899658203125, lat : -353632621, lng : 1491652374}
xyz LOCAL_POSITION_NED {time_boot_ms : 49286, x : -0.009334724396467209, y : 0.010986249893903732, z : 0.006119252182543278, vx : -0.012728807516396046, vy : 0.014600947499275208, vz : -5.1734103180933744e-05}
ahrs AHRS2 {roll : 0.0019544963724911213, pitch : 0.00173192098736763, yaw : -0.12466271966695786, altitude : 584.0899658203125, lat : -353632621, lng : 1491652374}
xyz LOCAL_POSITION_NED {time_boot_ms : 49319, x : -0.00928117148578167, y : 0.010917339473962784, z : 0.006120109464973211, vx : -0.012711687944829464, vy : 0.014578420668840408, vz : -8.304476068587974e-05}
ahrs AHRS2 {roll : 0.0019538726191967726, pitch : 0.0017294557765126228, yaw : -0.12468118965625763, altitude : 584.0899658203125, lat : -353632621, lng : 1491652374}
xyz LOCAL_POSITION_NED {time_boot_ms : 49354, x : -0.009453472681343555, y : 0.011110805906355381, z : 0.00611919816583395, vx : -0.01284539233893156, vy : 0.014739163219928741, vz : -6.503266195068136e-05}
ahrs AHRS2 {roll : 0.00195364304818213, pitch : 0.0017285833600908518, yaw : -0.12470076233148575, altitude : 584.0899658203125, lat : -353632621, lng : 1491652374}
xyz LOCAL_POSITION_NED {time_boot_ms : 49386, x : -0.009509245865046978, y : 0.011170003563165665, z : 0.006119945086538792, vx : -0.012883378192782402, vy : 0.014792539179325104, vz : -5.4198677389649674e-05}
ahrs AHRS2 {roll : 0.001953219762071967, pitch : 0.0017289530951529741, yaw : -0.12471649795770645, altitude : 584.0899658203125, lat : -353632621, lng : 1491652374}
xyz LOCAL_POSITION_NED {time_boot_ms : 49419, x : -0.009377763606607914, y : 0.011012202128767967, z : 0.006121049169450998, vx : -0.012762888334691525, vy : 0.01464647427201271, vz : -6.147265230538324e-05}
ahrs AHRS2 {roll : 0.0019518204499036074, pitch : 0.0017280086176469922, yaw : -0.1247330904006958, altitude : 584.0899658203125, lat : -353632621, lng : 1491652374}
xyz LOCAL_POSITION_NED {time_boot_ms : 49451, x : -0.009390287101268768, y : 0.011021308600902557, z : 0.006121397949755192, vx : -0.012773158960044384, vy : 0.014668409712612629, vz : -4.352888936409727e-05}
ahrs AHRS2 {roll : 0.0019498809706419706, pitch : 0.0017270175740122795, yaw : -0.12475301325321198, altitude : 584.0899658203125, lat : -353632621, lng : 1491652374}
xyz LOCAL_POSITION_NED {time_boot_ms : 49484, x : -0.009267419576644897, y : 0.010874045081436634, z : 0.006122780963778496, vx : -0.01266326941549778, vy : 0.014580420218408108, vz : -4.142724355915561e-05}
ahrs AHRS2 {roll : 0.001946299453265965, pitch : 0.0017259203596040606, yaw : -0.12477021664381027, altitude : 584.0899658203125, lat : -353632621, lng : 1491652374}
xyz LOCAL_POSITION_NED {time_boot_ms : 49519, x : -0.009248323738574982, y : 0.010848105885088444, z : 0.006123914383351803, vx : -0.012667631730437279, vy : 0.014564009383320808, vz : -6.016466795699671e-05}
ahrs AHRS2 {roll : 0.0019457289017736912, pitch : 0.0017255957936868072, yaw : -0.12478654086589813, altitude : 584.0899658203125, lat : -353632621, lng : 1491652374}
xyz LOCAL_POSITION_NED {time_boot_ms : 49551, x : -0.00939006358385086, y : 0.011007970198988914, z : 0.006123758852481842, vx : -0.012793013826012611, vy : 0.014661557041108608, vz : -5.553003211389296e-05}
ahrs AHRS2 {roll : 0.0019433031557127833, pitch : 0.0017225946066901088, yaw : -0.12480723857879639, altitude : 584.0899658203125, lat : -353632621, lng : 1491652374}
xyz LOCAL_POSITION_NED {time_boot_ms : 49584, x : -0.009447834454476833, y : 0.011070636101067066, z : 0.006124598905444145, vx : -0.012815273366868496, vy : 0.014698600396513939, vz : -4.305543552618474e-05}
ahrs AHRS2 {roll : 0.0019421098986640573, pitch : 0.0017235311679542065, yaw : -0.12482190877199173, altitude : 584.0899658203125, lat : -353632621, lng : 1491652374}
xyz LOCAL_POSITION_NED {time_boot_ms : 49616, x : -0.009533916600048542, y : 0.01116536557674408, z : 0.00612493883818388, vx : -0.012879621237516403, vy : 0.014758871868252754, vz : -3.890143852913752e-05}
ahrs AHRS2 {roll : 0.001941761584021151, pitch : 0.0017219226574525237, yaw : -0.12483540922403336, altitude : 584.0899658203125, lat : -353632621, lng : 1491652374}
xyz LOCAL_POSITION_NED {time_boot_ms : 49649, x : -0.009334652684628963, y : 0.010928531177341938, z : 0.006126965396106243, vx : -0.01273493841290474, vy : 0.014583206735551357, vz : -2.7224177756579593e-06}
ahrs AHRS2 {roll : 0.001942404080182314, pitch : 0.0017224909970536828, yaw : -0.1248537003993988, altitude : 584.0899658203125, lat : -353632621, lng : 1491652374}
xyz LOCAL_POSITION_NED {time_boot_ms : 49684, x : -0.009246869944036007, y : 0.010821434669196606, z : 0.006129130721092224, vx : -0.012669932097196579, vy : 0.01452474482357502, vz : -7.955642104207072e-06}
ahrs AHRS2 {roll : 0.0019420076860114932, pitch : 0.001722426270134747, yaw : -0.12487010657787323, altitude : 584.0899658203125, lat : -353632621, lng : 1491652374}
xyz LOCAL_POSITION_NED {time_boot_ms : 49716, x : -0.009345073252916336, y : 0.010930175893008709, z : 0.006130516063421965, vx : -0.012721837498247623, vy : 0.014569313265383244, vz : 4.890272975899279e-06}
ahrs AHRS2 {roll : 0.0019404841586947441, pitch : 0.001721828244626522, yaw : -0.1248851865530014, altitude : 584.0899658203125, lat : -353632621, lng : 1491652374}
xyz LOCAL_POSITION_NED {time_boot_ms : 49749, x : -0.00934138149023056, y : 0.010920955799520016, z : 0.006132552400231361, vx : -0.012718786485493183, vy : 0.014536738395690918, vz : -1.3622588994621765e-05}
ahrs AHRS2 {roll : 0.0019413238624110818, pitch : 0.0017212601378560066, yaw : -0.12490426003932953, altitude : 584.0899658203125, lat : -353632621, lng : 1491652374}
xyz LOCAL_POSITION_NED {time_boot_ms : 49781, x : -0.009400627575814724, y : 0.010984542779624462, z : 0.006134306080639362, vx : -0.012757746502757072, vy : 0.014590307138860226, vz : -7.506335350626614e-06}
ahrs AHRS2 {roll : 0.001938354573212564, pitch : 0.0017209826037287712, yaw : -0.12491849064826965, altitude : 584.0899658203125, lat : -353632621, lng : 1491652374}
xyz LOCAL_POSITION_NED {time_boot_ms : 49814, x : -0.009476696141064167, y : 0.011067673563957214, z : 0.006135402247309685, vx : -0.012798940762877464, vy : 0.01465539075434208, vz : -8.591379810241051e-06}
ahrs AHRS2 {roll : 0.0019382350146770477, pitch : 0.0017202500021085143, yaw : -0.1249331459403038, altitude : 584.0899658203125, lat : -353632621, lng : 1491652374}
xyz LOCAL_POSITION_NED {time_boot_ms : 49849, x : -0.009311787784099579, y : 0.010872106067836285, z : 0.006137392483651638, vx : -0.01267413143068552, vy : 0.014526769518852234, vz : 1.747569694998674e-05}
ahrs AHRS2 {roll : 0.0019381000893190503, pitch : 0.00172180135268718, yaw : -0.12495187669992447, altitude : 584.0899658203125, lat : -353632621, lng : 1491652374}
xyz LOCAL_POSITION_NED {time_boot_ms : 49881, x : -0.009204991161823273, y : 0.010743964463472366, z : 0.006139512173831463, vx : -0.012632026337087154, vy : 0.014435777440667152, vz : 2.370633046666626e-05}
ahrs AHRS2 {roll : 0.0019363044993951917, pitch : 0.0017227439675480127, yaw : -0.12496795505285263, altitude : 584.0899658203125, lat : -353632621, lng : 1491652374}
xyz LOCAL_POSITION_NED {time_boot_ms : 49914, x : -0.009293417446315289, y : 0.010841874405741692, z : 0.006141923367977142, vx : -0.012673475779592991, vy : 0.01451578177511692, vz : 3.468932845862582e-05}
ahrs AHRS2 {roll : 0.0019373366376385093, pitch : 0.001723400317132473, yaw : -0.12498223036527634, altitude : 584.0899658203125, lat : -353632621, lng : 1491652374}
xyz LOCAL_POSITION_NED {time_boot_ms : 49946, x : -0.009303147904574871, y : 0.010849365964531898, z : 0.0061448244377970695, vx : -0.01268694456666708, vy : 0.014532159082591534, vz : 3.793258292716928e-05}
ahrs AHRS2 {roll : 0.0019365781918168068, pitch : 0.001723031746223569, yaw : -0.12500256299972534, altitude : 584.0899658203125, lat : -353632621, lng : 1491652374}
xyz LOCAL_POSITION_NED {time_boot_ms : 49979, x : -0.00946508627384901, y : 0.011032926850020885, z : 0.00614743959158659, vx : -0.012814335525035858, vy : 0.01465873047709465, vz : 4.2360326915513724e-05}
ahrs AHRS2 {roll : 0.001937001128681004, pitch : 0.0017241708701476455, yaw : -0.12501752376556396, altitude : 584.0899658203125, lat : -353632621, lng : 1491652374}
xyz LOCAL_POSITION_NED {time_boot_ms : 50014, x : -0.009473933838307858, y : 0.011039854027330875, z : 0.006150729488581419, vx : -0.012794055975973606, vy : 0.01466877106577158, vz : 4.1932380554499105e-05}
ahrs AHRS2 {roll : 0.0019370941445231438, pitch : 0.001723256311379373, yaw : -0.12503045797348022, altitude : 584.0899658203125, lat : -353632621, lng : 1491652374}
xyz LOCAL_POSITION_NED {time_boot_ms : 50046, x : -0.009290961548686028, y : 0.010825460776686668, z : 0.0061529241502285, vx : -0.012658899649977684, vy : 0.014552435837686062, vz : 4.399724639370106e-05}
ahrs AHRS2 {roll : 0.0019373331451788545, pitch : 0.001721265260130167, yaw : -0.12504994869232178, altitude : 584.0899658203125, lat : -353632621, lng : 1491652374}
xyz LOCAL_POSITION_NED {time_boot_ms : 50079, x : -0.009332691319286823, y : 0.010871851816773415, z : 0.006155302748084068, vx : -0.012701040133833885, vy : 0.014599195681512356, vz : 6.654067692579702e-05}
ahrs AHRS2 {roll : 0.0019378638826310635, pitch : 0.0017205484909936786, yaw : -0.12506631016731262, altitude : 584.0899658203125, lat : -353632621, lng : 1491652374}
xyz LOCAL_POSITION_NED {time_boot_ms : 50111, x : -0.009276079945266247, y : 0.010806175880134106, z : 0.006158886477351189, vx : -0.012640029191970825, vy : 0.014580467715859413, vz : 6.786957965232432e-05}
ahrs AHRS2 {roll : 0.0019382006721571088, pitch : 0.001718707731924951, yaw : -0.1250789314508438, altitude : 584.0899658203125, lat : -353632621, lng : 1491652374}
xyz LOCAL_POSITION_NED {time_boot_ms : 50144, x : -0.009265425615012646, y : 0.010795642621815205, z : 0.006162077654153109, vx : -0.012636150233447552, vy : 0.014611957594752312, vz : 6.436027615563944e-05}
ahrs AHRS2 {roll : 0.0019387415377423167, pitch : 0.0017174315871670842, yaw : -0.12510037422180176, altitude : 584.0899658203125, lat : -353632621, lng : 1491652374}
xyz LOCAL_POSITION_NED {time_boot_ms : 50179, x : -0.009469532407820225, y : 0.011034253984689713, z : 0.006164615973830223, vx : -0.012766626663506031, vy : 0.014833351597189903, vz : 5.6288066843990237e-05}
ahrs AHRS2 {roll : 0.001937589724548161, pitch : 0.0017158909467980266, yaw : -0.1251162737607956, altitude : 584.0899658203125, lat : -353632621, lng : 1491652374}
xyz LOCAL_POSITION_NED {time_boot_ms : 50211, x : -0.009457830339670181, y : 0.01102419849485159, z : 0.006167536601424217, vx : -0.012746719643473625, vy : 0.014788668602705002, vz : 7.107236160663888e-05}
ahrs AHRS2 {roll : 0.0019354617688804865, pitch : 0.001714406069368124, yaw : -0.1251286119222641, altitude : 584.0899658203125, lat : -353632621, lng : 1491652374}
xyz LOCAL_POSITION_NED {time_boot_ms : 50244, x : -0.009265189990401268, y : 0.010803502053022385, z : 0.006169531494379044, vx : -0.012628079392015934, vy : 0.014630896039307117, vz : 5.8923054893966764e-05}
ahrs AHRS2 {roll : 0.001935784937813878, pitch : 0.0017138252733275294, yaw : -0.1251465082168579, altitude : 584.0899658203125, lat : -353632621, lng : 1491652374}
xyz LOCAL_POSITION_NED {time_boot_ms : 50276, x : -0.009317545220255852, y : 0.010865856893360615, z : 0.0061711883172392845, vx : -0.012651251628994942, vy : 0.014686820097267628, vz : 5.386192424339242e-05}
ahrs AHRS2 {roll : 0.0019326424226164818, pitch : 0.0017137537943199277, yaw : -0.1251637488603592, altitude : 584.0899658203125, lat : -353632621, lng : 1491652374}
xyz LOCAL_POSITION_NED {time_boot_ms : 50309, x : -0.009251222014427185, y : 0.010792085900902748, z : 0.006173205561935902, vx : -0.012621274217963219, vy : 0.014643526636064053, vz : 6.697068602079526e-05}
ahrs AHRS2 {roll : 0.001932583749294281, pitch : 0.0017123963916674256, yaw : -0.12517660856246948, altitude : 584.0899658203125, lat : -353632621, lng : 1491652374}
xyz LOCAL_POSITION_NED {time_boot_ms : 50342, x : -0.009263386018574238, y : 0.010810425505042076, z : 0.006175849586725235, vx : -0.01261257566511631, vy : 0.014693312346935272, vz : 9.866534674074501e-05}
ahrs AHRS2 {roll : 0.0019340000580996275, pitch : 0.001713533652946353, yaw : -0.12519529461860657, altitude : 584.0899658203125, lat : -353632621, lng : 1491652374}
xyz LOCAL_POSITION_NED {time_boot_ms : 50377, x : -0.009468945674598217, y : 0.011052822694182396, z : 0.006179399788379669, vx : -0.012758251279592514, vy : 0.01484617218375206, vz : 0.00010015699808718637}
ahrs AHRS2 {roll : 0.001933779683895409, pitch : 0.0017138950061053038, yaw : -0.12521187961101532, altitude : 584.0899658203125, lat : -353632621, lng : 1491652374}
xyz LOCAL_POSITION_NED {time_boot_ms : 50409, x : -0.00933559238910675, y : 0.010901442728936672, z : 0.006182657089084387, vx : -0.012649293057620525, vy : 0.01475546881556511, vz : 0.00010490010754438117}
ahrs AHRS2 {roll : 0.0019354278920218349, pitch : 0.0017146043246611953, yaw : -0.12522150576114655, altitude : 584.0899658203125, lat : -353632621, lng : 1491652374}
xyz LOCAL_POSITION_NED {time_boot_ms : 50442, x : -0.009163737297058105, y : 0.010704997926950455, z : 0.006185258273035288, vx : -0.012558850459754467, vy : 0.014613640494644642, vz : 9.77145173237659e-05}
ahrs AHRS2 {roll : 0.0019343149615451694, pitch : 0.0017134143272414804, yaw : -0.1252390444278717, altitude : 584.0899658203125, lat : -353632621, lng : 1491652374}
xyz LOCAL_POSITION_NED {time_boot_ms : 50474, x : -0.009228125214576721, y : 0.010782393626868725, z : 0.006187916733324528, vx : -0.012605191208422184, vy : 0.014683248475193977, vz : 9.575552394380793e-05}
ahrs AHRS2 {roll : 0.0019330362556502223, pitch : 0.0017152613727375865, yaw : -0.12525121867656708, altitude : 584.0899658203125, lat : -353632621, lng : 1491652374}
xyz LOCAL_POSITION_NED {time_boot_ms : 50507, x : -0.009179189801216125, y : 0.010728740133345127, z : 0.00619143433868885, vx : -0.012580196373164654, vy : 0.014652237296104431, vz : 9.405216405866668e-05}
ahrs AHRS2 {roll : 0.0019327477784827352, pitch : 0.0017142300494015217, yaw : -0.12526467442512512, altitude : 584.0899658203125, lat : -353632621, lng : 1491652374}
xyz LOCAL_POSITION_NED {time_boot_ms : 50542, x : -0.009227463975548744, y : 0.01078801415860653, z : 0.006195008754730225, vx : -0.012632273137569427, vy : 0.014701174572110176, vz : 0.00010410117829451337}
ahrs AHRS2 {roll : 0.0019333496456965804, pitch : 0.0017139945412054658, yaw : -0.12528160214424133, altitude : 584.0899658203125, lat : -353632621, lng : 1491652374}
xyz LOCAL_POSITION_NED {time_boot_ms : 50574, x : -0.009409872815012932, y : 0.011002601124346256, z : 0.006198386661708355, vx : -0.012749278917908669, vy : 0.014842785894870758, vz : 9.818172839004546e-05}
ahrs AHRS2 {roll : 0.0019319215789437294, pitch : 0.0017145420424640179, yaw : -0.12529608607292175, altitude : 584.0899658203125, lat : -353632621, lng : 1491652374}
xyz LOCAL_POSITION_NED {time_boot_ms : 50607, x : -0.00940269697457552, y : 0.010997152887284756, z : 0.006201125681400299, vx : -0.012735034339129925, vy : 0.014879508875310421, vz : 6.421155558200553e-05}
ahrs AHRS2 {roll : 0.001930571161210537, pitch : 0.0017136691603809595, yaw : -0.12530890107154846, altitude : 584.0899658203125, lat : -353632621, lng : 1491652374}
xyz LOCAL_POSITION_NED {time_boot_ms : 50639, x : -0.009412695653736591, y : 0.011011420749127865, z : 0.0062029981054365635, vx : -0.012752999551594257, vy : 0.014902246184647083, vz : 7.884486694820225e-05}
ahrs AHRS2 {roll : 0.001931329257786274, pitch : 0.0017134883673861623, yaw : -0.1253247708082199, altitude : 584.0899658203125, lat : -353632621, lng : 1491652374}
xyz LOCAL_POSITION_NED {time_boot_ms : 50672, x : -0.009276277385652065, y : 0.010855857282876968, z : 0.0062048183754086494, vx : -0.01265350729227066, vy : 0.01480746828019619, vz : 9.754525672178715e-05}
ahrs AHRS2 {roll : 0.001929422956891358, pitch : 0.001715094898827374, yaw : -0.12533989548683167, altitude : 584.0899658203125, lat : -353632621, lng : 1491652374}
xyz LOCAL_POSITION_NED {time_boot_ms : 50707, x : -0.00925399735569954, y : 0.010834291577339172, z : 0.006207549944519997, vx : -0.012640565633773804, vy : 0.014784135855734348, vz : 9.285222040489316e-05}
ahrs AHRS2 {roll : 0.0019296645186841488, pitch : 0.001713191973976791, yaw : -0.12535126507282257, altitude : 584.0899658203125, lat : -353632621, lng : 1491652374}
xyz LOCAL_POSITION_NED {time_boot_ms : 50739, x : -0.009403753094375134, y : 0.011011207476258278, z : 0.006210954859852791, vx : -0.012779260985553265, vy : 0.014915632084012032, vz : 0.00010480235505383462}
ahrs AHRS2 {roll : 0.0019283051369711757, pitch : 0.0017126838210970163, yaw : -0.12536808848381042, altitude : 584.0899658203125, lat : -353632621, lng : 1491652374}
xyz LOCAL_POSITION_NED {time_boot_ms : 50772, x : -0.009447408840060234, y : 0.011065428145229816, z : 0.006214026361703873, vx : -0.012791424058377743, vy : 0.014954425394535065, vz : 0.00011574778909562156}
ahrs AHRS2 {roll : 0.0019278600811958313, pitch : 0.0017132819630205631, yaw : -0.12538136541843414, altitude : 584.0899658203125, lat : -353632621, lng : 1491652374}
xyz LOCAL_POSITION_NED {time_boot_ms : 50804, x : -0.009447400458157063, y : 0.011067596264183521, z : 0.006217203568667173, vx : -0.012790008448064327, vy : 0.014916617423295975, vz : 0.00011373953748261556}
ahrs AHRS2 {roll : 0.0019261455163359642, pitch : 0.00171304726973176, yaw : -0.12539219856262207, altitude : 584.0899658203125, lat : -353632621, lng : 1491652374}
xyz LOCAL_POSITION_NED {time_boot_ms : 50837, x : -0.00944567285478115, y : 0.01106584258377552, z : 0.0062191965989768505, vx : -0.01276988536119461, vy : 0.014912658371031284, vz : 9.32647380977869e-05}
ahrs AHRS2 {roll : 0.0019260760163888335, pitch : 0.0017144849989563227, yaw : -0.1254100203514099, altitude : 584.0899658203125, lat : -353632621, lng : 1491652374}
xyz LOCAL_POSITION_NED {time_boot_ms : 50872, x : -0.009348382242023945, y : 0.010953502729535103, z : 0.006220930255949497, vx : -0.012715178541839123, vy : 0.014830891974270344, vz : 9.247599518857896e-05}
ahrs AHRS2 {roll : 0.0019265287555754185, pitch : 0.0017126526217907667, yaw : -0.12542490661144257, altitude : 584.0899658203125, lat : -353632621, lng : 1491652374}
xyz LOCAL_POSITION_NED {time_boot_ms : 50904, x : -0.009302019141614437, y : 0.010900921188294888, z : 0.006222627591341734, vx : -0.012670558877289295, vy : 0.014814197085797787, vz : 9.55928408075124e-05}
ahrs AHRS2 {roll : 0.001925566466525197, pitch : 0.0017144395969808102, yaw : -0.12543536722660065, altitude : 584.0899658203125, lat : -353632621, lng : 1491652374}
xyz LOCAL_POSITION_NED {time_boot_ms : 50937, x : -0.009428204037249088, y : 0.011049337685108185, z : 0.006224725395441055, vx : -0.012763670645654202, vy : 0.014891166239976883, vz : 7.38356466172263e-05}
ahrs AHRS2 {roll : 0.001925139338709414, pitch : 0.0017147277249023318, yaw : -0.125451922416687, altitude : 584.0899658203125, lat : -353632621, lng : 1491652374}
xyz LOCAL_POSITION_NED {time_boot_ms : 50969, x : -0.009489783085882664, y : 0.011121252551674843, z : 0.006225889548659325, vx : -0.012790346518158913, vy : 0.014898843131959438, vz : 6.938310980331153e-05}
ahrs AHRS2 {roll : 0.0019251075573265553, pitch : 0.0017157370457425714, yaw : -0.12546496093273163, altitude : 584.0899658203125, lat : -353632621, lng : 1491652374}
xyz LOCAL_POSITION_NED {time_boot_ms : 51002, x : -0.009684021584689617, y : 0.011347935535013676, z : 0.006227708421647549, vx : -0.012919466011226177, vy : 0.015028823167085648, vz : 7.15438072802499e-05}
ahrs AHRS2 {roll : 0.0019272408680990338, pitch : 0.001716397819109261, yaw : -0.12547937035560608, altitude : 584.0899658203125, lat : -353632621, lng : 1491652374}
xyz LOCAL_POSITION_NED {time_boot_ms : 51037, x : -0.009503222070634365, y : 0.011135047301650047, z : 0.006228143349289894, vx : -0.012792016379535198, vy : 0.014883752912282944, vz : 5.9630088799167424e-05}
ahrs AHRS2 {roll : 0.0019277039682492614, pitch : 0.0017176129622384906, yaw : -0.1254976987838745, altitude : 584.0899658203125, lat : -353632621, lng : 1491652374}
xyz LOCAL_POSITION_NED {time_boot_ms : 51069, x : -0.00938223022967577, y : 0.010992010124027729, z : 0.006227309349924326, vx : -0.012715255841612816, vy : 0.014782529324293137, vz : 1.6758507626946084e-05}
ahrs AHRS2 {roll : 0.0019271066412329674, pitch : 0.0017194078536704183, yaw : -0.12551166117191315, altitude : 584.0899658203125, lat : -353632621, lng : 1491652374}
xyz LOCAL_POSITION_NED {time_boot_ms : 51102, x : -0.009473548270761967, y : 0.011096271686255932, z : 0.006226871162652969, vx : -0.012809435836970806, vy : 0.01486388873308897, vz : 5.938630692980951e-06}
ahrs AHRS2 {roll : 0.0019263022113591433, pitch : 0.0017189703648909926, yaw : -0.12552185356616974, altitude : 584.0899658203125, lat : -353632621, lng : 1491652374}
xyz LOCAL_POSITION_NED {time_boot_ms : 51134, x : -0.009460621513426304, y : 0.01107806246727705, z : 0.006225441582500935, vx : -0.012827160768210888, vy : 0.01486576534807682, vz : -2.4663926524226554e-05}
ahrs AHRS2 {roll : 0.001926839118823409, pitch : 0.001720994245260954, yaw : -0.12553684413433075, altitude : 584.0899658203125, lat : -353632621, lng : 1491652374}
xyz LOCAL_POSITION_NED {time_boot_ms : 51167, x : -0.009510889649391174, y : 0.011133515276014805, z : 0.006222996860742569, vx : -0.012852014042437077, vy : 0.014898942783474922, vz : -6.701899837935343e-05}
ahrs AHRS2 {roll : 0.001928711892105639, pitch : 0.0017215701518580317, yaw : -0.12555094063282013, altitude : 584.0899658203125, lat : -353632621, lng : 1491652374}
xyz LOCAL_POSITION_NED {time_boot_ms : 51202, x : -0.009748894721269608, y : 0.011408363468945026, z : 0.0062197791412472725, vx : -0.013005649670958519, vy : 0.015078992582857609, vz : -6.926542846485972e-05}
ahrs AHRS2 {roll : 0.0019281429704278708, pitch : 0.0017201426671817899, yaw : -0.12556280195713043, altitude : 584.0899658203125, lat : -353632621, lng : 1491652374}
xyz LOCAL_POSITION_NED {time_boot_ms : 51234, x : -0.009536354802548885, y : 0.01115792989730835, z : 0.006216106005012989, vx : -0.012869665399193764, vy : 0.01489428710192442, vz : -8.925229485612363e-05}
ahrs AHRS2 {roll : 0.0019290073541924357, pitch : 0.0017213175306096673, yaw : -0.1255786418914795, altitude : 584.0899658203125, lat : -353632621, lng : 1491652374}
xyz LOCAL_POSITION_NED {time_boot_ms : 51266, x : -0.009405660443007946, y : 0.011001979000866413, z : 0.006212365813553333, vx : -0.012788320891559124, vy : 0.014773011207580566, vz : -7.923231169115752e-05}
ahrs AHRS2 {roll : 0.0019291759235784411, pitch : 0.001721819513477385, yaw : -0.12559151649475098, altitude : 584.0899658203125, lat : -353632621, lng : 1491652374}
xyz LOCAL_POSITION_NED {time_boot_ms : 51299, x : -0.00949819851666689, y : 0.011106114834547043, z : 0.006209392100572586, vx : -0.012842214666306973, vy : 0.014853077009320259, vz : -7.886096864240244e-05}
ahrs AHRS2 {roll : 0.0019278079271316528, pitch : 0.001722006476484239, yaw : -0.12560318410396576, altitude : 584.0899658203125, lat : -353632621, lng : 1491652374}
xyz LOCAL_POSITION_NED {time_boot_ms : 51334, x : -0.00951651856303215, y : 0.011124646291136742, z : 0.006206680089235306, vx : -0.01284379418939352, vy : 0.014876183122396469, vz : -4.5232067350298166e-05}
ahrs AHRS2 {roll : 0.001928877318277955, pitch : 0.0017228287179023027, yaw : -0.125618115067482, altitude : 584.0899658203125, lat : -353632621, lng : 1491652374}
xyz LOCAL_POSITION_NED {time_boot_ms : 51366, x : -0.009566410444676876, y : 0.011180023662745953, z : 0.00620478019118309, vx : -0.012903042137622833, vy : 0.014903298579156399, vz : -2.9810624255333096e-05}
ahrs AHRS2 {roll : 0.0019293136429041624, pitch : 0.0017237936845049262, yaw : -0.12563292682170868, altitude : 584.0899658203125, lat : -353632621, lng : 1491652374}
xyz LOCAL_POSITION_NED {time_boot_ms : 51399, x : -0.009773408062756062, y : 0.011417021974921227, z : 0.006203457247465849, vx : -0.013035191223025322, vy : 0.015059581026434898, vz : -4.257420005160384e-05}
ahrs AHRS2 {roll : 0.0019295678939670324, pitch : 0.001724351430311799, yaw : -0.1256440132856369, altitude : 584.0899658203125, lat : -353632621, lng : 1491652374}
xyz LOCAL_POSITION_NED {time_boot_ms : 51431, x : -0.009560629725456238, y : 0.011166621930897236, z : 0.006202055606991053, vx : -0.012870017439126968, vy : 0.01488316897302866, vz : -7.790327799739316e-05}
ahrs AHRS2 {roll : 0.0019291697535663843, pitch : 0.0017236090498045087, yaw : -0.1256561279296875, altitude : 584.0899658203125, lat : -353632621, lng : 1491652374}
xyz LOCAL_POSITION_NED {time_boot_ms : 51464, x : -0.009603332728147507, y : 0.01121411845088005, z : 0.006199849769473076, vx : -0.012892980128526688, vy : 0.014934218488633633, vz : -6.898170977365226e-05}
ahrs AHRS2 {roll : 0.0019281343556940556, pitch : 0.001722655608318746, yaw : -0.1256728619337082, altitude : 584.0899658203125, lat : -353632621, lng : 1491652374}
xyz LOCAL_POSITION_NED {time_boot_ms : 51499, x : -0.009552703239023685, y : 0.011153160594403744, z : 0.006198079790920019, vx : -0.012866886332631111, vy : 0.014899333007633686, vz : -7.861083577154204e-05}
ahrs AHRS2 {roll : 0.001928168348968029, pitch : 0.0017193823587149382, yaw : -0.12568242847919464, altitude : 584.0899658203125, lat : -353632621, lng : 1491652374}
xyz LOCAL_POSITION_NED {time_boot_ms : 51531, x : -0.009538411162793636, y : 0.011135504581034184, z : 0.006196210160851479, vx : -0.012863805517554283, vy : 0.01489819772541523, vz : -7.198879757197574e-05}
ahrs AHRS2 {roll : 0.0019281079294160008, pitch : 0.0017218381399288774, yaw : -0.12569791078567505, altitude : 584.0899658203125, lat : -353632621, lng : 1491652374}
xyz LOCAL_POSITION_NED {time_boot_ms : 51564, x : -0.009704643860459328, y : 0.011327574029564857, z : 0.006193795707076788, vx : -0.012989173643290997, vy : 0.0150521881878376, vz : -0.00010913082223851234}
ahrs AHRS2 {roll : 0.0019285068847239017, pitch : 0.0017191938823089004, yaw : -0.12571340799331665, altitude : 584.0899658203125, lat : -353632621, lng : 1491652374}
xyz LOCAL_POSITION_NED {time_boot_ms : 51596, x : -0.009794584475457668, y : 0.011430671438574791, z : 0.006191199645400047, vx : -0.013086161576211452, vy : 0.01511948462575674, vz : -0.00010673384531401098}
ahrs AHRS2 {roll : 0.0019287805771455169, pitch : 0.0017187637276947498, yaw : -0.12572506070137024, altitude : 584.0899658203125, lat : -353632621, lng : 1491652374}
xyz LOCAL_POSITION_NED {time_boot_ms : 51629, x : -0.009583436883985996, y : 0.011182068847119808, z : 0.006188985891640186, vx : -0.01293201930820942, vy : 0.014927386306226254, vz : -0.00012836128007620573}
ahrs AHRS2 {roll : 0.0019292464712634683, pitch : 0.0017194094834849238, yaw : -0.1257391721010208, altitude : 584.0899658203125, lat : -353632621, lng : 1491652374}
xyz LOCAL_POSITION_NED {time_boot_ms : 51664, x : -0.009661037474870682, y : 0.011268033646047115, z : 0.0061850780621171, vx : -0.013024812564253807, vy : 0.014988863840699196, vz : -0.0001426350645488128}
ahrs AHRS2 {roll : 0.0019288776675239205, pitch : 0.001719013787806034, yaw : -0.12575411796569824, altitude : 584.0899658203125, lat : -353632621, lng : 1491652374}
xyz LOCAL_POSITION_NED {time_boot_ms : 51696, x : -0.009581135585904121, y : 0.01117035560309887, z : 0.00618183147162199, vx : -0.012974780984222889, vy : 0.01492394506931305, vz : -0.00014212507812771946}
ahrs AHRS2 {roll : 0.0019284080481156707, pitch : 0.0017200993606820703, yaw : -0.12576504051685333, altitude : 584.0899658203125, lat : -353632621, lng : 1491652374}
xyz LOCAL_POSITION_NED {time_boot_ms : 51729, x : -0.009570719674229622, y : 0.011153374798595905, z : 0.0061784544959664345, vx : -0.01299159973859787, vy : 0.01493261568248272, vz : -0.00016789401706773788}
ahrs AHRS2 {roll : 0.0019260209519416094, pitch : 0.0017205671174451709, yaw : -0.12577737867832184, altitude : 584.0899658203125, lat : -353632621, lng : 1491652374}
xyz LOCAL_POSITION_NED {time_boot_ms : 51761, x : -0.00974108837544918, y : 0.011345896869897842, z : 0.006174080539494753, vx : -0.013126722536981106, vy : 0.0150636350736022, vz : -0.00015867938054725528}
ahrs AHRS2 {roll : 0.0019264001166447997, pitch : 0.001719928695820272, yaw : -0.12579265236854553, altitude : 584.0899658203125, lat : -353632621, lng : 1491652374}
xyz LOCAL_POSITION_NED {time_boot_ms : 51794, x : -0.00983409397304058, y : 0.011449122801423073, z : 0.006170397624373436, vx : -0.013189810328185558, vy : 0.015138133428990841, vz : -0.0001373758859699592}
ahrs AHRS2 {roll : 0.0019262051209807396, pitch : 0.0017211720114573836, yaw : -0.12580321729183197, altitude : 584.0899658203125, lat : -353632621, lng : 1491652374}
xyz LOCAL_POSITION_NED {time_boot_ms : 51829, x : -0.009656182490289211, y : 0.011238401755690575, z : 0.00616821926087141, vx : -0.013061108998954296, vy : 0.014988147653639317, vz : -0.00013794444384984672}
ahrs AHRS2 {roll : 0.0019266640301793814, pitch : 0.0017206568736582994, yaw : -0.12581609189510345, altitude : 584.0899658203125, lat : -353632621, lng : 1491652374}
xyz LOCAL_POSITION_NED {time_boot_ms : 51861, x : -0.009702473878860474, y : 0.011287828907370567, z : 0.0061654141172766685, vx : -0.013095981441438198, vy : 0.01501938235014677, vz : -0.00012779729149769992}
ahrs AHRS2 {roll : 0.0019252996426075697, pitch : 0.0017213040264323354, yaw : -0.12582801282405853, altitude : 584.0899658203125, lat : -353632621, lng : 1491652374}
xyz LOCAL_POSITION_NED {time_boot_ms : 51894, x : -0.009622368961572647, y : 0.011190743185579777, z : 0.006164375226944685, vx : -0.01303428877145052, vy : 0.014952396973967552, vz : -0.00010015346197178587}
ahrs AHRS2 {roll : 0.0019281527493149042, pitch : 0.0017217012355104089, yaw : -0.1258392482995987, altitude : 584.0899658203125, lat : -353632621, lng : 1491652374}
xyz LOCAL_POSITION_NED {time_boot_ms : 51926, x : -0.009749197401106358, y : 0.011333963833749294, z : 0.006162770092487335, vx : -0.013107694685459137, vy : 0.015041571110486984, vz : -0.00011703692143782973}
ahrs AHRS2 {roll : 0.001927827252075076, pitch : 0.0017223670147359371, yaw : -0.12585359811782837, altitude : 584.0899658203125, lat : -353632621, lng : 1491652374}
xyz LOCAL_POSITION_NED {time_boot_ms : 51959, x : -0.009770317003130913, y : 0.011354737915098667, z : 0.00616114865988493, vx : -0.013138167560100555, vy : 0.015052644535899162, vz : -0.0001256871037185192}
ahrs AHRS2 {roll : 0.0019268016330897808, pitch : 0.0017204975010827184, yaw : -0.12586933374404907, altitude : 584.0899658203125, lat : -353632621, lng : 1491652374}
xyz LOCAL_POSITION_NED {time_boot_ms : 51994, x : -0.009895858354866505, y : 0.011495278216898441, z : 0.0061591072008013725, vx : -0.01323696132749319, vy : 0.01516223605722189, vz : -0.00013419757306110114}
ahrs AHRS2 {roll : 0.0019273863872513175, pitch : 0.0017224239418283105, yaw : -0.12588204443454742, altitude : 584.0899658203125, lat : -353632621, lng : 1491652374}
xyz LOCAL_POSITION_NED {time_boot_ms : 52026, x : -0.00989903137087822, y : 0.011495158076286316, z : 0.0061569781973958015, vx : -0.013225161470472813, vy : 0.015161450020968914, vz : -0.00011290088878013194}
ahrs AHRS2 {roll : 0.0019272267818450928, pitch : 0.0017215560656040907, yaw : -0.12589460611343384, altitude : 584.0899658203125, lat : -353632621, lng : 1491652374}
xyz LOCAL_POSITION_NED {time_boot_ms : 52059, x : -0.009731427766382694, y : 0.011297276243567467, z : 0.006156580522656441, vx : -0.013134130276739597, vy : 0.015025344677269459, vz : -9.705412230687216e-05}
ahrs AHRS2 {roll : 0.001927996869198978, pitch : 0.001719573512673378, yaw : -0.12590771913528442, altitude : 584.0899658203125, lat : -353632621, lng : 1491652374}
xyz LOCAL_POSITION_NED {time_boot_ms : 52091, x : -0.009662247262895107, y : 0.011212862096726894, z : 0.006156408693641424, vx : -0.013085858896374702, vy : 0.014960318803787231, vz : -7.840244506951421e-05}
ahrs AHRS2 {roll : 0.0019286314491182566, pitch : 0.001721348729915917, yaw : -0.12591849267482758, altitude : 584.0899658203125, lat : -353632621, lng : 1491652374}
xyz LOCAL_POSITION_NED {time_boot_ms : 52124, x : -0.009779389016330242, y : 0.011343155056238174, z : 0.0061554391868412495, vx : -0.013184626586735249, vy : 0.01505532767623663, vz : -8.5924104496371e-05}
ahrs AHRS2 {roll : 0.0019295606762170792, pitch : 0.001722153858281672, yaw : -0.12593327462673187, altitude : 584.0899658203125, lat : -353632621, lng : 1491652374}
xyz LOCAL_POSITION_NED {time_boot_ms : 52159, x : -0.009845041669905186, y : 0.01141430251300335, z : 0.006154049187898636, vx : -0.013224591501057148, vy : 0.01513089518994093, vz : -0.00011632070527411997}
ahrs AHRS2 {roll : 0.001930300029926002, pitch : 0.0017216999549418688, yaw : -0.1259443759918213, altitude : 584.0899658203125, lat : -353632621, lng : 1491652374}
xyz LOCAL_POSITION_NED {time_boot_ms : 52191, x : -0.009948535822331905, y : 0.011530517600476742, z : 0.0061523932963609695, vx : -0.013293514028191566, vy : 0.015212039463222027, vz : -0.00010037571337306872}
ahrs AHRS2 {roll : 0.0019307107431814075, pitch : 0.0017216810956597328, yaw : -0.1259533166885376, altitude : 584.0899658203125, lat : -353632621, lng : 1491652374}
xyz LOCAL_POSITION_NED {time_boot_ms : 52224, x : -0.009929578751325607, y : 0.011505828239023685, z : 0.006150935776531696, vx : -0.013261056505143642, vy : 0.015182607807219028, vz : -0.00012976257130503654}
ahrs AHRS2 {roll : 0.0019317512633278966, pitch : 0.001722719520330429, yaw : -0.1259647011756897, altitude : 584.0899658203125, lat : -353632621, lng : 1491652374}
xyz LOCAL_POSITION_NED {time_boot_ms : 52256, x : -0.009782428853213787, y : 0.011333747766911983, z : 0.006149922031909227, vx : -0.013168806210160255, vy : 0.015074435621500015, vz : -0.00011156148684676737}
ahrs AHRS2 {roll : 0.0019298432162031531, pitch : 0.0017225510673597455, yaw : -0.12597720324993134, altitude : 584.0899658203125, lat : -353632621, lng : 1491652374}
xyz LOCAL_POSITION_NED {time_boot_ms : 52289, x : -0.009851816110312939, y : 0.011411290615797043, z : 0.006148837506771088, vx : -0.013208053074777126, vy : 0.015142038464546204, vz : -8.911784971132874e-05}
ahrs AHRS2 {roll : 0.0019281284185126424, pitch : 0.0017208766657859087, yaw : -0.1259879171848297, altitude : 584.0899658203125, lat : -353632621, lng : 1491652374}
xyz LOCAL_POSITION_NED {time_boot_ms : 52324, x : -0.009861687198281288, y : 0.011420917697250843, z : 0.006148621439933777, vx : -0.013209691271185875, vy : 0.015162048861384392, vz : -9.021655569085851e-05}
ahrs AHRS2 {roll : 0.0019271078053861856, pitch : 0.0017203128663823009, yaw : -0.12600000202655792, altitude : 584.0899658203125, lat : -353632621, lng : 1491652374}
xyz LOCAL_POSITION_NED {time_boot_ms : 52356, x : -0.009894050657749176, y : 0.01145790796726942, z : 0.006147719919681549, vx : -0.013228117488324642, vy : 0.01519712433218956, vz : -0.00010664497676771134}
ahrs AHRS2 {roll : 0.0019268087344244123, pitch : 0.0017204252071678638, yaw : -0.12601223587989807, altitude : 584.0899658203125, lat : -353632621, lng : 1491652374}
xyz LOCAL_POSITION_NED {time_boot_ms : 52389, x : -0.009986392222344875, y : 0.01156498771160841, z : 0.006146658211946487, vx : -0.013314371928572655, vy : 0.015291381627321243, vz : -0.00011125522723887116}
ahrs AHRS2 {roll : 0.0019289058400318027, pitch : 0.0017181260045617819, yaw : -0.1260208934545517, altitude : 584.0899658203125, lat : -353632621, lng : 1491652374}
xyz LOCAL_POSITION_NED {time_boot_ms : 52421, x : -0.009979444555938244, y : 0.011555931530892849, z : 0.006144549231976271, vx : -0.013309198431670666, vy : 0.015286033041775227, vz : -0.00013697535905521363}
ahrs AHRS2 {roll : 0.0019296144600957632, pitch : 0.0017185163451358676, yaw : -0.1260322779417038, altitude : 584.0899658203125, lat : -353632621, lng : 1491652374}
xyz LOCAL_POSITION_NED {time_boot_ms : 52454, x : -0.009835474193096161, y : 0.011389220133423805, z : 0.006142766214907169, vx : -0.013223850168287754, vy : 0.015172951854765415, vz : -0.00013767476775683463}
ahrs AHRS2 {roll : 0.0019320080755278468, pitch : 0.0017188432393595576, yaw : -0.1260465830564499, altitude : 584.0899658203125, lat : -353632621, lng : 1491652374}
xyz LOCAL_POSITION_NED {time_boot_ms : 52487, x : -0.009755992330610752, y : 0.011296977289021015, z : 0.006141147576272488, vx : -0.013151473365724087, vy : 0.015096512623131275, vz : -0.00013888815010432154}
ahrs AHRS2 {roll : 0.0019342958694323897, pitch : 0.0017166419420391321, yaw : -0.12605693936347961, altitude : 584.0899658203125, lat : -353632621, lng : 1491652374}
xyz LOCAL_POSITION_NED {time_boot_ms : 52522, x : -0.009916179813444614, y : 0.011482021771371365, z : 0.006138282362371683, vx : -0.013227197341620922, vy : 0.015241928398609161, vz : -0.00011581526632653549}
ahrs AHRS2 {roll : 0.0019349664216861129, pitch : 0.0017177785048261285, yaw : -0.126068577170372, altitude : 584.0899658203125, lat : -353632621, lng : 1491652374}
xyz LOCAL_POSITION_NED {time_boot_ms : 52554, x : -0.009947119280695915, y : 0.011519028805196285, z : 0.006137186661362648, vx : -0.013281706720590591, vy : 0.01529392134398222, vz : -0.0001093716491595842}
ahrs AHRS2 {roll : 0.001937367022037506, pitch : 0.0017191946972161531, yaw : -0.1260818988084793, altitude : 584.0899658203125, lat : -353632621, lng : 1491652374}
xyz LOCAL_POSITION_NED {time_boot_ms : 52587, x : -0.010038171894848347, y : 0.011626283638179302, z : 0.0061362688429653645, vx : -0.013326771557331085, vy : 0.015389666892588139, vz : -9.954597771866247e-05}
ahrs AHRS2 {roll : 0.0019372595706954598, pitch : 0.0017191402148455381, yaw : -0.12609200179576874, altitude : 584.0899658203125, lat : -353632621, lng : 1491652374}
xyz LOCAL_POSITION_NED {time_boot_ms : 52619, x : -0.010148637928068638, y : 0.011755666695535183, z : 0.006135124247521162, vx : -0.013395793735980988, vy : 0.01547994278371334, vz : -0.00010299809946445748}
ahrs AHRS2 {roll : 0.0019364079926162958, pitch : 0.0017199423164129257, yaw : -0.1261027753353119, altitude : 584.0899658203125, lat : -353632621, lng : 1491652374}
xyz LOCAL_POSITION_NED {time_boot_ms : 52652, x : -0.00997365452349186, y : 0.011555355973541737, z : 0.0061359042301774025, vx : -0.01329739112406969, vy : 0.015352030284702778, vz : -7.879249460529536e-05}
ahrs AHRS2 {roll : 0.001937379129230976, pitch : 0.0017222102032974362, yaw : -0.12611591815948486, altitude : 584.0899658203125, lat : -353632621, lng : 1491652374}
xyz LOCAL_POSITION_NED {time_boot_ms : 52687, x : -0.009910199791193008, y : 0.011483913287520409, z : 0.0061361538246273994, vx : -0.013268266804516315, vy : 0.015313023701310158, vz : -9.14141783141531e-05}
ahrs AHRS2 {roll : 0.001937437686137855, pitch : 0.0017232665559276938, yaw : -0.1261250376701355, altitude : 584.0899658203125, lat : -353632621, lng : 1491652374}
xyz LOCAL_POSITION_NED {time_boot_ms : 52719, x : -0.01003007311373949, y : 0.01162264309823513, z : 0.006134883500635624, vx : -0.01336902566254139, vy : 0.015401137061417103, vz : -0.00011298398749204352}
ahrs AHRS2 {roll : 0.001935079344548285, pitch : 0.0017220745794475079, yaw : -0.12613564729690552, altitude : 584.0899658203125, lat : -353632621, lng : 1491652374}
xyz LOCAL_POSITION_NED {time_boot_ms : 52752, x : -0.010037881322205067, y : 0.011632152833044529, z : 0.006133898161351681, vx : -0.013391776010394096, vy : 0.015402913093566895, vz : -0.00013673733337782323}
ahrs AHRS2 {roll : 0.0019346006447449327, pitch : 0.001721616368740797, yaw : -0.1261494904756546, altitude : 584.0899658203125, lat : -353632621, lng : 1491652374}
xyz LOCAL_POSITION_NED {time_boot_ms : 52784, x : -0.010242576710879803, y : 0.011868120171129704, z : 0.006130976136773825, vx : -0.013533116318285465, vy : 0.015594392083585262, vz : -0.00015304565022233874}
ahrs AHRS2 {roll : 0.001934953616000712, pitch : 0.0017227722564712167, yaw : -0.1261581927537918, altitude : 584.0899658203125, lat : -353632621, lng : 1491652374}
xyz LOCAL_POSITION_NED {time_boot_ms : 52817, x : -0.010225014761090279, y : 0.011848355643451214, z : 0.006129534915089607, vx : -0.013521458022296429, vy : 0.015573782846331596, vz : -0.0001426597300451249}
ahrs AHRS2 {roll : 0.0019350630464032292, pitch : 0.0017237694701179862, yaw : -0.1261695772409439, altitude : 584.0899658203125, lat : -353632621, lng : 1491652374}
xyz LOCAL_POSITION_NED {time_boot_ms : 52852, x : -0.010075012221932411, y : 0.011674953624606133, z : 0.006128217559307814, vx : -0.013419616967439651, vy : 0.015469626523554325, vz : -0.00015581019397359341}
ahrs AHRS2 {roll : 0.0019366724882274866, pitch : 0.001724831061437726, yaw : -0.12618224322795868, altitude : 584.0899658203125, lat : -353632621, lng : 1491652374}
xyz LOCAL_POSITION_NED {time_boot_ms : 52884, x : -0.010154017247259617, y : 0.01176590844988823, z : 0.006125130690634251, vx : -0.013483007438480854, vy : 0.015544827096164227, vz : -0.00016624534328002483}
ahrs AHRS2 {roll : 0.0019377018325030804, pitch : 0.0017238663276657462, yaw : -0.1261916309595108, altitude : 584.0899658203125, lat : -353632621, lng : 1491652374}
xyz LOCAL_POSITION_NED {time_boot_ms : 52917, x : -0.010087398812174797, y : 0.011689271777868271, z : 0.006123505532741547, vx : -0.013461423106491566, vy : 0.015516666695475578, vz : -0.00015136244473978877}
ahrs AHRS2 {roll : 0.0019376229029148817, pitch : 0.001723478315398097, yaw : -0.12620171904563904, altitude : 584.0899658203125, lat : -353632621, lng : 1491652374}
xyz LOCAL_POSITION_NED {time_boot_ms : 52949, x : -0.010110506787896156, y : 0.011717271991074085, z : 0.006121230311691761, vx : -0.013457030057907104, vy : 0.015557447448372841, vz : -0.00015737801732029766}
ahrs AHRS2 {roll : 0.0019365133484825492, pitch : 0.001723074703477323, yaw : -0.12621352076530457, altitude : 584.0899658203125, lat : -353632621, lng : 1491652374}
xyz LOCAL_POSITION_NED {time_boot_ms : 52982, x : -0.01028868742287159, y : 0.011924142949283123, z : 0.006118990946561098, vx : -0.013565275818109512, vy : 0.0156672652810812, vz : -0.00012172845163149759}
ahrs AHRS2 {roll : 0.0019374608527868986, pitch : 0.001723556430079043, yaw : -0.12622298300266266, altitude : 584.0899658203125, lat : -353632621, lng : 1491652374}
xyz LOCAL_POSITION_NED {time_boot_ms : 53017, x : -0.010309598408639431, y : 0.011948885396122932, z : 0.00611901143565774, vx : -0.013596910983324051, vy : 0.015658769756555557, vz : -9.202411456499249e-05}
ahrs AHRS2 {roll : 0.001939668320119381, pitch : 0.0017226904164999723, yaw : -0.1262337565422058, altitude : 584.0899658203125, lat : -353632621, lng : 1491652374}
xyz LOCAL_POSITION_NED {time_boot_ms : 53049, x : -0.010130690410733223, y : 0.011742663569748402, z : 0.006120557896792889, vx : -0.013450312428176403, vy : 0.015535793267190456, vz : -8.086511661531404e-05}
ahrs AHRS2 {roll : 0.0019414768321439624, pitch : 0.0017222283640876412, yaw : -0.12624403834342957, altitude : 584.0899658203125, lat : -353632621, lng : 1491652374}
xyz LOCAL_POSITION_NED {time_boot_ms : 53082, x : -0.010184012353420258, y : 0.011804528534412384, z : 0.006120564416050911, vx : -0.013524739071726799, vy : 0.015608448535203934, vz : -9.557525481795892e-05}
ahrs AHRS2 {roll : 0.0019422570476308465, pitch : 0.0017211284721270204, yaw : -0.12625552713871002, altitude : 584.0899658203125, lat : -353632621, lng : 1491652374}
xyz LOCAL_POSITION_NED {time_boot_ms : 53114, x : -0.010135420598089695, y : 0.011749310418963432, z : 0.0061217425391077995, vx : -0.013499709777534008, vy : 0.015601051971316338, vz : -7.330687367357314e-05}
ahrs AHRS2 {roll : 0.0019421017495915294, pitch : 0.0017212205566465855, yaw : -0.12626400589942932, altitude : 584.0899658203125, lat : -353632621, lng : 1491652374}
xyz LOCAL_POSITION_NED {time_boot_ms : 53147, x : -0.01014444138854742, y : 0.011760794557631016, z : 0.006123146042227745, vx : -0.013501248322427273, vy : 0.015583195723593235, vz : -5.7756224123295397e-05}
ahrs AHRS2 {roll : 0.001942941453307867, pitch : 0.0017211149679496884, yaw : -0.12627533078193665, altitude : 584.0899658203125, lat : -353632621, lng : 1491652374}
xyz LOCAL_POSITION_NED {time_boot_ms : 53182, x : -0.010367264971137047, y : 0.012019176036119461, z : 0.006122943013906479, vx : -0.013642432168126106, vy : 0.015764279291033745, vz : -6.55201292829588e-05}
ahrs AHRS2 {roll : 0.0019443999044597149, pitch : 0.0017225726041942835, yaw : -0.12628594040870667, altitude : 584.0899658203125, lat : -353632621, lng : 1491652374}
xyz LOCAL_POSITION_NED {time_boot_ms : 53214, x : -0.010352132841944695, y : 0.012003210373222828, z : 0.006124746985733509, vx : -0.013615650124847889, vy : 0.015743985772132874, vz : -4.4780557800550014e-05}
ahrs AHRS2 {roll : 0.0019441938493400812, pitch : 0.0017250296659767628, yaw : -0.12629610300064087, altitude : 584.0899658203125, lat : -353632621, lng : 1491652374}
xyz LOCAL_POSITION_NED {time_boot_ms : 53247, x : -0.010160340927541256, y : 0.01178202498704195, z : 0.006126727443188429, vx : -0.013484600931406021, vy : 0.015574167482554913, vz : -4.840152178076096e-05}
ahrs AHRS2 {roll : 0.0019437550799921155, pitch : 0.0017218084540218115, yaw : -0.12630875408649445, altitude : 584.0899658203125, lat : -353632621, lng : 1491652374}
xyz LOCAL_POSITION_NED {time_boot_ms : 53279, x : -0.01022335421293974, y : 0.0118550481274724, z : 0.006127485074102879, vx : -0.013513848185539246, vy : 0.01561048999428749, vz : -4.642530620913021e-05}
ahrs AHRS2 {roll : 0.0019459262257441878, pitch : 0.0017228046199306846, yaw : -0.12631864845752716, altitude : 584.0899658203125, lat : -353632621, lng : 1491652374}
xyz LOCAL_POSITION_NED {time_boot_ms : 53312, x : -0.010159598663449287, y : 0.011781838722527027, z : 0.006129840388894081, vx : -0.013463749550282955, vy : 0.015531931072473526, vz : -3.864255631924607e-05}
ahrs AHRS2 {roll : 0.0019480165792629123, pitch : 0.0017255890415981412, yaw : -0.12632791697978973, altitude : 584.0899658203125, lat : -353632621, lng : 1491652374}
xyz LOCAL_POSITION_NED {time_boot_ms : 53346, x : -0.010197882540524006, y : 0.0118256201967597, z : 0.006132257170975208, vx : -0.013505382463335991, vy : 0.015564383007586002, vz : -6.818061137892073e-06}
ahrs AHRS2 {roll : 0.0019485526718199253, pitch : 0.0017258909065276384, yaw : -0.12633834779262543, altitude : 584.0899658203125, lat : -353632621, lng : 1491652374}
xyz LOCAL_POSITION_NED {time_boot_ms : 53379, x : -0.010383705608546734, y : 0.012038946151733398, z : 0.00613408163189888, vx : -0.013649708591401577, vy : 0.015677114948630333, vz : 8.18150510895066e-06}
ahrs AHRS2 {roll : 0.0019505053060129285, pitch : 0.0017267306102439761, yaw : -0.1263476014137268, altitude : 584.0899658203125, lat : -353632621, lng : 1491652374}
xyz LOCAL_POSITION_NED {time_boot_ms : 53411, x : -0.01036569569259882, y : 0.012016098015010357, z : 0.006137948017567396, vx : -0.01363791897892952, vy : 0.01568404585123062, vz : 3.6379118682816625e-05}
ahrs AHRS2 {roll : 0.0019527740078046918, pitch : 0.001727449125610292, yaw : -0.12635619938373566, altitude : 584.0899658203125, lat : -353632621, lng : 1491652374}
xyz LOCAL_POSITION_NED {time_boot_ms : 53444, x : -0.010374678298830986, y : 0.012024619616568089, z : 0.00614132871851325, vx : -0.0136276138946414, vy : 0.015702033415436745, vz : 6.186253449413925e-05}
ahrs AHRS2 {roll : 0.001954547595232725, pitch : 0.0017271244432777166, yaw : -0.12636783719062805, altitude : 584.0899658203125, lat : -353632621, lng : 1491652374}
xyz LOCAL_POSITION_NED {time_boot_ms : 53479, x : -0.01026901789009571, y : 0.011900773271918297, z : 0.006146950647234917, vx : -0.013554643839597702, vy : 0.015603700652718544, vz : 0.00010533651220612228}
ahrs AHRS2 {roll : 0.0019566137343645096, pitch : 0.001727956347167492, yaw : -0.12637647986412048, altitude : 584.0899658203125, lat : -353632621, lng : 1491652374}
xyz LOCAL_POSITION_NED {time_boot_ms : 53511, x : -0.010204721242189407, y : 0.01182445790618658, z : 0.006152817513793707, vx : -0.013500039465725422, vy : 0.015535757876932621, vz : 9.790053445613012e-05}
ahrs AHRS2 {roll : 0.001958878943696618, pitch : 0.0017285008216276765, yaw : -0.1263858526945114, altitude : 584.0899658203125, lat : -353632621, lng : 1491652374}
xyz LOCAL_POSITION_NED {time_boot_ms : 53544, x : -0.01034637726843357, y : 0.011986681260168552, z : 0.006158079952001572, vx : -0.013571616262197495, vy : 0.01565413363277912, vz : 0.00010916380415437743}
ahrs AHRS2 {roll : 0.0019609315786510706, pitch : 0.0017279909225180745, yaw : -0.12639816105365753, altitude : 584.0899658203125, lat : -353632621, lng : 1491652374}
xyz LOCAL_POSITION_NED {time_boot_ms : 53576, x : -0.010392548516392708, y : 0.012039516121149063, z : 0.006163743790239096, vx : -0.013605748303234577, vy : 0.015689590945839882, vz : 0.00010305223986506462}
ahrs AHRS2 {roll : 0.001961206318810582, pitch : 0.0017260927706956863, yaw : -0.12640857696533203, altitude : 584.0899658203125, lat : -353632621, lng : 1491652374}
xyz LOCAL_POSITION_NED {time_boot_ms : 53609, x : -0.010371726006269455, y : 0.012015954591333866, z : 0.00616925023496151, vx : -0.013563024811446667, vy : 0.01567815989255905, vz : 0.00011208131036255509}
ahrs AHRS2 {roll : 0.001959312241524458, pitch : 0.0017252282705157995, yaw : -0.12642264366149902, altitude : 584.0899658203125, lat : -353632621, lng : 1491652374}
xyz LOCAL_POSITION_NED {time_boot_ms : 53644, x : -0.010410838760435581, y : 0.01206368487328291, z : 0.006173761561512947, vx : -0.013568144291639328, vy : 0.01573464460670948, vz : 0.00013080067583359778}
ahrs AHRS2 {roll : 0.001958424225449562, pitch : 0.0017227425705641508, yaw : -0.12643751502037048, altitude : 584.0899658203125, lat : -353632621, lng : 1491652374}
xyz LOCAL_POSITION_NED {time_boot_ms : 53676, x : -0.010267074219882488, y : 0.011900891549885273, z : 0.006178485229611397, vx : -0.013474803417921066, vy : 0.015649020671844482, vz : 0.00011808974522864446}
ahrs AHRS2 {roll : 0.001956320134922862, pitch : 0.001720803091302514, yaw : -0.1264483630657196, altitude : 584.0899658203125, lat : -353632621, lng : 1491652374}
xyz LOCAL_POSITION_NED {time_boot_ms : 53709, x : -0.010198429226875305, y : 0.011826102621853352, z : 0.006183775141835213, vx : -0.013401543721556664, vy : 0.015593762509524822, vz : 0.00013826985377818346}
ahrs AHRS2 {roll : 0.0019539387430995703, pitch : 0.0017185874748975039, yaw : -0.1264626830816269, altitude : 584.0899658203125, lat : -353632621, lng : 1491652374}
xyz LOCAL_POSITION_NED {time_boot_ms : 53741, x : -0.01033664122223854, y : 0.011990223079919815, z : 0.006188817787915468, vx : -0.013498080894351006, vy : 0.015681546181440353, vz : 0.00013579092046711594}
ahrs AHRS2 {roll : 0.001952389837242663, pitch : 0.0017160866409540176, yaw : -0.1264779418706894, altitude : 584.0899658203125, lat : -353632621, lng : 1491652374}
xyz LOCAL_POSITION_NED {time_boot_ms : 53774, x : -0.010379577986896038, y : 0.012043976224958897, z : 0.006194194778800011, vx : -0.013534813188016415, vy : 0.015725549310445786, vz : 0.0001507439446868375}
ahrs AHRS2 {roll : 0.0019502575742080808, pitch : 0.0017134305089712143, yaw : -0.1264917403459549, altitude : 584.0899658203125, lat : -353632621, lng : 1491652374}
xyz LOCAL_POSITION_NED {time_boot_ms : 53809, x : -0.010390592738986015, y : 0.012061033397912979, z : 0.006199898663908243, vx : -0.013523388653993607, vy : 0.015765080228447914, vz : 0.00016368065553251654}
ahrs AHRS2 {roll : 0.0019504284719005227, pitch : 0.0017097712261602283, yaw : -0.1265028417110443, altitude : 584.0899658203125, lat : -353632621, lng : 1491652374}
xyz LOCAL_POSITION_NED {time_boot_ms : 53841, x : -0.010395274497568607, y : 0.012070078402757645, z : 0.006204769015312195, vx : -0.013528169132769108, vy : 0.01577725261449814, vz : 0.00019460903422441334}
ahrs AHRS2 {roll : 0.001948951743543148, pitch : 0.0017076294170692563, yaw : -0.12651647627353668, altitude : 584.0899658203125, lat : -353632621, lng : 1491652374}
xyz LOCAL_POSITION_NED {time_boot_ms : 53874, x : -0.010250718332827091, y : 0.011907735839486122, z : 0.006209647282958031, vx : -0.01340766903012991, vy : 0.015675874426960945, vz : 0.0001795161224436015}
ahrs AHRS2 {roll : 0.0019481133203953505, pitch : 0.001706032664515078, yaw : -0.1265292465686798, altitude : 584.0899658203125, lat : -353632621, lng : 1491652374}
xyz LOCAL_POSITION_NED {time_boot_ms : 53906, x : -0.010342084802687168, y : 0.012018651701509953, z : 0.006214562803506851, vx : -0.013462407514452934, vy : 0.01573445089161396, vz : 0.00016574117762502283}
ahrs AHRS2 {roll : 0.0019474733853712678, pitch : 0.001703442889265716, yaw : -0.12654080986976624, altitude : 584.0899658203125, lat : -353632621, lng : 1491652374}
xyz LOCAL_POSITION_NED {time_boot_ms : 53939, x : -0.010319274850189686, y : 0.011997031047940254, z : 0.0062195006757974625, vx : -0.013447381556034088, vy : 0.01570875756442547, vz : 0.0001659826230024919}
ahrs AHRS2 {roll : 0.0019469629041850567, pitch : 0.0017035430064424872, yaw : -0.12655681371688843, altitude : 584.0899658203125, lat : -353632621, lng : 1491652374}
xyz LOCAL_POSITION_NED {time_boot_ms : 53974, x : -0.010395674966275692, y : 0.012091142125427723, z : 0.006224691867828369, vx : -0.013494701124727726, vy : 0.015795912593603134, vz : 0.00017170596402138472}
ahrs AHRS2 {roll : 0.0019465775694698095, pitch : 0.001702729961834848, yaw : -0.12657105922698975, altitude : 584.0899658203125, lat : -353632621, lng : 1491652374}
xyz LOCAL_POSITION_NED {time_boot_ms : 54006, x : -0.010605436749756336, y : 0.012339836917817593, z : 0.006230533123016357, vx : -0.013659168966114521, vy : 0.015967726707458496, vz : 0.0001911422732518986}
ahrs AHRS2 {roll : 0.0019458214519545436, pitch : 0.0017034347401931882, yaw : -0.12658384442329407, altitude : 584.0899658203125, lat : -353632621, lng : 1491652374}
xyz LOCAL_POSITION_NED {time_boot_ms : 54039, x : -0.010366343893110752, y : 0.012066546827554703, z : 0.006233694963157177, vx : -0.013464619405567646, vy : 0.0157662071287632, vz : 0.0001755276753101498}
ahrs AHRS2 {roll : 0.0019450258696451783, pitch : 0.0017021378735080361, yaw : -0.1266012042760849, altitude : 584.0899658203125, lat : -353632621, lng : 1491652374}
xyz LOCAL_POSITION_NED {time_boot_ms : 54071, x : -0.010233613662421703, y : 0.01191631704568863, z : 0.00623706728219986, vx : -0.013386499136686325, vy : 0.0156607273966074, vz : 0.00017233204562216997}
ahrs AHRS2 {roll : 0.0019428626401349902, pitch : 0.0017001114320009947, yaw : -0.12661300599575043, altitude : 584.0899658203125, lat : -353632621, lng : 1491652374}
xyz LOCAL_POSITION_NED {time_boot_ms : 54104, x : -0.010314079001545906, y : 0.012013617902994156, z : 0.006241513416171074, vx : -0.013443322852253914, vy : 0.01573323644697666, vz : 0.00018308708968106657}
ahrs AHRS2 {roll : 0.0019410926615819335, pitch : 0.0016977243358269334, yaw : -0.12662583589553833, altitude : 584.0899658203125, lat : -353632621, lng : 1491652374}
xyz LOCAL_POSITION_NED {time_boot_ms : 54139, x : -0.010326449759304523, y : 0.012031827121973038, z : 0.006246290169656277, vx : -0.013473247177898884, vy : 0.015744486823678017, vz : 0.00016878415772225708}
ahrs AHRS2 {roll : 0.0019404762424528599, pitch : 0.0016965856775641441, yaw : -0.1266377717256546, altitude : 584.0899658203125, lat : -353632621, lng : 1491652374}
xyz LOCAL_POSITION_NED {time_boot_ms : 54171, x : -0.010381367057561874, y : 0.012099209241569042, z : 0.006249903701245785, vx : -0.013490542769432068, vy : 0.015780121088027954, vz : 0.0001591094332979992}
ahrs AHRS2 {roll : 0.0019363361643627286, pitch : 0.0016962472582235932, yaw : -0.12664927542209625, altitude : 584.0899658203125, lat : -353632621, lng : 1491652374}
xyz LOCAL_POSITION_NED {time_boot_ms : 54204, x : -0.01057988777756691, y : 0.012332949787378311, z : 0.006254500709474087, vx : -0.013630137778818607, vy : 0.01592899113893509, vz : 0.00017589189519640058}
ahrs AHRS2 {roll : 0.0019335609395056963, pitch : 0.0016924701631069183, yaw : -0.12666131556034088, altitude : 584.0899658203125, lat : -353632621, lng : 1491652374}
xyz LOCAL_POSITION_NED {time_boot_ms : 54236, x : -0.010364674031734467, y : 0.01208458375185728, z : 0.006255892105400562, vx : -0.013482904992997646, vy : 0.0157470740377903, vz : 0.0001626714365556836}
ahrs AHRS2 {roll : 0.0019320343853905797, pitch : 0.0016912756254896522, yaw : -0.1266750991344452, altitude : 584.0899658203125, lat : -353632621, lng : 1491652374}
xyz LOCAL_POSITION_NED {time_boot_ms : 54269, x : -0.010395721532404423, y : 0.012121339328587055, z : 0.0062583982944488525, vx : -0.01352227758616209, vy : 0.015743443742394447, vz : 0.00016184337437152863}
ahrs AHRS2 {roll : 0.0019288788316771388, pitch : 0.001691061886958778, yaw : -0.1266879141330719, altitude : 584.0899658203125, lat : -353632621, lng : 1491652374}
xyz LOCAL_POSITION_NED {time_boot_ms : 54304, x : -0.010337509214878082, y : 0.012054449878633022, z : 0.006260637193918228, vx : -0.013475460931658745, vy : 0.015723276883363724, vz : 0.0001458389888284728}
ahrs AHRS2 {roll : 0.0019284143345430493, pitch : 0.001690291566774249, yaw : -0.1266985535621643, altitude : 584.0899658203125, lat : -353632621, lng : 1491652374}
xyz LOCAL_POSITION_NED {time_boot_ms : 54336, x : -0.010328344069421291, y : 0.012044526636600494, z : 0.006263101939111948, vx : -0.013472710736095905, vy : 0.015685679391026497, vz : 0.00018091466336045414}
ahrs AHRS2 {roll : 0.0019281896529719234, pitch : 0.0016894728178158402, yaw : -0.1267113983631134, altitude : 584.0899658203125, lat : -353632621, lng : 1491652374}
xyz LOCAL_POSITION_NED {time_boot_ms : 54369, x : -0.010486588813364506, y : 0.012228697538375854, z : 0.0062665557488799095, vx : -0.01358424499630928, vy : 0.015827851369976997, vz : 0.00014295925211627036}
ahrs AHRS2 {roll : 0.0019281940767541528, pitch : 0.001688374555669725, yaw : -0.12672534584999084, altitude : 584.0899658203125, lat : -353632621, lng : 1491652374}
xyz LOCAL_POSITION_NED {time_boot_ms : 54401, x : -0.010583640076220036, y : 0.012342766858637333, z : 0.006268453784286976, vx : -0.013657869771122932, vy : 0.015933919697999954, vz : 0.00011655846174107864}
ahrs AHRS2 {roll : 0.0019271181663498282, pitch : 0.0016889070393517613, yaw : -0.12673604488372803, altitude : 584.0899658203125, lat : -353632621, lng : 1491652374}
xyz LOCAL_POSITION_NED {time_boot_ms : 54434, x : -0.010357832536101341, y : 0.012080439366400242, z : 0.006267641205340624, vx : -0.013503851369023323, vy : 0.01575118489563465, vz : 8.239199814852327e-05}
ahrs AHRS2 {roll : 0.001927605946548283, pitch : 0.0016876427689567208, yaw : -0.1267499178647995, altitude : 584.0899658203125, lat : -353632621, lng : 1491652374}
xyz LOCAL_POSITION_NED {time_boot_ms : 54469, x : -0.0104338014498353, y : 0.012169917114078999, z : 0.006267942022532225, vx : -0.013529932126402855, vy : 0.015814393758773804, vz : 8.522756252205e-05}
ahrs AHRS2 {roll : 0.0019265040755271912, pitch : 0.0016878996975719929, yaw : -0.12676085531711578, altitude : 584.0899658203125, lat : -353632621, lng : 1491652374}
xyz LOCAL_POSITION_NED {time_boot_ms : 54501, x : -0.010341934859752655, y : 0.01206448394805193, z : 0.0062675438821315765, vx : -0.013507121242582798, vy : 0.015755435451865196, vz : 7.49619648559019e-05}
ahrs AHRS2 {roll : 0.0019230138277634978, pitch : 0.0016861960757523775, yaw : -0.12677232921123505, altitude : 584.0899658203125, lat : -353632621, lng : 1491652374}
xyz LOCAL_POSITION_NED {time_boot_ms : 54534, x : -0.01033595111221075, y : 0.012057587504386902, z : 0.006266672629863024, vx : -0.01352229155600071, vy : 0.015759319067001343, vz : 6.560693873325363e-05}
ahrs AHRS2 {roll : 0.0019233498023822904, pitch : 0.0016871909610927105, yaw : -0.1267840564250946, altitude : 584.0899658203125, lat : -353632621, lng : 1491652374}
xyz LOCAL_POSITION_NED {time_boot_ms : 54567, x : -0.0105079784989357, y : 0.012259140610694885, z : 0.006266964599490166, vx : -0.013631164096295834, vy : 0.015931757166981697, vz : 7.25891804904677e-05}
ahrs AHRS2 {roll : 0.0019249116303399205, pitch : 0.001686990144662559, yaw : -0.1267930418252945, altitude : 584.0899658203125, lat : -353632621, lng : 1491652374}
xyz LOCAL_POSITION_NED {time_boot_ms : 54599, x : -0.010596354492008686, y : 0.012363939546048641, z : 0.0062669385224580765, vx : -0.013677453622221947, vy : 0.015994707122445107, vz : 7.69552425481379e-05}
ahrs AHRS2 {roll : 0.0019225608557462692, pitch : 0.0016874984139576554, yaw : -0.1268044263124466, altitude : 584.0899658203125, lat : -353632621, lng : 1491652374}
xyz LOCAL_POSITION_NED {time_boot_ms : 54632, x : -0.010371837764978409, y : 0.012105247937142849, z : 0.006266511045396328, vx : -0.013519100844860077, vy : 0.01581464521586895, vz : 7.009633554844186e-05}
ahrs AHRS2 {roll : 0.0019190619932487607, pitch : 0.001685987925156951, yaw : -0.12681719660758972, altitude : 584.0899658203125, lat : -353632621, lng : 1491652374}
xyz LOCAL_POSITION_NED {time_boot_ms : 54667, x : -0.010449607856571674, y : 0.012197932228446007, z : 0.006267549470067024, vx : -0.01359096635133028, vy : 0.015868067741394043, vz : 9.054449765244499e-05}
ahrs AHRS2 {roll : 0.0019175141351297498, pitch : 0.0016855406574904919, yaw : -0.1268308460712433, altitude : 584.0899658203125, lat : -353632621, lng : 1491652374}
xyz LOCAL_POSITION_NED {time_boot_ms : 54699, x : -0.010360070504248142, y : 0.012095309793949127, z : 0.0062684896402060986, vx : -0.013526126742362976, vy : 0.01582162268459797, vz : 0.00011860667291330174}
ahrs AHRS2 {roll : 0.0019182527903467417, pitch : 0.0016849682433530688, yaw : -0.12684132158756256, altitude : 584.0899658203125, lat : -353632621, lng : 1491652374}
xyz LOCAL_POSITION_NED {time_boot_ms : 54732, x : -0.010340561158955097, y : 0.012076069600880146, z : 0.006270222831517458, vx : -0.013480565510690212, vy : 0.015824541449546814, vz : 0.00011551643547136337}
ahrs AHRS2 {roll : 0.001918175257742405, pitch : 0.0016847520601004362, yaw : -0.12685197591781616, altitude : 584.0899658203125, lat : -353632621, lng : 1491652374}
xyz LOCAL_POSITION_NED {time_boot_ms : 54764, x : -0.010510154068470001, y : 0.012277918867766857, z : 0.00627268198877573, vx : -0.013581882230937481, vy : 0.01595485769212246, vz : 0.000114254500658717}
ahrs AHRS2 {roll : 0.001919099478982389, pitch : 0.0016835733549669385, yaw : -0.1268630474805832, altitude : 584.0899658203125, lat : -353632621, lng : 1491652374}
xyz LOCAL_POSITION_NED {time_boot_ms : 54797, x : -0.010595593601465225, y : 0.012382936663925648, z : 0.006275019142776728, vx : -0.013621392659842968, vy : 0.016056019812822342, vz : 0.0001309202198171988}
ahrs AHRS2 {roll : 0.0019190722377970815, pitch : 0.0016842192271724343, yaw : -0.1268731653690338, altitude : 584.0899658203125, lat : -353632621, lng : 1491652374}
xyz LOCAL_POSITION_NED {time_boot_ms : 54832, x : -0.010390857234597206, y : 0.012150174006819725, z : 0.006276885978877544, vx : -0.013461108319461346, vy : 0.015889855101704597, vz : 0.00016332013183273375}
ahrs AHRS2 {roll : 0.0019181135576218367, pitch : 0.0016827629879117012, yaw : -0.12688285112380981, altitude : 584.0899658203125, lat : -353632621, lng : 1491652374}
xyz LOCAL_POSITION_NED {time_boot_ms : 54864, x : -0.010442635975778103, y : 0.012217575684189796, z : 0.006280106492340565, vx : -0.013475346378982067, vy : 0.01595444791018963, vz : 0.0001860179763752967}
ahrs AHRS2 {roll : 0.0019164354307577014, pitch : 0.001682103960774839, yaw : -0.12689290940761566, altitude : 584.0899658203125, lat : -353632621, lng : 1491652374}
xyz LOCAL_POSITION_NED {time_boot_ms : 54897, x : -0.010336851701140404, y : 0.012102039530873299, z : 0.006283272057771683, vx : -0.013374272733926773, vy : 0.015875650569796562, vz : 0.00018945077317766845}
ahrs AHRS2 {roll : 0.0019166229758411646, pitch : 0.0016799320001155138, yaw : -0.12690305709838867, altitude : 584.0899658203125, lat : -353632621, lng : 1491652374}
xyz LOCAL_POSITION_NED {time_boot_ms : 54929, x : -0.01046957727521658, y : 0.012266368605196476, z : 0.00628814660012722, vx : -0.013452567160129547, vy : 0.015991035848855972, vz : 0.00020133654470555484}
ahrs AHRS2 {roll : 0.001914527965709567, pitch : 0.0016783472383394837, yaw : -0.12691272795200348, altitude : 584.0899658203125, lat : -353632621, lng : 1491652374}
xyz LOCAL_POSITION_NED {time_boot_ms : 54962, x : -0.010478109121322632, y : 0.01228601299226284, z : 0.006291892379522324, vx : -0.013456739485263824, vy : 0.01600187085568905, vz : 0.00018372596241533756}
ahrs AHRS2 {roll : 0.0019136951304972172, pitch : 0.001677372376434505, yaw : -0.12692564725875854, altitude : 584.0899658203125, lat : -353632621, lng : 1491652374}
xyz LOCAL_POSITION_NED {time_boot_ms : 54997, x : -0.010593601502478123, y : 0.01243078988045454, z : 0.006296759471297264, vx : -0.013543039560317993, vy : 0.01609707996249199, vz : 0.00019820957095362246}
ahrs AHRS2 {roll : 0.00191056402400136, pitch : 0.0016759349964559078, yaw : -0.12693680822849274, altitude : 584.0899658203125, lat : -353632621, lng : 1491652374}
xyz LOCAL_POSITION_NED {time_boot_ms : 55029, x : -0.010588248260319233, y : 0.01243202481418848, z : 0.006300216540694237, vx : -0.013491256162524223, vy : 0.016072148457169533, vz : 0.00021194021974224597}
ahrs AHRS2 {roll : 0.0019106277031823993, pitch : 0.001674441620707512, yaw : -0.12694747745990753, altitude : 584.0899658203125, lat : -353632621, lng : 1491652374}
xyz LOCAL_POSITION_NED {time_boot_ms : 55062, x : -0.01040296908468008, y : 0.012222152203321457, z : 0.006302762310951948, vx : -0.013363003730773926, vy : 0.015936024487018585, vz : 0.0002094467490678653}
ahrs AHRS2 {roll : 0.001909873797558248, pitch : 0.0016728256596252322, yaw : -0.1269582211971283, altitude : 584.0899658203125, lat : -353632621, lng : 1491652374}
xyz LOCAL_POSITION_NED {time_boot_ms : 55094, x : -0.01031804084777832, y : 0.012130791321396828, z : 0.006306035444140434, vx : -0.013298755511641502, vy : 0.015894649550318718, vz : 0.0002097536635119468}
ahrs AHRS2 {roll : 0.0019098196644335985, pitch : 0.0016712866490706801, yaw : -0.12696824967861176, altitude : 584.0899658203125, lat : -353632621, lng : 1491652374}
xyz LOCAL_POSITION_NED {time_boot_ms : 55127, x : -0.010426695458590984, y : 0.01226720865815878, z : 0.006310837343335152, vx : -0.013371417298913002, vy : 0.015973908826708794, vz : 0.00023199309362098575}
ahrs AHRS2 {roll : 0.0019085515523329377, pitch : 0.001670608762651682, yaw : -0.12697964906692505, altitude : 584.0899658203125, lat : -353632621, lng : 1491652374}
xyz LOCAL_POSITION_NED {time_boot_ms : 55162, x : -0.010479232296347618, y : 0.012337949126958847, z : 0.006315716076642275, vx : -0.013424521312117577, vy : 0.016021812334656715, vz : 0.00022725106100551784}
ahrs AHRS2 {roll : 0.0019081960199400783, pitch : 0.0016673023346811533, yaw : -0.12699000537395477, altitude : 584.0899658203125, lat : -353632621, lng : 1491652374}
xyz LOCAL_POSITION_NED {time_boot_ms : 55194, x : -0.010571583174169064, y : 0.012454436160624027, z : 0.006320558022707701, vx : -0.013495794497430325, vy : 0.016079604625701904, vz : 0.00023365727975033224}
ahrs AHRS2 {roll : 0.0019081470090895891, pitch : 0.0016669444739818573, yaw : -0.1269984394311905, altitude : 584.0899658203125, lat : -353632621, lng : 1491652374}
xyz LOCAL_POSITION_NED {time_boot_ms : 55227, x : -0.010544289834797382, y : 0.012427096255123615, z : 0.006324212998151779, vx : -0.013490301556885242, vy : 0.01606687158346176, vz : 0.00024583921185694635}
ahrs AHRS2 {roll : 0.0019093952141702175, pitch : 0.0016657334053888917, yaw : -0.12700869143009186, altitude : 584.0899658203125, lat : -353632621, lng : 1491652374}
xyz LOCAL_POSITION_NED {time_boot_ms : 55259, x : -0.010382863692939281, y : 0.012241722084581852, z : 0.0063273366540670395, vx : -0.013372348621487617, vy : 0.015940720215439796, vz : 0.00023981338017620146}
ahrs AHRS2 {roll : 0.0019108527339994907, pitch : 0.001664740382693708, yaw : -0.12701760232448578, altitude : 584.0899658203125, lat : -353632621, lng : 1491652374}
xyz LOCAL_POSITION_NED {time_boot_ms : 55292, x : -0.010456171818077564, y : 0.012334135361015797, z : 0.0063323210924863815, vx : -0.013393629342317581, vy : 0.016008689999580383, vz : 0.0002480857365299016}
ahrs AHRS2 {roll : 0.0019094209419563413, pitch : 0.0016654804348945618, yaw : -0.12702900171279907, altitude : 584.0899658203125, lat : -353632621, lng : 1491652374}
xyz LOCAL_POSITION_NED {time_boot_ms : 55327, x : -0.01044215727597475, y : 0.012324576266109943, z : 0.0063370936550199986, vx : -0.01340402476489544, vy : 0.016028443351387978, vz : 0.00028698230744339526}
ahrs AHRS2 {roll : 0.0019085948588326573, pitch : 0.0016663059359416366, yaw : -0.12703852355480194, altitude : 584.0899658203125, lat : -353632621, lng : 1491652374}
xyz LOCAL_POSITION_NED {time_boot_ms : 55359, x : -0.010462715290486813, y : 0.012354481965303421, z : 0.0063424184918403625, vx : -0.013425467535853386, vy : 0.01603643037378788, vz : 0.00026241797604598105}
ahrs AHRS2 {roll : 0.001907551777549088, pitch : 0.0016666975570842624, yaw : -0.12704962491989136, altitude : 584.0899658203125, lat : -353632621, lng : 1491652374}
xyz LOCAL_POSITION_NED {time_boot_ms : 55392, x : -0.01065696869045496, y : 0.012590007856488228, z : 0.006349008530378342, vx : -0.013519049622118473, vy : 0.016186989843845367, vz : 0.00028440941241569817}
ahrs AHRS2 {roll : 0.0019072515424340963, pitch : 0.0016679188702255487, yaw : -0.12706057727336884, altitude : 584.0899658203125, lat : -353632621, lng : 1491652374}
xyz LOCAL_POSITION_NED {time_boot_ms : 55424, x : -0.010527870617806911, y : 0.012442977167665958, z : 0.006352442782372236, vx : -0.013448071666061878, vy : 0.016094844788312912, vz : 0.0002558765700086951}
ahrs AHRS2 {roll : 0.001905840472318232, pitch : 0.0016687590396031737, yaw : -0.12706999480724335, altitude : 584.0899658203125, lat : -353632621, lng : 1491652374}
xyz LOCAL_POSITION_NED {time_boot_ms : 55459, x : -0.010388207621872425, y : 0.012283633463084698, z : 0.006354715675115585, vx : -0.013351612724363804, vy : 0.015972312539815903, vz : 0.00023001777299214154}
ahrs AHRS2 {roll : 0.001904336386360228, pitch : 0.0016683869762346148, yaw : -0.12707912921905518, altitude : 584.0899658203125, lat : -353632621, lng : 1491652374}
xyz LOCAL_POSITION_NED {time_boot_ms : 55491, x : -0.01046146359294653, y : 0.012376051396131516, z : 0.0063582174479961395, vx : -0.013397378847002983, vy : 0.016054118052124977, vz : 0.00021272283629514277}
ahrs AHRS2 {roll : 0.0019045548979192972, pitch : 0.00166812923271209, yaw : -0.12709009647369385, altitude : 584.0899658203125, lat : -353632621, lng : 1491652374}
xyz LOCAL_POSITION_NED {time_boot_ms : 55524, x : -0.010414809919893742, y : 0.012326313182711601, z : 0.006359780207276344, vx : -0.013387667946517467, vy : 0.016018403694033623, vz : 0.00020840017532464117}
ahrs AHRS2 {roll : 0.00190387770999223, pitch : 0.0016669266624376178, yaw : -0.1270977407693863, altitude : 584.0899658203125, lat : -353632621, lng : 1491652374}
xyz LOCAL_POSITION_NED {time_boot_ms : 55556, x : -0.010435929521918297, y : 0.012355907820165157, z : 0.006361782550811768, vx : -0.013406924903392792, vy : 0.016042564064264297, vz : 0.00019611747120507061}
ahrs AHRS2 {roll : 0.0019058939069509506, pitch : 0.0016678969841450453, yaw : -0.12710566818714142, altitude : 584.0899658203125, lat : -353632621, lng : 1491652374}
xyz LOCAL_POSITION_NED {time_boot_ms : 55589, x : -0.01063053123652935, y : 0.0125921331346035, z : 0.006365098524838686, vx : -0.013523819856345654, vy : 0.016248758882284164, vz : 0.00018554143025539815}
ahrs AHRS2 {roll : 0.0019056780729442835, pitch : 0.0016654368955641985, yaw : -0.12711629271507263, altitude : 584.0899658203125, lat : -353632621, lng : 1491652374}
xyz LOCAL_POSITION_NED {time_boot_ms : 55624, x : -0.01053580641746521, y : 0.012487299740314484, z : 0.006365962326526642, vx : -0.01346595212817192, vy : 0.016207056120038033, vz : 0.00018925587937701494}
ahrs AHRS2 {roll : 0.001904748030938208, pitch : 0.0016649906756356359, yaw : -0.1271238625049591, altitude : 584.0899658203125, lat : -353632621, lng : 1491652374}
xyz LOCAL_POSITION_NED {time_boot_ms : 55656, x : -0.010363547131419182, y : 0.012290285900235176, z : 0.006365581881254911, vx : -0.013346830382943153, vy : 0.016071338206529617, vz : 0.00018472727970220149}
ahrs AHRS2 {roll : 0.0019064558437094092, pitch : 0.0016648664604872465, yaw : -0.1271328628063202, altitude : 584.0899658203125, lat : -353632621, lng : 1491652374}
xyz LOCAL_POSITION_NED {time_boot_ms : 55689, x : -0.010437269695103168, y : 0.012385452166199684, z : 0.006367418449372053, vx : -0.013390233740210533, vy : 0.016148030757904053, vz : 0.0001814741117414087}
ahrs AHRS2 {roll : 0.0019035618752241135, pitch : 0.0016660132678225636, yaw : -0.12714165449142456, altitude : 584.0899658203125, lat : -353632621, lng : 1491652374}
xyz LOCAL_POSITION_NED {time_boot_ms : 55721, x : -0.010391607880592346, y : 0.012338574044406414, z : 0.006367557682096958, vx : -0.013403215445578098, vy : 0.01614752784371376, vz : 0.00016683705325704068}
ahrs AHRS2 {roll : 0.0019046046072617173, pitch : 0.001666269963607192, yaw : -0.12715034186840057, altitude : 584.0899658203125, lat : -353632621, lng : 1491652374}
xyz LOCAL_POSITION_NED {time_boot_ms : 55754, x : -0.01054492685943842, y : 0.012528139166533947, z : 0.006369734648615122, vx : -0.013505551032721996, vy : 0.01629011705517769, vz : 0.00016926841635722667}
ahrs AHRS2 {roll : 0.001904524746350944, pitch : 0.001666309661231935, yaw : -0.12715978920459747, altitude : 584.0899658203125, lat : -353632621, lng : 1491652374}
xyz LOCAL_POSITION_NED {time_boot_ms : 55789, x : -0.010642893612384796, y : 0.012653149664402008, z : 0.0063715544529259205, vx : -0.013554373756051064, vy : 0.016389448195695877, vz : 0.00018719634681474417}
ahrs AHRS2 {roll : 0.001902694464661181, pitch : 0.0016652335179969668, yaw : -0.1271706521511078, altitude : 584.0899658203125, lat : -353632621, lng : 1491652374}
xyz LOCAL_POSITION_NED {time_boot_ms : 55821, x : -0.010515107773244381, y : 0.01250885333865881, z : 0.006372288800776005, vx : -0.013470207341015339, vy : 0.01628188043832779, vz : 0.000198641893803142}
ahrs AHRS2 {roll : 0.0019023948116227984, pitch : 0.0016651175683364272, yaw : -0.12717890739440918, altitude : 584.0899658203125, lat : -353632621, lng : 1491652374}
xyz LOCAL_POSITION_NED {time_boot_ms : 55854, x : -0.010536949150264263, y : 0.012542355805635452, z : 0.006375214550644159, vx : -0.013493690639734268, vy : 0.016291681677103043, vz : 0.0002079687110381201}
ahrs AHRS2 {roll : 0.0019008482340723276, pitch : 0.0016649500466883183, yaw : -0.12718608975410461, altitude : 584.0899658203125, lat : -353632621, lng : 1491652374}
xyz LOCAL_POSITION_NED {time_boot_ms : 55886, x : -0.010417172685265541, y : 0.012407450005412102, z : 0.006376694887876511, vx : -0.013398134149610996, vy : 0.016213374212384224, vz : 0.00019242035341449082}
ahrs AHRS2 {roll : 0.00190157990437001, pitch : 0.0016645040595903993, yaw : -0.12719470262527466, altitude : 584.0899658203125, lat : -353632621, lng : 1491652374}
xyz LOCAL_POSITION_NED {time_boot_ms : 55919, x : -0.010371061973273754, y : 0.012360415421426296, z : 0.0063783517107367516, vx : -0.013365381397306919, vy : 0.016187425702810287, vz : 0.00018010522762779146}
ahrs AHRS2 {roll : 0.0019021433545276523, pitch : 0.001665783696807921, yaw : -0.1272038221359253, altitude : 584.0899658203125, lat : -353632621, lng : 1491652374}
xyz LOCAL_POSITION_NED {time_boot_ms : 55954, x : -0.010556875728070736, y : 0.012590228579938412, z : 0.0063821105286479, vx : -0.013484804891049862, vy : 0.016323044896125793, vz : 0.0001896074099931866}
ahrs AHRS2 {roll : 0.001902449643239379, pitch : 0.0016696678940206766, yaw : -0.12721464037895203, altitude : 584.0899658203125, lat : -353632621, lng : 1491652374}
xyz LOCAL_POSITION_NED {time_boot_ms : 55986, x : -0.010620092041790485, y : 0.012673181481659412, z : 0.00638481043279171, vx : -0.013545691967010498, vy : 0.01639474742114544, vz : 0.00022175846970640123}
ahrs AHRS2 {roll : 0.0019024224020540714, pitch : 0.0016705963062122464, yaw : -0.1272214949131012, altitude : 584.0899658203125, lat : -353632621, lng : 1491652374}
xyz LOCAL_POSITION_NED {time_boot_ms : 56019, x : -0.010492491535842419, y : 0.012526923790574074, z : 0.006385858170688152, vx : -0.013462720438838005, vy : 0.016288800165057182, vz : 0.00020847012638114393}
ahrs AHRS2 {roll : 0.0019028596580028534, pitch : 0.0016707226168364286, yaw : -0.12723027169704437, altitude : 584.0899658203125, lat : -353632621, lng : 1491652374}
xyz LOCAL_POSITION_NED {time_boot_ms : 56051, x : -0.010514647699892521, y : 0.012558545917272568, z : 0.006388829089701176, vx : -0.013477908447384834, vy : 0.016293859109282494, vz : 0.00019475468434393406}
ahrs AHRS2 {roll : 0.0019045212538912892, pitch : 0.0016716438112780452, yaw : -0.1272377222776413, altitude : 584.0899658203125, lat : -353632621, lng : 1491652374}
xyz LOCAL_POSITION_NED {time_boot_ms : 56084, x : -0.01038483064621687, y : 0.012408064678311348, z : 0.0063893296755850315, vx : -0.01338780578225851, vy : 0.0161865446716547, vz : 0.00016904124640859663}
ahrs AHRS2 {roll : 0.0019043403444811702, pitch : 0.0016717551043257117, yaw : -0.1272486001253128, altitude : 584.0899658203125, lat : -353632621, lng : 1491652374}
xyz LOCAL_POSITION_NED {time_boot_ms : 56119, x : -0.010373336263000965, y : 0.012399369850754738, z : 0.006389159709215164, vx : -0.013379799202084541, vy : 0.016194937750697136, vz : 0.0001239841221831739}
ahrs AHRS2 {roll : 0.0019057538593187928, pitch : 0.0016723151784390211, yaw : -0.12725766003131866, altitude : 584.0899658203125, lat : -353632621, lng : 1491652374}
xyz LOCAL_POSITION_NED {time_boot_ms : 56151, x : -0.010537080466747284, y : 0.012601313181221485, z : 0.006389971822500229, vx : -0.013468674384057522, vy : 0.016343839466571808, vz : 0.0001079486683011055}
ahrs AHRS2 {roll : 0.0019064709777012467, pitch : 0.0016737469704821706, yaw : -0.1272626519203186, altitude : 584.0899658203125, lat : -353632621, lng : 1491652374}
xyz LOCAL_POSITION_NED {time_boot_ms : 56184, x : -0.01058931928128004, y : 0.012669284828007221, z : 0.0063890451565384865, vx : -0.013541643507778645, vy : 0.016408821567893028, vz : 0.00011433728650445119}
ahrs AHRS2 {roll : 0.0019051508279517293, pitch : 0.0016733147203922272, yaw : -0.12727093696594238, altitude : 584.0899658203125, lat : -353632621, lng : 1491652374}
xyz LOCAL_POSITION_NED {time_boot_ms : 56216, x : -0.01069615501910448, y : 0.012802843004465103, z : 0.006389030255377293, vx : -0.013617847114801407, vy : 0.016481375321745872, vz : 8.102205174509436e-05}
ahrs AHRS2 {roll : 0.0019061831990256906, pitch : 0.0016729981871321797, yaw : -0.12727873027324677, altitude : 584.0899658203125, lat : -353632621, lng : 1491652374}
xyz LOCAL_POSITION_NED {time_boot_ms : 56249, x : -0.010485564358532429, y : 0.012554304674267769, z : 0.006386237218976021, vx : -0.013511576689779758, vy : 0.01631036400794983, vz : 8.725330553716049e-05}
ahrs AHRS2 {roll : 0.0019094835733994842, pitch : 0.0016714473022148013, yaw : -0.1272902637720108, altitude : 584.0899658203125, lat : -353632621, lng : 1491652374}
xyz LOCAL_POSITION_NED {time_boot_ms : 56284, x : -0.010401647537946701, y : 0.012457569129765034, z : 0.006384031847119331, vx : -0.01345047913491726, vy : 0.01627354510128498, vz : 7.619392999913543e-05}
ahrs AHRS2 {roll : 0.0019092976581305265, pitch : 0.0016695151571184397, yaw : -0.12729951739311218, altitude : 584.0899658203125, lat : -353632621, lng : 1491652374}
xyz LOCAL_POSITION_NED {time_boot_ms : 56316, x : -0.01052154041826725, y : 0.012606488540768623, z : 0.006383640691637993, vx : -0.013527868315577507, vy : 0.016403377056121826, vz : 7.840528996894136e-05}
ahrs AHRS2 {roll : 0.001909733866341412, pitch : 0.0016704646404832602, yaw : -0.12730759382247925, altitude : 584.0899658203125, lat : -353632621, lng : 1491652374}
xyz LOCAL_POSITION_NED {time_boot_ms : 56349, x : -0.010511567816138268, y : 0.012599069625139236, z : 0.006381668616086245, vx : -0.013532434590160847, vy : 0.01639987900853157, vz : 7.885042577981949e-05}
ahrs AHRS2 {roll : 0.0019100499339401722, pitch : 0.0016696883831173182, yaw : -0.12731514871120453, altitude : 584.0899658203125, lat : -353632621, lng : 1491652374}
xyz LOCAL_POSITION_NED {time_boot_ms : 56381, x : -0.010587691329419613, y : 0.012695876881480217, z : 0.006380175240337849, vx : -0.013584488071501255, vy : 0.01650899089872837, vz : 7.539698708569631e-05}
ahrs AHRS2 {roll : 0.001909733866341412, pitch : 0.001670229248702526, yaw : -0.1273229718208313, altitude : 584.0899658203125, lat : -353632621, lng : 1491652374}
xyz LOCAL_POSITION_NED {time_boot_ms : 56414, x : -0.010673174634575844, y : 0.01280431728810072, z : 0.006380028091371059, vx : -0.013660176657140255, vy : 0.016599008813500404, vz : 9.159677574643865e-05}
ahrs AHRS2 {roll : 0.0019086276879534125, pitch : 0.0016689696349203587, yaw : -0.12732934951782227, altitude : 584.0899658203125, lat : -353632621, lng : 1491652374}
xyz LOCAL_POSITION_NED {time_boot_ms : 56449, x : -0.010507872328162193, y : 0.012612616643309593, z : 0.006378423422574997, vx : -0.013543096370995045, vy : 0.016463231295347214, vz : 8.987893670564517e-05}
ahrs AHRS2 {roll : 0.0019095188472419977, pitch : 0.0016694781370460987, yaw : -0.12733754515647888, altitude : 584.0899658203125, lat : -353632621, lng : 1491652374}
xyz LOCAL_POSITION_NED {time_boot_ms : 56481, x : -0.010403106920421124, y : 0.01249092910438776, z : 0.006377409212291241, vx : -0.013530897907912731, vy : 0.016344843432307243, vz : 0.00010249877232126892}
ahrs AHRS2 {roll : 0.0019086103420704603, pitch : 0.0016719152918085456, yaw : -0.12734684348106384, altitude : 584.0899658203125, lat : -353632621, lng : 1491652374}
xyz LOCAL_POSITION_NED {time_boot_ms : 56514, x : -0.01051456667482853, y : 0.012628327123820782, z : 0.006378227844834328, vx : -0.013565141707658768, vy : 0.016443360596895218, vz : 0.00011642901517916471}
ahrs AHRS2 {roll : 0.0019083659863099456, pitch : 0.0016714518424123526, yaw : -0.12735676765441895, altitude : 584.0899658203125, lat : -353632621, lng : 1491652374}
xyz LOCAL_POSITION_NED {time_boot_ms : 56546, x : -0.01051835436373949, y : 0.012636280618607998, z : 0.006378300953656435, vx : -0.013575827702879906, vy : 0.016471896320581436, vz : 0.00011111003550468013}
ahrs AHRS2 {roll : 0.0019091491121798754, pitch : 0.001673059188760817, yaw : -0.12736687064170837, altitude : 584.0899658203125, lat : -353632621, lng : 1491652374}
xyz LOCAL_POSITION_NED {time_boot_ms : 56579, x : -0.010585506446659565, y : 0.012721190229058266, z : 0.006378667429089546, vx : -0.013627655804157257, vy : 0.01654978282749653, vz : 9.615345334168524e-05}
ahrs AHRS2 {roll : 0.001910430146381259, pitch : 0.001673271763138473, yaw : -0.1273762285709381, altitude : 584.0899658203125, lat : -353632621, lng : 1491652374}
xyz LOCAL_POSITION_NED {time_boot_ms : 56612, x : -0.010697508230805397, y : 0.012860642746090889, z : 0.006379375699907541, vx : -0.013730405829846859, vy : 0.016667494550347328, vz : 9.914377733366564e-05}
ahrs AHRS2 {roll : 0.0019097833428531885, pitch : 0.0016746349865570664, yaw : -0.12738429009914398, altitude : 584.0899658203125, lat : -353632621, lng : 1491652374}
xyz LOCAL_POSITION_NED {time_boot_ms : 56647, x : -0.01053694635629654, y : 0.012672949582338333, z : 0.006378383841365576, vx : -0.01361745037138462, vy : 0.01654018834233284, vz : 9.74153372226283e-05}
ahrs AHRS2 {roll : 0.0019100980134680867, pitch : 0.00167647167108953, yaw : -0.12739340960979462, altitude : 584.0899658203125, lat : -353632621, lng : 1491652374}
xyz LOCAL_POSITION_NED {time_boot_ms : 56679, x : -0.010422945022583008, y : 0.012540165334939957, z : 0.006377906072884798, vx : -0.013539464212954044, vy : 0.016460426151752472, vz : 0.00010215286602033302}
ahrs AHRS2 {roll : 0.0019097533077001572, pitch : 0.0016771999653428793, yaw : -0.12740306556224823, altitude : 584.0899658203125, lat : -353632621, lng : 1491652374}
xyz LOCAL_POSITION_NED {time_boot_ms : 56712, x : -0.010534834116697311, y : 0.012679354287683964, z : 0.006378936115652323, vx : -0.013625008054077625, vy : 0.016526799649000168, vz : 0.00011051052570110187}
ahrs AHRS2 {roll : 0.001909974729642272, pitch : 0.0016768116038292646, yaw : -0.12741288542747498, altitude : 584.0899658203125, lat : -353632621, lng : 1491652374}
xyz LOCAL_POSITION_NED {time_boot_ms : 56744, x : -0.010539449751377106, y : 0.012687480077147484, z : 0.006379496306180954, vx : -0.013652120716869831, vy : 0.016517342999577522, vz : 0.0001320206793025136}
ahrs AHRS2 {roll : 0.0019077666802331805, pitch : 0.001678568311035633, yaw : -0.12742021679878235, altitude : 584.0899658203125, lat : -353632621, lng : 1491652374}
xyz LOCAL_POSITION_NED {time_boot_ms : 56777, x : -0.010607892647385597, y : 0.012771237641572952, z : 0.006380524020642042, vx : -0.013690878637135029, vy : 0.0165775828063488, vz : 0.00012280463124625385}
ahrs AHRS2 {roll : 0.0019069395493716002, pitch : 0.0016781804151833057, yaw : -0.127427875995636, altitude : 584.0899658203125, lat : -353632621, lng : 1491652374}
xyz LOCAL_POSITION_NED {time_boot_ms : 56812, x : -0.010742717422544956, y : 0.012935231439769268, z : 0.0063823615200817585, vx : -0.013793176971375942, vy : 0.016672229394316673, vz : 0.00012851245992351323}
ahrs AHRS2 {roll : 0.0019095453899353743, pitch : 0.0016786156920716166, yaw : -0.12743332982063293, altitude : 584.0899658203125, lat : -353632621, lng : 1491652374}
xyz LOCAL_POSITION_NED {time_boot_ms : 56844, x : -0.010546482168138027, y : 0.012700114399194717, z : 0.006381962448358536, vx : -0.013685896061360836, vy : 0.01650187186896801, vz : 9.973772830562666e-05}
ahrs AHRS2 {roll : 0.0019096228061243892, pitch : 0.0016789481742307544, yaw : -0.1274421662092209, altitude : 584.0899658203125, lat : -353632621, lng : 1491652374}
xyz LOCAL_POSITION_NED {time_boot_ms : 56877, x : -0.01043285895138979, y : 0.012561840936541557, z : 0.006381240673363209, vx : -0.013643230311572552, vy : 0.016406843438744545, vz : 8.744940714677796e-05}
ahrs AHRS2 {roll : 0.0019105125684291124, pitch : 0.0016792668029665947, yaw : -0.12744896113872528, altitude : 584.0899658203125, lat : -353632621, lng : 1491652374}
xyz LOCAL_POSITION_NED {time_boot_ms : 56909, x : -0.010546891018748283, y : 0.012697707861661911, z : 0.006381559651345015, vx : -0.013714209198951721, vy : 0.01651460863649845, vz : 6.398902769433334e-05}
ahrs AHRS2 {roll : 0.0019093801965937018, pitch : 0.0016797201242297888, yaw : -0.12745629251003265, altitude : 584.0899658203125, lat : -353632621, lng : 1491652374}
xyz LOCAL_POSITION_NED {time_boot_ms : 56942, x : -0.010541129857301712, y : 0.012689153663814068, z : 0.006380241364240646, vx : -0.013703200034797192, vy : 0.01651294343173504, vz : 5.222707841312513e-05}
ahrs AHRS2 {roll : 0.0019086420070379972, pitch : 0.001678998814895749, yaw : -0.12746573984622955, altitude : 584.0899658203125, lat : -353632621, lng : 1491652374}
xyz LOCAL_POSITION_NED {time_boot_ms : 56977, x : -0.010644940659403801, y : 0.012811967171728611, z : 0.006380102597177029, vx : -0.013790681026875973, vy : 0.016569038853049278, vz : 8.645301568321884e-05}
ahrs AHRS2 {roll : 0.0019081577192991972, pitch : 0.0016809956869110465, yaw : -0.12747320532798767, altitude : 584.0899658203125, lat : -353632621, lng : 1491652374}
xyz LOCAL_POSITION_NED {time_boot_ms : 57009, x : -0.01075784396380186, y : 0.01294649951159954, z : 0.006380388978868723, vx : -0.01386137492954731, vy : 0.016656335443258286, vz : 8.21490611997433e-05}
ahrs AHRS2 {roll : 0.0019089223351329565, pitch : 0.0016785284969955683, yaw : -0.12747986614704132, altitude : 584.0899658203125, lat : -353632621, lng : 1491652374}
xyz LOCAL_POSITION_NED {time_boot_ms : 57042, x : -0.010549587197601795, y : 0.012695660814642906, z : 0.00637939665466547, vx : -0.013725664466619492, vy : 0.016509998589754105, vz : 9.789233445189893e-05}
ahrs AHRS2 {roll : 0.0019094437593594193, pitch : 0.0016806398052722216, yaw : -0.12748771905899048, altitude : 584.0899658203125, lat : -353632621, lng : 1491652374}
xyz LOCAL_POSITION_NED {time_boot_ms : 57074, x : -0.010625259950757027, y : 0.012785610742866993, z : 0.006380525883287191, vx : -0.013801775872707367, vy : 0.01656021550297737, vz : 9.01733583305031e-05}
ahrs AHRS2 {roll : 0.0019097980111837387, pitch : 0.001681994879618287, yaw : -0.1274937093257904, altitude : 584.0899658203125, lat : -353632621, lng : 1491652374}
xyz LOCAL_POSITION_NED {time_boot_ms : 57107, x : -0.010549827478826046, y : 0.012692920863628387, z : 0.006379760801792145, vx : -0.0137706957757473, vy : 0.01651175692677498, vz : 8.008553413674235e-05}
ahrs AHRS2 {roll : 0.0019101614598184824, pitch : 0.001682465197518468, yaw : -0.12750233709812164, altitude : 584.0899658203125, lat : -353632621, lng : 1491652374}
xyz LOCAL_POSITION_NED {time_boot_ms : 57142, x : -0.010589887388050556, y : 0.01273843552917242, z : 0.006379421800374985, vx : -0.013795938342809677, vy : 0.016556788235902786, vz : 7.224898581625894e-05}
ahrs AHRS2 {roll : 0.0019115163013339043, pitch : 0.0016834231792017817, yaw : -0.12751074135303497, altitude : 584.0899658203125, lat : -353632621, lng : 1491652374}
xyz LOCAL_POSITION_NED {time_boot_ms : 57174, x : -0.010791161097586155, y : 0.012978583574295044, z : 0.006379701197147369, vx : -0.013919985853135586, vy : 0.016714932397007942, vz : 3.080662645515986e-05}
ahrs AHRS2 {roll : 0.0019132408779114485, pitch : 0.0016842711484059691, yaw : -0.1275191754102707, altitude : 584.0899658203125, lat : -353632621, lng : 1491652374}
xyz LOCAL_POSITION_NED {time_boot_ms : 57207, x : -0.010760837234556675, y : 0.012940616346895695, z : 0.006377583369612694, vx : -0.01389467902481556, vy : 0.016682829707860947, vz : 3.503347761579789e-05}
ahrs AHRS2 {roll : 0.001915187225677073, pitch : 0.001684384304098785, yaw : -0.12752538919448853, altitude : 584.0899658203125, lat : -353632621, lng : 1491652374}
xyz LOCAL_POSITION_NED {time_boot_ms : 57239, x : -0.010573810897767544, y : 0.012716071680188179, z : 0.006374943070113659, vx : -0.01376469898968935, vy : 0.016538463532924652, vz : 4.2924868466798216e-05}
ahrs AHRS2 {roll : 0.001914846827276051, pitch : 0.001684563118033111, yaw : -0.12753278017044067, altitude : 584.0899658203125, lat : -353632621, lng : 1491652374}
xyz LOCAL_POSITION_NED {time_boot_ms : 57272, x : -0.010625643655657768, y : 0.012778297998011112, z : 0.006374150514602661, vx : -0.013809487223625183, vy : 0.016602452844381332, vz : 4.6209774154704064e-05}
ahrs AHRS2 {roll : 0.0019156576599925756, pitch : 0.0016849555540829897, yaw : -0.1275407075881958, altitude : 584.0899658203125, lat : -353632621, lng : 1491652374}
xyz LOCAL_POSITION_NED {time_boot_ms : 57307, x : -0.01059457752853632, y : 0.012740095146000385, z : 0.006372168660163879, vx : -0.013815045356750488, vy : 0.016557294875383377, vz : 4.6682140236953273e-05}
ahrs AHRS2 {roll : 0.001913725514896214, pitch : 0.001685833791270852, yaw : -0.1275465041399002, altitude : 584.0899658203125, lat : -353632621, lng : 1491652374}
xyz LOCAL_POSITION_NED {time_boot_ms : 57339, x : -0.010612862184643745, y : 0.012760280631482601, z : 0.006370863411575556, vx : -0.013814936392009258, vy : 0.016573691740632057, vz : 6.37620032648556e-05}
ahrs AHRS2 {roll : 0.001913077081553638, pitch : 0.0016872846754267812, yaw : -0.1275537759065628, altitude : 584.0899658203125, lat : -353632621, lng : 1491652374}
xyz LOCAL_POSITION_NED {time_boot_ms : 57372, x : -0.01080428808927536, y : 0.012987048365175724, z : 0.0063708471134305, vx : -0.013988501392304897, vy : 0.01669936254620552, vz : 3.5849061532644555e-05}
ahrs AHRS2 {roll : 0.0019120699726045132, pitch : 0.0016869998071342707, yaw : -0.12756159901618958, altitude : 584.0899658203125, lat : -353632621, lng : 1491652374}
xyz LOCAL_POSITION_NED {time_boot_ms : 57404, x : -0.010916094295680523, y : 0.013117300346493721, z : 0.006369747221469879, vx : -0.014059329405426979, vy : 0.016793590039014816, vz : 4.657984391087666e-05}
ahrs AHRS2 {roll : 0.0019133029272779822, pitch : 0.0016871703555807471, yaw : -0.127567857503891, altitude : 584.0899658203125, lat : -353632621, lng : 1491652374}
xyz LOCAL_POSITION_NED {time_boot_ms : 57437, x : -0.010701908729970455, y : 0.012857111170887947, z : 0.006369089707732201, vx : -0.013928182423114777, vy : 0.016579758375883102, vz : 0.00010429209214635193}
ahrs AHRS2 {roll : 0.0019131171284243464, pitch : 0.001690144999884069, yaw : -0.12757520377635956, altitude : 584.0899658203125, lat : -353632621, lng : 1491652374}
xyz LOCAL_POSITION_NED {time_boot_ms : 57472, x : -0.010792145505547523, y : 0.012960616499185562, z : 0.0063711293041706085, vx : -0.013994666747748852, vy : 0.01665153168141842, vz : 0.00010347240458941087}
ahrs AHRS2 {roll : 0.0019137866329401731, pitch : 0.0016875332221388817, yaw : -0.12758119404315948, altitude : 584.0899658203125, lat : -353632621, lng : 1491652374}
xyz LOCAL_POSITION_NED {time_boot_ms : 57504, x : -0.010713065974414349, y : 0.01286198291927576, z : 0.006371845491230488, vx : -0.013958058319985867, vy : 0.016626043245196342, vz : 0.00011224261834286153}
ahrs AHRS2 {roll : 0.0019130146829411387, pitch : 0.0016862420598044991, yaw : -0.12758828699588776, altitude : 584.0899658203125, lat : -353632621, lng : 1491652374}
xyz LOCAL_POSITION_NED {time_boot_ms : 57536, x : -0.010705430991947651, y : 0.012848795391619205, z : 0.006372648291289806, vx : -0.013942800462245941, vy : 0.01660989038646221, vz : 7.951953739393502e-05}
ahrs AHRS2 {roll : 0.0019136873306706548, pitch : 0.001689184340648353, yaw : -0.1275952011346817, altitude : 584.0899658203125, lat : -353632621, lng : 1491652374}
xyz LOCAL_POSITION_NED {time_boot_ms : 57569, x : -0.010888800024986267, y : 0.013064958155155182, z : 0.006373939104378223, vx : -0.014059040695428848, vy : 0.016783718019723892, vz : 8.957376121543348e-05}
ahrs AHRS2 {roll : 0.0019142207456752658, pitch : 0.0016914032166823745, yaw : -0.12760131061077118, altitude : 584.0899658203125, lat : -353632621, lng : 1491652374}
xyz LOCAL_POSITION_NED {time_boot_ms : 57604, x : -0.011022194288671017, y : 0.01322251372039318, z : 0.006375365890562534, vx : -0.014105666428804398, vy : 0.016889963299036026, vz : 0.00011727136006811634}
ahrs AHRS2 {roll : 0.0019167802529409528, pitch : 0.0016926288371905684, yaw : -0.1276085078716278, altitude : 584.0899658203125, lat : -353632621, lng : 1491652374}
xyz LOCAL_POSITION_NED {time_boot_ms : 57636, x : -0.010793539695441723, y : 0.012949966825544834, z : 0.00637530442327261, vx : -0.013945300132036209, vy : 0.016704704612493515, vz : 9.907145431498066e-05}
ahrs AHRS2 {roll : 0.001917756744660437, pitch : 0.001694871112704277, yaw : -0.12761366367340088, altitude : 584.0899658203125, lat : -353632621, lng : 1491652374}
xyz LOCAL_POSITION_NED {time_boot_ms : 57669, x : -0.010839886032044888, y : 0.013006611727178097, z : 0.006375892087817192, vx : -0.013963715173304081, vy : 0.0167439803481102, vz : 7.485944661311805e-05}
ahrs AHRS2 {roll : 0.001918754423968494, pitch : 0.0016953046433627605, yaw : -0.12761913239955902, altitude : 584.0899658203125, lat : -353632621, lng : 1491652374}
xyz LOCAL_POSITION_NED {time_boot_ms : 57701, x : -0.010747687891125679, y : 0.012898522429168224, z : 0.006374943070113659, vx : -0.013899869285523891, vy : 0.01669500581920147, vz : 8.033962512854487e-05}
ahrs AHRS2 {roll : 0.0019204525742679834, pitch : 0.0016962051158770919, yaw : -0.12762513756752014, altitude : 584.0899658203125, lat : -353632621, lng : 1491652374}
xyz LOCAL_POSITION_NED {time_boot_ms : 57734, x : -0.010878138244152069, y : 0.013056166470050812, z : 0.006375537719577551, vx : -0.013997514732182026, vy : 0.01678793504834175, vz : 7.668623584322631e-05}
ahrs AHRS2 {roll : 0.0019224199932068586, pitch : 0.001695549231953919, yaw : -0.12763246893882751, altitude : 584.0899658203125, lat : -353632621, lng : 1491652374}
xyz LOCAL_POSITION_NED {time_boot_ms : 57769, x : -0.010938579216599464, y : 0.013129576109349728, z : 0.006375663448125124, vx : -0.014018015936017036, vy : 0.016827087849378586, vz : 7.566893327748403e-05}
ahrs AHRS2 {roll : 0.0019239872926846147, pitch : 0.0016969747375696898, yaw : -0.12764061987400055, altitude : 584.0899658203125, lat : -353632621, lng : 1491652374}
xyz LOCAL_POSITION_NED {time_boot_ms : 57801, x : -0.011027020402252674, y : 0.013236667029559612, z : 0.0063754478469491005, vx : -0.014080848544836044, vy : 0.01687420718371868, vz : 6.913433026056737e-05}
ahrs AHRS2 {roll : 0.0019247534219175577, pitch : 0.0016946932300925255, yaw : -0.12764771282672882, altitude : 584.0899658203125, lat : -353632621, lng : 1491652374}
xyz LOCAL_POSITION_NED {time_boot_ms : 57834, x : -0.011011669412255287, y : 0.013219408690929413, z : 0.0063752843998372555, vx : -0.014059163630008698, vy : 0.01686924137175083, vz : 6.04206470598001e-05}
ahrs AHRS2 {roll : 0.0019244070863351226, pitch : 0.0016943028895184398, yaw : -0.12765397131443024, altitude : 584.0899658203125, lat : -353632621, lng : 1491652374}
xyz LOCAL_POSITION_NED {time_boot_ms : 57866, x : -0.01083372626453638, y : 0.013007552362978458, z : 0.006373782176524401, vx : -0.013950597494840622, vy : 0.016762522980570793, vz : 7.122240640455857e-05}
ahrs AHRS2 {roll : 0.001924006617628038, pitch : 0.001695085084065795, yaw : -0.1276605874300003, altitude : 584.0899658203125, lat : -353632621, lng : 1491652374}
xyz LOCAL_POSITION_NED {time_boot_ms : 57899, x : -0.010736709460616112, y : 0.012893437407910824, z : 0.0063726650550961494, vx : -0.01387758832424879, vy : 0.016700146719813347, vz : 6.245734402909875e-05}
ahrs AHRS2 {roll : 0.0019255023216828704, pitch : 0.0016959215281531215, yaw : -0.12766650319099426, altitude : 584.0899658203125, lat : -353632621, lng : 1491652374}
xyz LOCAL_POSITION_NED {time_boot_ms : 57934, x : -0.01089753769338131, y : 0.013090093620121479, z : 0.006373073440045118, vx : -0.013962751254439354, vy : 0.01684434711933136, vz : 6.551913247676566e-05}
ahrs AHRS2 {roll : 0.001926888944581151, pitch : 0.0016961486544460058, yaw : -0.1276746243238449, altitude : 584.0899658203125, lat : -353632621, lng : 1491652374}
xyz LOCAL_POSITION_NED {time_boot_ms : 57966, x : -0.010918153449892998, y : 0.013117928989231586, z : 0.006372783333063126, vx : -0.013993712142109871, vy : 0.016869578510522842, vz : 6.350855255732313e-05}
ahrs AHRS2 {roll : 0.0019271293422207236, pitch : 0.0016952501609921455, yaw : -0.12768156826496124, altitude : 584.0899658203125, lat : -353632621, lng : 1491652374}
xyz LOCAL_POSITION_NED {time_boot_ms : 57999, x : -0.011002014391124249, y : 0.01322227343916893, z : 0.006372074596583843, vx : -0.014011133462190628, vy : 0.01694704033434391, vz : 6.1747596191708e-05}
ahrs AHRS2 {roll : 0.0019263039575889707, pitch : 0.001695295562967658, yaw : -0.1276889443397522, altitude : 584.0899658203125, lat : -353632621, lng : 1491652374}
xyz LOCAL_POSITION_NED {time_boot_ms : 58031, x : -0.010984067805111408, y : 0.013205032795667648, z : 0.0063722217455506325, vx : -0.014013207517564297, vy : 0.0169269647449255, vz : 7.288480264833197e-05}
ahrs AHRS2 {roll : 0.001927615492604673, pitch : 0.0016946784453466535, yaw : -0.1276949942111969, altitude : 584.0899658203125, lat : -353632621, lng : 1491652374}
xyz LOCAL_POSITION_NED {time_boot_ms : 58064, x : -0.010803135111927986, y : 0.012992043048143387, z : 0.006371176335960627, vx : -0.013890212401747704, vy : 0.01678890362381935, vz : 5.345621320884675e-05}
ahrs AHRS2 {roll : 0.0019274865044280887, pitch : 0.001696726307272911, yaw : -0.12770141661167145, altitude : 584.0899658203125, lat : -353632621, lng : 1491652374}
xyz LOCAL_POSITION_NED {time_boot_ms : 58099, x : -0.010737672448158264, y : 0.01291808020323515, z : 0.006369647569954395, vx : -0.013844694010913372, vy : 0.01674574241042137, vz : 3.736926009878516e-05}
ahrs AHRS2 {roll : 0.0019276377279311419, pitch : 0.0016973225865513086, yaw : -0.12771005928516388, altitude : 584.0899658203125, lat : -353632621, lng : 1491652374}
xyz LOCAL_POSITION_NED {time_boot_ms : 58131, x : -0.010862820781767368, y : 0.013071653433144093, z : 0.006369352340698242, vx : -0.013967995531857014, vy : 0.01683989353477955, vz : 4.587861621985212e-05}
ahrs AHRS2 {roll : 0.0019273866200819612, pitch : 0.0016983513487502933, yaw : -0.12771470844745636, altitude : 584.0899658203125, lat : -353632621, lng : 1491652374}
xyz LOCAL_POSITION_NED {time_boot_ms : 58164, x : -0.010871377773582935, y : 0.013084200210869312, z : 0.0063682179898023605, vx : -0.013978279195725918, vy : 0.016862552613019943, vz : 3.1572697480442e-05}
ahrs AHRS2 {roll : 0.001928540295921266, pitch : 0.0016986713744699955, yaw : -0.12772098183631897, altitude : 584.0899658203125, lat : -353632621, lng : 1491652374}
xyz LOCAL_POSITION_NED {time_boot_ms : 58196, x : -0.011085360310971737, y : 0.013343100436031818, z : 0.006367031950503588, vx : -0.014155751094222069, vy : 0.017043305560946465, vz : -9.836768185778055e-06}
ahrs AHRS2 {roll : 0.0019295898964628577, pitch : 0.0017012616153806448, yaw : -0.12772689759731293, altitude : 584.0899658203125, lat : -353632621, lng : 1491652374}
xyz LOCAL_POSITION_NED {time_boot_ms : 58229, x : -0.010940298438072205, y : 0.013170079328119755, z : 0.006363971158862114, vx : -0.014049127697944641, vy : 0.01691928505897522, vz : -1.0248312719340902e-05}
ahrs AHRS2 {roll : 0.0019297372782602906, pitch : 0.001700915046967566, yaw : -0.1277344673871994, altitude : 584.0899658203125, lat : -353632621, lng : 1491652374}
xyz LOCAL_POSITION_NED {time_boot_ms : 58264, x : -0.010796593502163887, y : 0.012997269630432129, z : 0.006360976956784725, vx : -0.013969682157039642, vy : 0.01679351180791855, vz : -1.6854190107551403e-05}
ahrs AHRS2 {roll : 0.0019297818653285503, pitch : 0.001700549153611064, yaw : -0.12774105370044708, altitude : 584.0899658203125, lat : -353632621, lng : 1491652374}
xyz LOCAL_POSITION_NED {time_boot_ms : 58296, x : -0.010886394418776035, y : 0.013104381039738655, z : 0.00635886937379837, vx : -0.014018049463629723, vy : 0.016857681795954704, vz : -1.5807767113074078e-06}
ahrs AHRS2 {roll : 0.0019301311112940311, pitch : 0.0017010982846841216, yaw : -0.12774811685085297, altitude : 584.0899658203125, lat : -353632621, lng : 1491652374}
xyz LOCAL_POSITION_NED {time_boot_ms : 58329, x : -0.01082664541900158, y : 0.013032069429755211, z : 0.006356343626976013, vx : -0.013989472761750221, vy : 0.016818009316921234, vz : 1.317774689368889e-07}
ahrs AHRS2 {roll : 0.0019307816401124, pitch : 0.0017008596332743764, yaw : -0.12775367498397827, altitude : 584.0899658203125, lat : -353632621, lng : 1491652374}
xyz LOCAL_POSITION_NED {time_boot_ms : 58361, x : -0.010859598405659199, y : 0.013070950284600258, z : 0.006354332435876131, vx : -0.014016409404575825, vy : 0.016843434423208237, vz : 1.8072839793603634e-06}
ahrs AHRS2 {roll : 0.0019313683733344078, pitch : 0.0017002483364194632, yaw : -0.1277594417333603, altitude : 584.0899658203125, lat : -353632621, lng : 1491652374}
xyz LOCAL_POSITION_NED {time_boot_ms : 58394, x : -0.011050044558942318, y : 0.013300134800374508, z : 0.006352840922772884, vx : -0.014118765480816364, vy : 0.017009267583489418, vz : -4.024048848805251e-06}
ahrs AHRS2 {roll : 0.0019313552184030414, pitch : 0.0017000753432512283, yaw : -0.127767413854599, altitude : 584.0899658203125, lat : -353632621, lng : 1491652374}
xyz LOCAL_POSITION_NED {time_boot_ms : 58429, x : -0.010951502248644829, y : 0.013182511553168297, z : 0.006350810639560223, vx : -0.014065735973417759, vy : 0.016935592517256737, vz : 4.207888196106069e-06}
ahrs AHRS2 {roll : 0.0019307908369228244, pitch : 0.001700023771263659, yaw : -0.1277732253074646, altitude : 584.0899658203125, lat : -353632621, lng : 1491652374}
xyz LOCAL_POSITION_NED {time_boot_ms : 58461, x : -0.010782958008348942, y : 0.012981731444597244, z : 0.00634958129376173, vx : -0.013933992013335228, vy : 0.016808759421110153, vz : 1.833316491683945e-05}
ahrs AHRS2 {roll : 0.001933053252287209, pitch : 0.001699227374047041, yaw : -0.12778080999851227, altitude : 584.0899658203125, lat : -353632621, lng : 1491652374}
xyz LOCAL_POSITION_NED {time_boot_ms : 58494, x : -0.0108479680493474, y : 0.013061609119176865, z : 0.006348945200443268, vx : -0.013998222537338734, vy : 0.01686934381723404, vz : 2.8295646188780665e-05}
ahrs AHRS2 {roll : 0.001935939071699977, pitch : 0.0016990574076771736, yaw : -0.1277884691953659, altitude : 584.0899658203125, lat : -353632621, lng : 1491652374}
xyz LOCAL_POSITION_NED {time_boot_ms : 58526, x : -0.010810516774654388, y : 0.013018573634326458, z : 0.006347951479256153, vx : -0.01396895945072174, vy : 0.016854682937264442, vz : 1.8873319277190603e-05}
ahrs AHRS2 {roll : 0.0019370645750313997, pitch : 0.0016980388900265098, yaw : -0.1277933269739151, altitude : 584.0899658203125, lat : -353632621, lng : 1491652374}
xyz LOCAL_POSITION_NED {time_boot_ms : 58559, x : -0.010956346057355404, y : 0.013196416199207306, z : 0.006347804795950651, vx : -0.01404386106878519, vy : 0.016974499449133873, vz : 1.7571721400599927e-05}
ahrs AHRS2 {roll : 0.0019394417759031057, pitch : 0.001698896405287087, yaw : -0.12779906392097473, altitude : 584.0899658203125, lat : -353632621, lng : 1491652374}
xyz LOCAL_POSITION_NED {time_boot_ms : 58594, x : -0.011065674014389515, y : 0.013330702669918537, z : 0.006347229704260826, vx : -0.014112432487308979, vy : 0.017030801624059677, vz : 3.706126153701916e-05}
ahrs AHRS2 {roll : 0.0019389005610719323, pitch : 0.0017000201623886824, yaw : -0.12780557572841644, altitude : 584.0899658203125, lat : -353632621, lng : 1491652374}
xyz LOCAL_POSITION_NED {time_boot_ms : 58626, x : -0.010929080657660961, y : 0.013169258832931519, z : 0.0063468278385698795, vx : -0.01399312075227499, vy : 0.01692918874323368, vz : 3.6511890357360244e-05}
ahrs AHRS2 {roll : 0.0019407541258260608, pitch : 0.0017020642990246415, yaw : -0.1278112828731537, altitude : 584.0899658203125, lat : -353632621, lng : 1491652374}
xyz LOCAL_POSITION_NED {time_boot_ms : 58659, x : -0.010949566960334778, y : 0.013196985237300396, z : 0.006346806883811951, vx : -0.01401920523494482, vy : 0.01696106605231762, vz : 3.183594162692316e-05}
ahrs AHRS2 {roll : 0.0019413245609030128, pitch : 0.00170521077234298, yaw : -0.12781694531440735, altitude : 584.0899658203125, lat : -353632621, lng : 1491652374}
xyz LOCAL_POSITION_NED {time_boot_ms : 58692, x : -0.01083490438759327, y : 0.013062742538750172, z : 0.006346418987959623, vx : -0.013943513855338097, vy : 0.01688946783542633, vz : 4.858519969275221e-05}
ahrs AHRS2 {roll : 0.0019411495886743069, pitch : 0.0017029430018737912, yaw : -0.12782323360443115, altitude : 584.0899658203125, lat : -353632621, lng : 1491652374}
xyz LOCAL_POSITION_NED {time_boot_ms : 58724, x : -0.010785164311528206, y : 0.013006970286369324, z : 0.006346721202135086, vx : -0.013907045125961304, vy : 0.016878139227628708, vz : 7.614156493218616e-05}
ahrs AHRS2 {roll : 0.0019408348016440868, pitch : 0.0017032379982993007, yaw : -0.1278267502784729, altitude : 584.0899658203125, lat : -353632621, lng : 1491652374}
xyz LOCAL_POSITION_NED {time_boot_ms : 58757, x : -0.010942229069769382, y : 0.01320046279579401, z : 0.006348638329654932, vx : -0.014018800109624863, vy : 0.017014525830745697, vz : 0.00010101059888256714}
ahrs AHRS2 {roll : 0.0019409217638894916, pitch : 0.0017022418323904276, yaw : -0.12783195078372955, altitude : 584.0899658203125, lat : -353632621, lng : 1491652374}
xyz LOCAL_POSITION_NED {time_boot_ms : 58792, x : -0.0110410051420331, y : 0.013323233462870121, z : 0.006350649520754814, vx : -0.014101098291575909, vy : 0.01709246262907982, vz : 9.319053060607985e-05}
ahrs AHRS2 {roll : 0.0019409105880185962, pitch : 0.0017005609115585685, yaw : -0.1278386265039444, altitude : 584.0899658203125, lat : -353632621, lng : 1491652374}
xyz LOCAL_POSITION_NED {time_boot_ms : 58824, x : -0.010907195508480072, y : 0.013165867887437344, z : 0.006351896561682224, vx : -0.013990892097353935, vy : 0.01699806936085224, vz : 9.910654625855386e-05}
ahrs AHRS2 {roll : 0.0019390317611396313, pitch : 0.001700386987067759, yaw : -0.12784314155578613, altitude : 584.0899658203125, lat : -353632621, lng : 1491652374}
xyz LOCAL_POSITION_NED {time_boot_ms : 58857, x : -0.010929734446108341, y : 0.013197006657719612, z : 0.006353459786623716, vx : -0.01400783285498619, vy : 0.017017949372529984, vz : 0.00010828377708094195}
ahrs AHRS2 {roll : 0.0019368542125448585, pitch : 0.0016988202696666121, yaw : -0.12784886360168457, altitude : 584.0899658203125, lat : -353632621, lng : 1491652374}
xyz LOCAL_POSITION_NED {time_boot_ms : 58889, x : -0.010804293677210808, y : 0.013050668872892857, z : 0.006354863755404949, vx : -0.013904259540140629, vy : 0.016948897391557693, vz : 0.00012869392230641097}
ahrs AHRS2 {roll : 0.0019350731745362282, pitch : 0.001699799089692533, yaw : -0.12785391509532928, altitude : 584.0899658203125, lat : -353632621, lng : 1491652374}
xyz LOCAL_POSITION_NED {time_boot_ms : 58922, x : -0.010754023678600788, y : 0.012995979748666286, z : 0.00635636318475008, vx : -0.013853388838469982, vy : 0.01690642721951008, vz : 8.53739766171202e-05}
ahrs AHRS2 {roll : 0.0019329522037878633, pitch : 0.0016969690332189202, yaw : -0.12786178290843964, altitude : 584.0899658203125, lat : -353632621, lng : 1491652374}
xyz LOCAL_POSITION_NED {time_boot_ms : 58957, x : -0.010944678448140621, y : 0.013232007622718811, z : 0.006358739919960499, vx : -0.013973312452435493, vy : 0.017041577026247978, vz : 0.00010643923451425508}
ahrs AHRS2 {roll : 0.0019309930503368378, pitch : 0.001696369843557477, yaw : -0.12786737084388733, altitude : 584.0899658203125, lat : -353632621, lng : 1491652374}
xyz LOCAL_POSITION_NED {time_boot_ms : 58989, x : -0.011006820015609264, y : 0.013312680646777153, z : 0.006360762286931276, vx : -0.014031526632606983, vy : 0.017097409814596176, vz : 0.0001234522060258314}
ahrs AHRS2 {roll : 0.0019293775549158454, pitch : 0.0016948144184425473, yaw : -0.12787525355815887, altitude : 584.0899658203125, lat : -353632621, lng : 1491652374}
xyz LOCAL_POSITION_NED {time_boot_ms : 59022, x : -0.010861902497708797, y : 0.013141094706952572, z : 0.006361689884215593, vx : -0.013968600891530514, vy : 0.016980808228254318, vz : 0.00011096117668785155}
ahrs AHRS2 {roll : 0.0019282776629552245, pitch : 0.0016946649411693215, yaw : -0.1278797835111618, altitude : 584.0899658203125, lat : -353632621, lng : 1491652374}
xyz LOCAL_POSITION_NED {time_boot_ms : 59054, x : -0.010896637104451656, y : 0.013185451738536358, z : 0.006363146007061005, vx : -0.01400818768888712, vy : 0.01700701005756855, vz : 0.00011001901293639094}
ahrs AHRS2 {roll : 0.0019271334167569876, pitch : 0.0016957656480371952, yaw : -0.12788404524326324, altitude : 584.0899658203125, lat : -353632621, lng : 1491652374}
xyz LOCAL_POSITION_NED {time_boot_ms : 59087, x : -0.010761072859168053, y : 0.013023431412875652, z : 0.006364170461893082, vx : -0.013901223428547382, vy : 0.01690707728266716, vz : 0.00011996063403785229}
ahrs AHRS2 {roll : 0.0019239234970882535, pitch : 0.0016949118580669165, yaw : -0.1278897523880005, altitude : 584.0899658203125, lat : -353632621, lng : 1491652374}
xyz LOCAL_POSITION_NED {time_boot_ms : 59122, x : -0.010747779160737991, y : 0.013009823858737946, z : 0.006365236826241016, vx : -0.013884001411497593, vy : 0.016884302720427513, vz : 9.384567238157615e-05}
ahrs AHRS2 {roll : 0.0019223298877477646, pitch : 0.0016941155772656202, yaw : -0.12789520621299744, altitude : 584.0899658203125, lat : -353632621, lng : 1491652374}
xyz LOCAL_POSITION_NED {time_boot_ms : 59154, x : -0.0109167555347085, y : 0.013216687366366386, z : 0.00636681355535984, vx : -0.013981257565319538, vy : 0.017034659162163734, vz : 0.00010899906192207709}
ahrs AHRS2 {roll : 0.0019219856476411223, pitch : 0.0016931056743487716, yaw : -0.1279015839099884, altitude : 584.0899658203125, lat : -353632621, lng : 1491652374}
xyz LOCAL_POSITION_NED {time_boot_ms : 59187, x : -0.01096776407212019, y : 0.013281544670462608, z : 0.0063678426668047905, vx : -0.013995295390486717, vy : 0.017046216875314713, vz : 9.433537343284115e-05}
ahrs AHRS2 {roll : 0.0019215323263779283, pitch : 0.001692923833616078, yaw : -0.12790800631046295, altitude : 584.0899658203125, lat : -353632621, lng : 1491652374}
xyz LOCAL_POSITION_NED {time_boot_ms : 59219, x : -0.011076203547418118, y : 0.013415697030723095, z : 0.00636880612000823, vx : -0.014072474092245102, vy : 0.01711598038673401, vz : 8.609580982010812e-05}
ahrs AHRS2 {roll : 0.0019210085738450289, pitch : 0.001691562938503921, yaw : -0.12791158258914948, altitude : 584.0899658203125, lat : -353632621, lng : 1491652374}
xyz LOCAL_POSITION_NED {time_boot_ms : 59252, x : -0.01085454598069191, y : 0.01315025333315134, z : 0.00636805035173893, vx : -0.013915181159973145, vy : 0.016937224194407463, vz : 7.47538433643058e-05}
ahrs AHRS2 {roll : 0.0019193722400814295, pitch : 0.001691307290457189, yaw : -0.127919003367424, altitude : 584.0899658203125, lat : -353632621, lng : 1491652374}
xyz LOCAL_POSITION_NED {time_boot_ms : 59287, x : -0.010762888938188553, y : 0.013041513971984386, z : 0.006368332542479038, vx : -0.013868744485080242, vy : 0.016827739775180817, vz : 0.00012002958101220429}
ahrs AHRS2 {roll : 0.00191830238327384, pitch : 0.0016881607007235289, yaw : -0.12792259454727173, altitude : 584.0899658203125, lat : -353632621, lng : 1491652374}
xyz LOCAL_POSITION_NED {time_boot_ms : 59319, x : -0.010883363895118237, y : 0.013188383542001247, z : 0.006369847804307938, vx : -0.01392662338912487, vy : 0.016895869746804237, vz : 0.00010314320388715714}
ahrs AHRS2 {roll : 0.0019162086537107825, pitch : 0.0016866688383743167, yaw : -0.12792691588401794, altitude : 584.0899658203125, lat : -353632621, lng : 1491652374}
xyz LOCAL_POSITION_NED {time_boot_ms : 59352, x : -0.01086795050650835, y : 0.013170264661312103, z : 0.006370450370013714, vx : -0.01393434964120388, vy : 0.016875045374035835, vz : 9.498972212895751e-05}
ahrs AHRS2 {roll : 0.0019135372713208199, pitch : 0.0016846238868311048, yaw : -0.1279304176568985, altitude : 584.0899658203125, lat : -353632621, lng : 1491652374}
xyz LOCAL_POSITION_NED {time_boot_ms : 59384, x : -0.01094178855419159, y : 0.0132600674405694, z : 0.0063711535185575485, vx : -0.013989917002618313, vy : 0.01697017066180706, vz : 0.00010058617772301659}
ahrs AHRS2 {roll : 0.001911079860292375, pitch : 0.0016847046790644526, yaw : -0.12793676555156708, altitude : 584.0899658203125, lat : -353632621, lng : 1491652374}
xyz LOCAL_POSITION_NED {time_boot_ms : 59417, x : -0.011037822812795639, y : 0.013377425260841846, z : 0.006372176110744476, vx : -0.01403900608420372, vy : 0.01701769232749939, vz : 0.00010410215327283368}
ahrs AHRS2 {roll : 0.0019100134959444404, pitch : 0.0016840818570926785, yaw : -0.1279437243938446, altitude : 584.0899658203125, lat : -353632621, lng : 1491652374}
xyz LOCAL_POSITION_NED {time_boot_ms : 59452, x : -0.010862987488508224, y : 0.013164980337023735, z : 0.006372222676873207, vx : -0.0139458691701293, vy : 0.016826672479510307, vz : 0.00010911635763477534}
ahrs AHRS2 {roll : 0.0019113128073513508, pitch : 0.0016812019748613238, yaw : -0.12794765830039978, altitude : 584.0899658203125, lat : -353632621, lng : 1491652374}
xyz LOCAL_POSITION_NED {time_boot_ms : 59484, x : -0.010737607255578041, y : 0.013010933063924313, z : 0.006372046656906605, vx : -0.013848455622792244, vy : 0.016715923324227333, vz : 0.00010057336476165801}
ahrs AHRS2 {roll : 0.001909541548229754, pitch : 0.0016810715897008777, yaw : -0.12795449793338776, altitude : 584.0899658203125, lat : -353632621, lng : 1491652374}
xyz LOCAL_POSITION_NED {time_boot_ms : 59517, x : -0.01084718108177185, y : 0.013141562230885029, z : 0.006372653879225254, vx : -0.013953210785984993, vy : 0.01682407036423683, vz : 7.625712169101462e-05}
ahrs AHRS2 {roll : 0.00190593337174505, pitch : 0.001679026405327022, yaw : -0.12795990705490112, altitude : 584.0899658203125, lat : -353632621, lng : 1491652374}
xyz LOCAL_POSITION_NED {time_boot_ms : 59549, x : -0.010845188051462173, y : 0.013136680237948895, z : 0.00637257844209671, vx : -0.01395947765558958, vy : 0.01683128997683525, vz : 7.79591646278277e-05}
ahrs AHRS2 {roll : 0.001907769008539617, pitch : 0.0016778105637058616, yaw : -0.1279645413160324, altitude : 584.0899658203125, lat : -353632621, lng : 1491652374}
xyz LOCAL_POSITION_NED {time_boot_ms : 59584, x : -0.010944821871817112, y : 0.013254043646156788, z : 0.006372543983161449, vx : -0.014041797257959843, vy : 0.016922593116760254, vz : 7.098601054167375e-05}
ahrs AHRS2 {roll : 0.0019056493183597922, pitch : 0.0016765198670327663, yaw : -0.12796944379806519, altitude : 584.0899658203125, lat : -353632621, lng : 1491652374}
xyz LOCAL_POSITION_NED {time_boot_ms : 59616, x : -0.01104310154914856, y : 0.013371752575039864, z : 0.0063724275678396225, vx : -0.014089497737586498, vy : 0.017025919631123543, vz : 5.1641734899021685e-05}
ahrs AHRS2 {roll : 0.001904557109810412, pitch : 0.0016772577073425055, yaw : -0.12797628343105316, altitude : 584.0899658203125, lat : -353632621, lng : 1491652374}
xyz LOCAL_POSITION_NED {time_boot_ms : 59649, x : -0.010834602639079094, y : 0.013119841925799847, z : 0.006370721384882927, vx : -0.013952672481536865, vy : 0.01683843694627285, vz : 6.349973409669474e-05}
ahrs AHRS2 {roll : 0.0019035718869417906, pitch : 0.0016770056681707501, yaw : -0.1279808133840561, altitude : 584.0899658203125, lat : -353632621, lng : 1491652374}
xyz LOCAL_POSITION_NED {time_boot_ms : 59681, x : -0.010894200764596462, y : 0.013190871104598045, z : 0.006370645947754383, vx : -0.013995885848999023, vy : 0.01688079722225666, vz : 5.8752004406414926e-05}
ahrs AHRS2 {roll : 0.0019023538334295154, pitch : 0.0016731451032683253, yaw : -0.127986341714859, altitude : 584.0899658203125, lat : -353632621, lng : 1491652374}
xyz LOCAL_POSITION_NED {time_boot_ms : 59714, x : -0.010821301490068436, y : 0.013101667165756226, z : 0.006369877140969038, vx : -0.013938291929662228, vy : 0.016814304515719414, vz : 9.493822290096432e-05}
ahrs AHRS2 {roll : 0.0019010513788089156, pitch : 0.001670784200541675, yaw : -0.1279928982257843, altitude : 584.0899658203125, lat : -353632621, lng : 1491652374}
xyz LOCAL_POSITION_NED {time_boot_ms : 59749, x : -0.01085467729717493, y : 0.013140943832695484, z : 0.006370714399963617, vx : -0.013969446532428265, vy : 0.016849514096975327, vz : 9.831327042775229e-05}
ahrs AHRS2 {roll : 0.001899658003821969, pitch : 0.0016704644076526165, yaw : -0.12799763679504395, altitude : 584.0899658203125, lat : -353632621, lng : 1491652374}
xyz LOCAL_POSITION_NED {time_boot_ms : 59781, x : -0.011043296195566654, y : 0.013366986066102982, z : 0.00637208204716444, vx : -0.014113086275756359, vy : 0.016981665045022964, vz : 9.770285396371037e-05}
ahrs AHRS2 {roll : 0.001900063711218536, pitch : 0.001672052894718945, yaw : -0.12800225615501404, altitude : 584.0899658203125, lat : -353632621, lng : 1491652374}
xyz LOCAL_POSITION_NED {time_boot_ms : 59814, x : -0.011018414050340652, y : 0.013334954157471657, z : 0.006371228955686092, vx : -0.014089858159422874, vy : 0.016970282420516014, vz : 5.227468864177354e-05}
ahrs AHRS2 {roll : 0.0019017168087884784, pitch : 0.0016724199522286654, yaw : -0.12800730764865875, altitude : 584.0899658203125, lat : -353632621, lng : 1491652374}
xyz LOCAL_POSITION_NED {time_boot_ms : 59846, x : -0.010810915380716324, y : 0.013082596473395824, z : 0.00636946689337492, vx : -0.013959050178527832, vy : 0.016780758276581764, vz : 6.17015321040526e-05}
ahrs AHRS2 {roll : 0.0019001028267666698, pitch : 0.0016704208683222532, yaw : -0.1280117928981781, altitude : 584.0899658203125, lat : -353632621, lng : 1491652374}
xyz LOCAL_POSITION_NED {time_boot_ms : 59879, x : -0.010870999656617641, y : 0.013153355568647385, z : 0.006369113922119141, vx : -0.013996209017932415, vy : 0.016848435625433922, vz : 3.835696406895295e-05}
ahrs AHRS2 {roll : 0.0018980182940140367, pitch : 0.0016699900152161717, yaw : -0.12801846861839294, altitude : 584.0899658203125, lat : -353632621, lng : 1491652374}
xyz LOCAL_POSITION_NED {time_boot_ms : 59914, x : -0.010833902284502983, y : 0.013106477446854115, z : 0.006367298774421215, vx : -0.013992088846862316, vy : 0.016816886141896248, vz : 3.1749834306538105e-05}
ahrs AHRS2 {roll : 0.0018987173680216074, pitch : 0.0016665443545207381, yaw : -0.12802231311798096, altitude : 584.0899658203125, lat : -353632621, lng : 1491652374}
xyz LOCAL_POSITION_NED {time_boot_ms : 59946, x : -0.010834010317921638, y : 0.013104061596095562, z : 0.006365397945046425, vx : -0.013992073014378548, vy : 0.01682366244494915, vz : 3.625847239163704e-05}
ahrs AHRS2 {roll : 0.0019003652269020677, pitch : 0.0016661005793139338, yaw : -0.12802425026893616, altitude : 584.0899658203125, lat : -353632621, lng : 1491652374}
xyz LOCAL_POSITION_NED {time_boot_ms : 59979, x : -0.011023104190826416, y : 0.013330689631402493, z : 0.006364747881889343, vx : -0.01409496646374464, vy : 0.016986306756734848, vz : 3.1212435715133324e-05}
ahrs AHRS2 {roll : 0.0019009775714948773, pitch : 0.0016665958100929856, yaw : -0.12802977859973907, altitude : 584.0899658203125, lat : -353632621, lng : 1491652374}
xyz LOCAL_POSITION_NED {time_boot_ms : 60011, x : -0.01099763810634613, y : 0.013299627229571342, z : 0.006362701766192913, vx : -0.014056677930057049, vy : 0.016961656510829926, vz : 1.4889115846017376e-05}
ahrs AHRS2 {roll : 0.0018989392556250095, pitch : 0.0016654174542054534, yaw : -0.12803766131401062, altitude : 584.0899658203125, lat : -353632621, lng : 1491652374}
xyz LOCAL_POSITION_NED {time_boot_ms : 60044, x : -0.01100018247961998, y : 0.013304052874445915, z : 0.006360625382512808, vx : -0.01404574140906334, vy : 0.01697816513478756, vz : -6.243980351428036e-06}
ahrs AHRS2 {roll : 0.0018987463554367423, pitch : 0.0016671678749844432, yaw : -0.1280413717031479, altitude : 584.0899658203125, lat : -353632621, lng : 1491652374}
xyz LOCAL_POSITION_NED {time_boot_ms : 60079, x : -0.010882606729865074, y : 0.013163821771740913, z : 0.006357983220368624, vx : -0.013984463177621365, vy : 0.01690436527132988, vz : 1.5552595868939534e-05}
ahrs AHRS2 {roll : 0.00189851108007133, pitch : 0.0016674766084179282, yaw : -0.12804698944091797, altitude : 584.0899658203125, lat : -353632621, lng : 1491652374}
xyz LOCAL_POSITION_NED {time_boot_ms : 60111, x : -0.010809102095663548, y : 0.013078093528747559, z : 0.006355389952659607, vx : -0.013930975459516048, vy : 0.016897687688469887, vz : -3.841428792838997e-07}
xyz LOCAL_POSITION_NED {time_boot_ms : 60359, x : -0.010883613489568233, y : 0.013178850524127483, z : 0.006353341042995453, vx : -0.01404318492859602, vy : 0.017002785578370094, vz : 8.142768638208508e-05}
ahrs AHRS2 {roll : 0.0018796653021126986, pitch : 0.0016628359444439411, yaw : -0.12811008095741272, altitude : 584.0899658203125, lat : -353632621, lng : 1491652374}
xyz LOCAL_POSITION_NED {time_boot_ms : 60609, x : -0.011009088717401028, y : 0.013321952894330025, z : 0.006367371417582035, vx : -0.014157954603433609, vy : 0.017091572284698486, vz : 0.0001321092277066782}
ahrs AHRS2 {roll : 0.0018772340845316648, pitch : 0.001663566567003727, yaw : -0.1281166821718216, altitude : 584.0899658203125, lat : -353632621, lng : 1491652374}
xyz LOCAL_POSITION_NED {time_boot_ms : 60644, x : -0.010850200429558754, y : 0.01313041802495718, z : 0.006368671078234911, vx : -0.014054471626877785, vy : 0.01694394089281559, vz : 0.0001234940136782825}
ahrs AHRS2 {roll : 0.0018761444371193647, pitch : 0.0016620380338281393, yaw : -0.12811848521232605, altitude : 584.0899658203125, lat : -353632621, lng : 1491652374}
xyz LOCAL_POSITION_NED {time_boot_ms : 60676, x : -0.010912870056927204, y : 0.013206513598561287, z : 0.006371168419718742, vx : -0.014060487039387226, vy : 0.016988862305879593, vz : 0.00013226064038462937}
ahrs AHRS2 {roll : 0.0018737782957032323, pitch : 0.0016628969460725784, yaw : -0.12812137603759766, altitude : 584.0899658203125, lat : -353632621, lng : 1491652374}
xyz LOCAL_POSITION_NED {time_boot_ms : 60709, x : -0.01084218267351389, y : 0.013121770694851875, z : 0.006372785195708275, vx : -0.014016170054674149, vy : 0.016908112913370132, vz : 0.0001405895600328222}
ahrs AHRS2 {roll : 0.0018744593253359199, pitch : 0.001664412789978087, yaw : -0.12812493741512299, altitude : 584.0899658203125, lat : -353632621, lng : 1491652374}
xyz LOCAL_POSITION_NED {time_boot_ms : 60741, x : -0.010987070389091969, y : 0.013297522440552711, z : 0.006375728640705347, vx : -0.01411587093025446, vy : 0.017042063176631927, vz : 0.00013318585115484893}
ahrs AHRS2 {roll : 0.001872067921794951, pitch : 0.0016635325737297535, yaw : -0.1281268298625946, altitude : 584.0899658203125, lat : -353632621, lng : 1491652374}
xyz LOCAL_POSITION_NED {time_boot_ms : 60774, x : -0.01104583591222763, y : 0.013368750922381878, z : 0.006378530990332365, vx : -0.014154871925711632, vy : 0.017093796283006668, vz : 0.00015761931717861444}
ahrs AHRS2 {roll : 0.0018720179796218872, pitch : 0.001664077746681869, yaw : -0.12813065946102142, altitude : 584.0899658203125, lat : -353632621, lng : 1491652374}
xyz LOCAL_POSITION_NED {time_boot_ms : 60807, x : -0.010901699773967266, y : 0.013195894658565521, z : 0.006380285136401653, vx : -0.014074566774070263, vy : 0.016992338001728058, vz : 0.00016385891649406403}
ahrs AHRS2 {roll : 0.0018726648995652795, pitch : 0.0016617676010355353, yaw : -0.12813454866409302, altitude : 584.0899658203125, lat : -353632621, lng : 1491652374}
xyz LOCAL_POSITION_NED {time_boot_ms : 60842, x : -0.010749990120530128, y : 0.013014132156968117, z : 0.006382053717970848, vx : -0.013955846428871155, vy : 0.01687784120440483, vz : 0.00015239058120641857}
ahrs AHRS2 {roll : 0.001871122745797038, pitch : 0.0016626178985461593, yaw : -0.1281348317861557, altitude : 584.0899658203125, lat : -353632621, lng : 1491652374}
xyz LOCAL_POSITION_NED {time_boot_ms : 60874, x : -0.01082236785441637, y : 0.01310303807258606, z : 0.0063848719000816345, vx : -0.014000394381582737, vy : 0.016952749341726303, vz : 0.00016274633526336402}
ahrs AHRS2 {roll : 0.0018713939934968948, pitch : 0.0016631052130833268, yaw : -0.12813887000083923, altitude : 584.0899658203125, lat : -353632621, lng : 1491652374}
xyz LOCAL_POSITION_NED {time_boot_ms : 60907, x : -0.010766677558422089, y : 0.0130374226719141, z : 0.006387003231793642, vx : -0.013973222114145756, vy : 0.016911931335926056, vz : 0.00017034326447173953}
ahrs AHRS2 {roll : 0.001869615283794701, pitch : 0.0016639464301988482, yaw : -0.12814272940158844, altitude : 584.0899658203125, lat : -353632621, lng : 1491652374}
xyz LOCAL_POSITION_NED {time_boot_ms : 60939, x : -0.010920918546617031, y : 0.013224789872765541, z : 0.006390671711415052, vx : -0.014084862545132637, vy : 0.017054621130228043, vz : 0.00017377488256897777}
ahrs AHRS2 {roll : 0.0018680691719055176, pitch : 0.0016632037004455924, yaw : -0.12814505398273468, altitude : 584.0899658203125, lat : -353632621, lng : 1491652374}
xyz LOCAL_POSITION_NED {time_boot_ms : 60972, x : -0.010978968814015388, y : 0.013296891935169697, z : 0.006393446587026119, vx : -0.014115824364125729, vy : 0.017082616686820984, vz : 0.0001506889093434438}
ahrs AHRS2 {roll : 0.001867117010988295, pitch : 0.0016619786620140076, yaw : -0.12815019488334656, altitude : 584.0899658203125, lat : -353632621, lng : 1491652374}
xyz LOCAL_POSITION_NED {time_boot_ms : 61007, x : -0.011001366190612316, y : 0.013325681909918785, z : 0.0063949772156775, vx : -0.0141189806163311, vy : 0.017086319625377655, vz : 0.00013384237536229193}
ahrs AHRS2 {roll : 0.0018669425044208765, pitch : 0.0016604018164798617, yaw : -0.12815521657466888, altitude : 584.0899658203125, lat : -353632621, lng : 1491652374}
xyz LOCAL_POSITION_NED {time_boot_ms : 61039, x : -0.011012252420186996, y : 0.013339887373149395, z : 0.006396479904651642, vx : -0.014108935371041298, vy : 0.01707548275589943, vz : 0.00014946446754038334}
ahrs AHRS2 {roll : 0.001865782425738871, pitch : 0.0016589401056990027, yaw : -0.12815667688846588, altitude : 584.0899658203125, lat : -353632621, lng : 1491652374}
xyz LOCAL_POSITION_NED {time_boot_ms : 61072, x : -0.010858730413019657, y : 0.013154864311218262, z : 0.006396971642971039, vx : -0.014015267603099346, vy : 0.01693020574748516, vz : 0.00015618212637491524}
ahrs AHRS2 {roll : 0.0018638728652149439, pitch : 0.0016578936483711004, yaw : -0.12815973162651062, altitude : 584.0899658203125, lat : -353632621, lng : 1491652374}
xyz LOCAL_POSITION_NED {time_boot_ms : 61104, x : -0.010805812664330006, y : 0.013092021457850933, z : 0.006398286670446396, vx : -0.013971192762255669, vy : 0.016917768865823746, vz : 0.000172192623722367}
ahrs AHRS2 {roll : 0.0018639768240973353, pitch : 0.0016564874676987529, yaw : -0.12816311419010162, altitude : 584.0899658203125, lat : -353632621, lng : 1491652374}
xyz LOCAL_POSITION_NED {time_boot_ms : 61137, x : -0.010942894034087658, y : 0.013258425518870354, z : 0.006400609388947487, vx : -0.014074083417654037, vy : 0.017011215910315514, vz : 0.00013832052354700863}
ahrs AHRS2 {roll : 0.0018641414353623986, pitch : 0.0016548149287700653, yaw : -0.12816546857357025, altitude : 584.0899658203125, lat : -353632621, lng : 1491652374}
xyz LOCAL_POSITION_NED {time_boot_ms : 61172, x : -0.011030110530555248, y : 0.013363389298319817, z : 0.006402506027370691, vx : -0.014176003634929657, vy : 0.017096828669309616, vz : 0.00017362451762892306}
ahrs AHRS2 {roll : 0.0018653436563909054, pitch : 0.0016569305444136262, yaw : -0.12816844880580902, altitude : 584.0899658203125, lat : -353632621, lng : 1491652374}
xyz LOCAL_POSITION_NED {time_boot_ms : 61204, x : -0.01102443877607584, y : 0.013355321250855923, z : 0.006404062733054161, vx : -0.014184791594743729, vy : 0.017104510217905045, vz : 0.00018490548245608807}
ahrs AHRS2 {roll : 0.0018656995380297303, pitch : 0.0016559670912101865, yaw : -0.12817251682281494, altitude : 584.0899658203125, lat : -353632621, lng : 1491652374}
xyz LOCAL_POSITION_NED {time_boot_ms : 61237, x : -0.011022794991731644, y : 0.01335075031965971, z : 0.006406395696103573, vx : -0.014207066968083382, vy : 0.017067361623048782, vz : 0.00019065194646827877}
ahrs AHRS2 {roll : 0.0018645647214725614, pitch : 0.0016548109706491232, yaw : -0.12817323207855225, altitude : 584.0899658203125, lat : -353632621, lng : 1491652374}
xyz LOCAL_POSITION_NED {time_boot_ms : 61269, x : -0.01089120376855135, y : 0.013186757452785969, z : 0.0064077721908688545, vx : -0.014141945168375969, vy : 0.016928017139434814, vz : 0.00019795435946434736}
ahrs AHRS2 {roll : 0.001865016296505928, pitch : 0.001652816659770906, yaw : -0.1281774491071701, altitude : 584.0899658203125, lat : -353632621, lng : 1491652374}
xyz LOCAL_POSITION_NED {time_boot_ms : 61302, x : -0.010981133207678795, y : 0.013289501890540123, z : 0.006410699337720871, vx : -0.014198222197592258, vy : 0.01696426421403885, vz : 0.00019370761583559215}
ahrs AHRS2 {roll : 0.0018659984925761819, pitch : 0.001652594655752182, yaw : -0.12818387150764465, altitude : 584.0899658203125, lat : -353632621, lng : 1491652374}
xyz LOCAL_POSITION_NED {time_boot_ms : 61337, x : -0.010999765247106552, y : 0.013304540887475014, z : 0.006412943359464407, vx : -0.014236620627343655, vy : 0.01699131354689598, vz : 0.00020684774790424854}
ahrs AHRS2 {roll : 0.0018648270051926374, pitch : 0.0016511627472937107, yaw : -0.12818554043769836, altitude : 584.0899658203125, lat : -353632621, lng : 1491652374}
xyz LOCAL_POSITION_NED {time_boot_ms : 61369, x : -0.011064025573432446, y : 0.013374516740441322, z : 0.006415703799575567, vx : -0.014291316270828247, vy : 0.017061958089470863, vz : 0.00019587085989769548}
ahrs AHRS2 {roll : 0.001863383105956018, pitch : 0.00165260280482471, yaw : -0.1281883716583252, altitude : 584.0899658203125, lat : -353632621, lng : 1491652374}
xyz LOCAL_POSITION_NED {time_boot_ms : 61402, x : -0.011277591809630394, y : 0.013625938445329666, z : 0.006419088691473007, vx : -0.014445455744862556, vy : 0.017255589365959167, vz : 0.00018405869195703417}
ahrs AHRS2 {roll : 0.0018624553922563791, pitch : 0.0016531001310795546, yaw : -0.1281907856464386, altitude : 584.0899658203125, lat : -353632621, lng : 1491652374}
xyz LOCAL_POSITION_NED {time_boot_ms : 61434, x : -0.011055506765842438, y : 0.01335394848138094, z : 0.006418595090508461, vx : -0.014317740686237812, vy : 0.017077693715691566, vz : 0.00015500395966228098}
ahrs AHRS2 {roll : 0.0018625776283442974, pitch : 0.0016530792927369475, yaw : -0.12819360196590424, altitude : 584.0899658203125, lat : -353632621, lng : 1491652374}
xyz LOCAL_POSITION_NED {time_boot_ms : 61467, x : -0.010898714885115623, y : 0.01315976306796074, z : 0.006418260745704174, vx : -0.014210366643965244, vy : 0.01693621836602688, vz : 0.00016314438835252076}
ahrs AHRS2 {roll : 0.0018619969487190247, pitch : 0.001654449268244207, yaw : -0.12819811701774597, altitude : 584.0899658203125, lat : -353632621, lng : 1491652374}
xyz LOCAL_POSITION_NED {time_boot_ms : 61502, x : -0.010882379487156868, y : 0.013133774511516094, z : 0.00641885120421648, vx : -0.014205249026417732, vy : 0.016909632831811905, vz : 0.00016674290236551315}
ahrs AHRS2 {roll : 0.00186049600597471, pitch : 0.0016545578837394714, yaw : -0.12820231914520264, altitude : 584.0899658203125, lat : -353632621, lng : 1491652374}
xyz LOCAL_POSITION_NED {time_boot_ms : 61534, x : -0.011034269817173481, y : 0.013309506699442863, z : 0.006421254947781563, vx : -0.014317795634269714, vy : 0.016991982236504555, vz : 0.00018209873815067112}
ahrs AHRS2 {roll : 0.0018616062588989735, pitch : 0.0016535643953830004, yaw : -0.12820567190647125, altitude : 584.0899658203125, lat : -353632621, lng : 1491652374}
xyz LOCAL_POSITION_NED {time_boot_ms : 61567, x : -0.011086583137512207, y : 0.013364225625991821, z : 0.006423068232834339, vx : -0.01436382532119751, vy : 0.01702050119638443, vz : 0.00017973007925320417}
ahrs AHRS2 {roll : 0.0018642499344423413, pitch : 0.0016530330758541822, yaw : -0.12820614874362946, altitude : 584.0899658203125, lat : -353632621, lng : 1491652374}
xyz LOCAL_POSITION_NED {time_boot_ms : 61599, x : -0.011313353665173054, y : 0.013627676293253899, z : 0.006425751373171806, vx : -0.014510512351989746, vy : 0.017166554927825928, vz : 0.0001508671703049913}
ahrs AHRS2 {roll : 0.0018652502913028002, pitch : 0.001652977429330349, yaw : -0.12821142375469208, altitude : 584.0899658203125, lat : -353632621, lng : 1491652374}
xyz LOCAL_POSITION_NED {time_boot_ms : 61632, x : -0.01107991486787796, y : 0.01333971694111824, z : 0.006424318999052048, vx : -0.014359336346387863, vy : 0.016983244568109512, vz : 0.00014365203969646245}
ahrs AHRS2 {roll : 0.0018643082585185766, pitch : 0.0016543929232284427, yaw : -0.12821383774280548, altitude : 584.0899658203125, lat : -353632621, lng : 1491652374}
xyz LOCAL_POSITION_NED {time_boot_ms : 61666, x : -0.010969997383654118, y : 0.013199265114963055, z : 0.00642418023198843, vx : -0.014315214939415455, vy : 0.016901962459087372, vz : 0.0001439812476746738}
ahrs AHRS2 {roll : 0.0018638280453160405, pitch : 0.001655073487199843, yaw : -0.12821674346923828, altitude : 584.0899658203125, lat : -353632621, lng : 1491652374}
xyz LOCAL_POSITION_NED {time_boot_ms : 61699, x : -0.011073051951825619, y : 0.013313828967511654, z : 0.00642513670027256, vx : -0.014384332112967968, vy : 0.016964683309197426, vz : 0.00013027428940404207}
ahrs AHRS2 {roll : 0.0018642853247001767, pitch : 0.0016539134085178375, yaw : -0.12822027504444122, altitude : 584.0899658203125, lat : -353632621, lng : 1491652374}
xyz LOCAL_POSITION_NED {time_boot_ms : 61731, x : -0.01105513982474804, y : 0.013284538872539997, z : 0.0064248936250805855, vx : -0.014360024593770504, vy : 0.017002394422888756, vz : 0.00015194318257272243}
ahrs AHRS2 {roll : 0.0018639948684722185, pitch : 0.0016528129344806075, yaw : -0.12822192907333374, altitude : 584.0899658203125, lat : -353632621, lng : 1491652374}
xyz LOCAL_POSITION_NED {time_boot_ms : 61764, x : -0.011105488985776901, y : 0.013338087126612663, z : 0.006425479426980019, vx : -0.01440254133194685, vy : 0.017032625153660774, vz : 0.0001509276480646804}
ahrs AHRS2 {roll : 0.0018627607496455312, pitch : 0.001650538295507431, yaw : -0.12822377681732178, altitude : 584.0899658203125, lat : -353632621, lng : 1491652374}
xyz LOCAL_POSITION_NED {time_boot_ms : 61799, x : -0.011367500759661198, y : 0.01364411972463131, z : 0.006427963264286518, vx : -0.014563148841261864, vy : 0.01723823882639408, vz : 0.0001685770257608965}
ahrs AHRS2 {roll : 0.0018632321152836084, pitch : 0.001649203710258007, yaw : -0.12822860479354858, altitude : 584.0899658203125, lat : -353632621, lng : 1491652374}
xyz LOCAL_POSITION_NED {time_boot_ms : 61831, x : -0.01112909521907568, y : 0.013355725444853306, z : 0.006428154651075602, vx : -0.014390435069799423, vy : 0.01701994799077511, vz : 0.0001882296783151105}
ahrs AHRS2 {roll : 0.0018620311748236418, pitch : 0.0016484514344483614, yaw : -0.1282312273979187, altitude : 584.0899658203125, lat : -353632621, lng : 1491652374}
xyz LOCAL_POSITION_NED {time_boot_ms : 61864, x : -0.0109798489138484, y : 0.013172934763133526, z : 0.006428842898458242, vx : -0.014311062172055244, vy : 0.016917217522859573, vz : 0.00017769617261365056}
ahrs AHRS2 {roll : 0.001862311502918601, pitch : 0.0016503481892868876, yaw : -0.1282339096069336, altitude : 584.0899658203125, lat : -353632621, lng : 1491652374}
xyz LOCAL_POSITION_NED {time_boot_ms : 61896, x : -0.01108020730316639, y : 0.013288079760968685, z : 0.0064316256903111935, vx : -0.014359059743583202, vy : 0.016992338001728058, vz : 0.00018588257080409676}
ahrs AHRS2 {roll : 0.0018625021912157536, pitch : 0.0016500598285347223, yaw : -0.12823522090911865, altitude : 584.0899658203125, lat : -353632621, lng : 1491652374}
xyz LOCAL_POSITION_NED {time_boot_ms : 61929, x : -0.01105918176472187, y : 0.013258877210319042, z : 0.006433251779526472, vx : -0.014354662969708443, vy : 0.01698051579296589, vz : 0.00019745661120396107}
ahrs AHRS2 {roll : 0.0018600831972435117, pitch : 0.0016487606335431337, yaw : -0.1282368004322052, altitude : 584.0899658203125, lat : -353632621, lng : 1491652374}
xyz LOCAL_POSITION_NED {time_boot_ms : 61964, x : -0.011143246665596962, y : 0.013354645110666752, z : 0.006436774507164955, vx : -0.014423315413296223, vy : 0.017047367990016937, vz : 0.00022278078540693969}
ahrs AHRS2 {roll : 0.001859742566011846, pitch : 0.0016496563330292702, yaw : -0.12823861837387085, altitude : 584.0899658203125, lat : -353632621, lng : 1491652374}
xyz LOCAL_POSITION_NED {time_boot_ms : 61996, x : -0.011367768049240112, y : 0.013618499971926212, z : 0.006441354751586914, vx : -0.014577346853911877, vy : 0.017232373356819153, vz : 0.00023782432253938168}
ahrs AHRS2 {roll : 0.0018602166092023253, pitch : 0.001649673213250935, yaw : -0.12824340164661407, altitude : 584.0899658203125, lat : -353632621, lng : 1491652374}
xyz LOCAL_POSITION_NED {time_boot_ms : 62029, x : -0.011127945967018604, y : 0.013330098241567612, z : 0.006442395970225334, vx : -0.014387962408363819, vy : 0.017060168087482452, vz : 0.00024338749062735587}
ahrs AHRS2 {roll : 0.0018602414056658745, pitch : 0.0016480246558785439, yaw : -0.1282457411289215, altitude : 584.0899658203125, lat : -353632621, lng : 1491652374}
xyz LOCAL_POSITION_NED {time_boot_ms : 62061, x : -0.011173506267368793, y : 0.013381972908973694, z : 0.006447196006774902, vx : -0.01442319992929697, vy : 0.01707983762025833, vz : 0.0002768751000985503}
ahrs AHRS2 {roll : 0.0018596333684399724, pitch : 0.0016495068557560444, yaw : -0.12824837863445282, altitude : 584.0899658203125, lat : -353632621, lng : 1491652374}
xyz LOCAL_POSITION_NED {time_boot_ms : 62094, x : -0.011075490154325962, y : 0.013263247907161713, z : 0.006450383923947811, vx : -0.014342246577143669, vy : 0.01700613461434841, vz : 0.0002711631532292813}
ahrs AHRS2 {roll : 0.001858749776147306, pitch : 0.0016490460839122534, yaw : -0.12825171649456024, altitude : 584.0899658203125, lat : -353632621, lng : 1491652374}
xyz LOCAL_POSITION_NED {time_boot_ms : 62129, x : -0.0110882967710495, y : 0.013276832178235054, z : 0.0064549874514341354, vx : -0.014362695626914501, vy : 0.017020517960190773, vz : 0.00026126138982363045}
ahrs AHRS2 {roll : 0.0018579937750473619, pitch : 0.0016481091734021902, yaw : -0.1282540112733841, altitude : 584.0899658203125, lat : -353632621, lng : 1491652374}
xyz LOCAL_POSITION_NED {time_boot_ms : 62161, x : -0.011268213391304016, y : 0.013488736934959888, z : 0.006460609845817089, vx : -0.014494935981929302, vy : 0.01716497913002968, vz : 0.00025187217397615314}
ahrs AHRS2 {roll : 0.001857623690739274, pitch : 0.001649724319577217, yaw : -0.1282561719417572, altitude : 584.0899658203125, lat : -353632621, lng : 1491652374}
xyz LOCAL_POSITION_NED {time_boot_ms : 62194, x : -0.0113588348031044, y : 0.013594056479632854, z : 0.00646379217505455, vx : -0.01456102728843689, vy : 0.017219185829162598, vz : 0.00022782111773267388}
ahrs AHRS2 {roll : 0.0018561435863375664, pitch : 0.0016503884689882398, yaw : -0.12825901806354523, altitude : 584.0899658203125, lat : -353632621, lng : 1491652374}
xyz LOCAL_POSITION_NED {time_boot_ms : 62226, x : -0.011118022724986076, y : 0.013304573483765125, z : 0.006463288329541683, vx : -0.014392350800335407, vy : 0.017037764191627502, vz : 0.00023730655084364116}
ahrs AHRS2 {roll : 0.001854417147114873, pitch : 0.0016503318911418319, yaw : -0.12826193869113922, altitude : 584.0899658203125, lat : -353632621, lng : 1491652374}
xyz LOCAL_POSITION_NED {time_boot_ms : 62259, x : -0.011162652634084225, y : 0.013354946859180927, z : 0.006465878337621689, vx : -0.014408203773200512, vy : 0.017045360058546066, vz : 0.00022959336638450623}
ahrs AHRS2 {roll : 0.0018532992107793689, pitch : 0.0016524784732609987, yaw : -0.12826399505138397, altitude : 584.0899658203125, lat : -353632621, lng : 1491652374}
xyz LOCAL_POSITION_NED {time_boot_ms : 62294, x : -0.011100075207650661, y : 0.01327747106552124, z : 0.006466612685471773, vx : -0.01438326295465231, vy : 0.016998114064335823, vz : 0.00020429407595656812}
ahrs AHRS2 {roll : 0.0018517927965149283, pitch : 0.0016549312276765704, yaw : -0.128268763422966, altitude : 584.0899658203125, lat : -353632621, lng : 1491652374}
xyz LOCAL_POSITION_NED {time_boot_ms : 62326, x : -0.011077583767473698, y : 0.013247450813651085, z : 0.0064663998782634735, vx : -0.01436407957226038, vy : 0.016963427886366844, vz : 0.0001640185946598649}
ahrs AHRS2 {roll : 0.0018504005856812, pitch : 0.0016550424043089151, yaw : -0.12827013432979584, altitude : 584.0899658203125, lat : -353632621, lng : 1491652374}
xyz LOCAL_POSITION_NED {time_boot_ms : 62359, x : -0.01124516874551773, y : 0.01344381831586361, z : 0.0064679961651563644, vx : -0.014449173584580421, vy : 0.017082039266824722, vz : 0.00017898980877362192}
ahrs AHRS2 {roll : 0.0018511718371883035, pitch : 0.001655143452808261, yaw : -0.12827375531196594, altitude : 584.0899658203125, lat : -353632621, lng : 1491652374}
xyz LOCAL_POSITION_NED {time_boot_ms : 62391, x : -0.011346753686666489, y : 0.013561556115746498, z : 0.0064689358696341515, vx : -0.014519533142447472, vy : 0.017150403931736946, vz : 0.00022541654470842332}
ahrs AHRS2 {roll : 0.0018512951210141182, pitch : 0.0016584658296778798, yaw : -0.12827754020690918, altitude : 584.0899658203125, lat : -353632621, lng : 1491652374}
xyz LOCAL_POSITION_NED {time_boot_ms : 62424, x : -0.011319288052618504, y : 0.013525355607271194, z : 0.006470538675785065, vx : -0.014521480537950993, vy : 0.017102181911468506, vz : 0.0002122916775988415}
ahrs AHRS2 {roll : 0.0018540991004556417, pitch : 0.00166041380725801, yaw : -0.12828078866004944, altitude : 584.0899658203125, lat : -353632621, lng : 1491652374}
xyz LOCAL_POSITION_NED {time_boot_ms : 62459, x : -0.011172564700245857, y : 0.013346068561077118, z : 0.006470431573688984, vx : -0.014413242228329182, vy : 0.016966236755251884, vz : 0.000178460861206986}
ahrs AHRS2 {roll : 0.001855436828918755, pitch : 0.0016614805208519101, yaw : -0.12828196585178375, altitude : 584.0899658203125, lat : -353632621, lng : 1491652374}
xyz LOCAL_POSITION_NED {time_boot_ms : 62491, x : -0.011085940524935722, y : 0.013237790204584599, z : 0.006469652056694031, vx : -0.014357992447912693, vy : 0.016893086954951286, vz : 0.00017859245417639613}
ahrs AHRS2 {roll : 0.0018527709180489182, pitch : 0.0016616571228951216, yaw : -0.1282842755317688, altitude : 584.0899658203125, lat : -353632621, lng : 1491652374}
xyz LOCAL_POSITION_NED {time_boot_ms : 62524, x : -0.011205649003386497, y : 0.013375923037528992, z : 0.006470933556556702, vx : -0.014420108869671822, vy : 0.017001301050186157, vz : 0.0001695332903182134}
ahrs AHRS2 {roll : 0.0018523583421483636, pitch : 0.001663096365518868, yaw : -0.12828898429870605, altitude : 584.0899658203125, lat : -353632621, lng : 1491652374}
xyz LOCAL_POSITION_NED {time_boot_ms : 62556, x : -0.011239724233746529, y : 0.01341321598738432, z : 0.006471304222941399, vx : -0.014433936215937138, vy : 0.017020877450704575, vz : 0.00017955403018277138}
ahrs AHRS2 {roll : 0.0018532448448240757, pitch : 0.001663179020397365, yaw : -0.12829148769378662, altitude : 584.0899658203125, lat : -353632621, lng : 1491652374}
xyz LOCAL_POSITION_NED {time_boot_ms : 62589, x : -0.011316600255668163, y : 0.013501295819878578, z : 0.006471891421824694, vx : -0.014518938958644867, vy : 0.017098067328333855, vz : 0.0001928297569975257}
ahrs AHRS2 {roll : 0.0018527248175814748, pitch : 0.0016638097586110234, yaw : -0.12829574942588806, altitude : 584.0899658203125, lat : -353632621, lng : 1491652374}
xyz LOCAL_POSITION_NED {time_boot_ms : 62624, x : -0.011338258162140846, y : 0.013522954657673836, z : 0.006473521701991558, vx : -0.014546336606144905, vy : 0.01715404912829399, vz : 0.00018822330457624048}
ahrs AHRS2 {roll : 0.0018555342685431242, pitch : 0.0016657012747600675, yaw : -0.12829674780368805, altitude : 584.0899658203125, lat : -353632621, lng : 1491652374}
xyz LOCAL_POSITION_NED {time_boot_ms : 62656, x : -0.011168000288307667, y : 0.01331736333668232, z : 0.006472686305642128, vx : -0.01444297470152378, vy : 0.017004618421196938, vz : 0.00016346867778338492}
ahrs AHRS2 {roll : 0.001855946728028357, pitch : 0.0016668742755427957, yaw : -0.12829938530921936, altitude : 584.0899658203125, lat : -353632621, lng : 1491652374}
xyz LOCAL_POSITION_NED {time_boot_ms : 62689, x : -0.011057702824473381, y : 0.013183231465518475, z : 0.006471459753811359, vx : -0.014352855272591114, vy : 0.01690571941435337, vz : 0.00015546512440778315}
ahrs AHRS2 {roll : 0.0018559843301773071, pitch : 0.0016677466919645667, yaw : -0.1283031851053238, altitude : 584.0899658203125, lat : -353632621, lng : 1491652374}
xyz LOCAL_POSITION_NED {time_boot_ms : 62721, x : -0.011201882734894753, y : 0.013350832276046276, z : 0.0064731165766716, vx : -0.014436724595725536, vy : 0.01701989583671093, vz : 0.00017739049508236349}
ahrs AHRS2 {roll : 0.0018548975931480527, pitch : 0.001667928183451295, yaw : -0.1283038705587387, altitude : 584.0899658203125, lat : -353632621, lng : 1491652374}
xyz LOCAL_POSITION_NED {time_boot_ms : 62754, x : -0.011224739253520966, y : 0.013375073671340942, z : 0.006473781540989876, vx : -0.014468515291810036, vy : 0.01701771281659603, vz : 0.0001759760925779119}
ahrs AHRS2 {roll : 0.0018560508033260703, pitch : 0.0016694277292117476, yaw : -0.12830421328544617, altitude : 584.0899658203125, lat : -353632621, lng : 1491652374}
xyz LOCAL_POSITION_NED {time_boot_ms : 62789, x : -0.011349751614034176, y : 0.013519574888050556, z : 0.006474618799984455, vx : -0.014537027105689049, vy : 0.017094368115067482, vz : 0.00015570140385534614}
ahrs AHRS2 {roll : 0.0018568439409136772, pitch : 0.001670080702751875, yaw : -0.1283072531223297, altitude : 584.0899658203125, lat : -353632621, lng : 1491652374}
xyz LOCAL_POSITION_NED {time_boot_ms : 62821, x : -0.011333731934428215, y : 0.013496281579136848, z : 0.006474149879068136, vx : -0.014524943195283413, vy : 0.0170542411506176, vz : 0.00011475429346319288}
ahrs AHRS2 {roll : 0.0018581347540020943, pitch : 0.0016711762873455882, yaw : -0.12831035256385803, altitude : 584.0899658203125, lat : -353632621, lng : 1491652374}
xyz LOCAL_POSITION_NED {time_boot_ms : 62854, x : -0.011162963695824146, y : 0.01328921876847744, z : 0.006472236476838589, vx : -0.014397203922271729, vy : 0.01688995398581028, vz : 0.0001517330965725705}
ahrs AHRS2 {roll : 0.0018597191665321589, pitch : 0.0016707995673641562, yaw : -0.1283109039068222, altitude : 584.0899658203125, lat : -353632621, lng : 1491652374}
xyz LOCAL_POSITION_NED {time_boot_ms : 62887, x : -0.01106399018317461, y : 0.013167547062039375, z : 0.006471612490713596, vx : -0.014324204064905643, vy : 0.01682516559958458, vz : 0.0001927531266119331}
ahrs AHRS2 {roll : 0.0018611063715070486, pitch : 0.0016701632412150502, yaw : -0.1283135563135147, altitude : 584.0899658203125, lat : -353632621, lng : 1491652374}
xyz LOCAL_POSITION_NED {time_boot_ms : 62919, x : -0.011195234954357147, y : 0.013318530283868313, z : 0.006474570371210575, vx : -0.014406556263566017, vy : 0.016883565112948418, vz : 0.00021288072457537055}
ahrs AHRS2 {roll : 0.0018610437400639057, pitch : 0.0016719645354896784, yaw : -0.12831710278987885, altitude : 584.0899658203125, lat : -353632621, lng : 1491652374}
xyz LOCAL_POSITION_NED {time_boot_ms : 62952, x : -0.011218370869755745, y : 0.013340622186660767, z : 0.006476632785052061, vx : -0.0144527992233634, vy : 0.01689590886235237, vz : 0.00021786722936667502}
ahrs AHRS2 {roll : 0.0018627363024279475, pitch : 0.0016711155185475945, yaw : -0.12831705808639526, altitude : 584.0899658203125, lat : -353632621, lng : 1491652374}
xyz LOCAL_POSITION_NED {time_boot_ms : 62987, x : -0.011343940161168575, y : 0.01348254457116127, z : 0.006479278206825256, vx : -0.014521900564432144, vy : 0.016996199265122414, vz : 0.00021892701624892652}
ahrs AHRS2 {roll : 0.0018626743694767356, pitch : 0.0016717418329790235, yaw : -0.12831830978393555, altitude : 584.0899658203125, lat : -353632621, lng : 1491652374}
xyz LOCAL_POSITION_NED {time_boot_ms : 63019, x : -0.011458062566816807, y : 0.013611864298582077, z : 0.006481645628809929, vx : -0.014604446478188038, vy : 0.01709362491965294, vz : 0.00020496278011705726}
ahrs AHRS2 {roll : 0.0018629098776727915, pitch : 0.0016707928152754903, yaw : -0.1283196657896042, altitude : 584.0899658203125, lat : -353632621, lng : 1491652374}
xyz LOCAL_POSITION_NED {time_boot_ms : 63052, x : -0.01125647034496069, y : 0.013368946500122547, z : 0.006481493823230267, vx : -0.014463599771261215, vy : 0.016911959275603294, vz : 0.0002143757010344416}
ahrs AHRS2 {roll : 0.001861846074461937, pitch : 0.0016716680256649852, yaw : -0.12832212448120117, altitude : 584.0899658203125, lat : -353632621, lng : 1491652374}
xyz LOCAL_POSITION_NED {time_boot_ms : 63084, x : -0.011327236890792847, y : 0.013446914963424206, z : 0.006483676377683878, vx : -0.014523312449455261, vy : 0.01698416844010353, vz : 0.0001928005658555776}
ahrs AHRS2 {roll : 0.0018641190836206079, pitch : 0.001670942991040647, yaw : -0.12832610309123993, altitude : 584.0899658203125, lat : -353632621, lng : 1491652374}
xyz LOCAL_POSITION_NED {time_boot_ms : 63117, x : -0.011263849213719368, y : 0.013367393054068089, z : 0.00648358091711998, vx : -0.014494732022285461, vy : 0.01695750094950199, vz : 0.00019091725698672235}
ahrs AHRS2 {roll : 0.001865059370175004, pitch : 0.0016705660382285714, yaw : -0.1283300518989563, altitude : 584.0899658203125, lat : -353632621, lng : 1491652374}
xyz LOCAL_POSITION_NED {time_boot_ms : 63152, x : -0.011297754012048244, y : 0.013403072953224182, z : 0.006483930163085461, vx : -0.014502921141684055, vy : 0.016993314027786255, vz : 0.00016757984121795744}
ahrs AHRS2 {roll : 0.0018645370146259665, pitch : 0.0016740149585530162, yaw : -0.12832990288734436, altitude : 584.0899658203125, lat : -353632621, lng : 1491652374}
xyz LOCAL_POSITION_NED {time_boot_ms : 63184, x : -0.011511999182403088, y : 0.013651980087161064, z : 0.006486485246568918, vx : -0.014631670899689198, vy : 0.017137689515948296, vz : 0.00018681435903999954}
ahrs AHRS2 {roll : 0.0018635583110153675, pitch : 0.0016738930717110634, yaw : -0.12833353877067566, altitude : 584.0899658203125, lat : -353632621, lng : 1491652374}
xyz LOCAL_POSITION_NED {time_boot_ms : 63217, x : -0.011481093242764473, y : 0.013612121343612671, z : 0.006486289203166962, vx : -0.014610136859118938, vy : 0.017093785107135773, vz : 0.00018528349755797535}
ahrs AHRS2 {roll : 0.001863814308308065, pitch : 0.0016721445135772228, yaw : -0.1283370405435562, altitude : 584.0899658203125, lat : -353632621, lng : 1491652374}
xyz LOCAL_POSITION_NED {time_boot_ms : 63249, x : -0.01128088403493166, y : 0.013371999375522137, z : 0.006485104560852051, vx : -0.014460400678217411, vy : 0.01692621223628521, vz : 0.00017968636529985815}
ahrs AHRS2 {roll : 0.001865452853962779, pitch : 0.0016749151982367039, yaw : -0.12833692133426666, altitude : 584.0899658203125, lat : -353632621, lng : 1491652374}
xyz LOCAL_POSITION_NED {time_boot_ms : 63282, x : -0.011332577094435692, y : 0.013428803533315659, z : 0.006486717611551285, vx : -0.014508210122585297, vy : 0.01694345660507679, vz : 0.00019561158842407167}
ahrs AHRS2 {roll : 0.0018662239890545607, pitch : 0.0016751617658883333, yaw : -0.12834078073501587, altitude : 584.0899658203125, lat : -353632621, lng : 1491652374}
xyz LOCAL_POSITION_NED {time_boot_ms : 63317, x : -0.011296448297798634, y : 0.01338078174740076, z : 0.006486753933131695, vx : -0.01450650580227375, vy : 0.016915274783968925, vz : 0.00018442297005094588}
ahrs AHRS2 {roll : 0.001865701051428914, pitch : 0.0016751163639128208, yaw : -0.12834373116493225, altitude : 584.0899658203125, lat : -353632621, lng : 1491652374}
xyz LOCAL_POSITION_NED {time_boot_ms : 63349, x : -0.011309831403195858, y : 0.013391269370913506, z : 0.00648724939674139, vx : -0.014507755637168884, vy : 0.016897190362215042, vz : 0.00017700424359645694}
ahrs AHRS2 {roll : 0.0018684641690924764, pitch : 0.0016773288371041417, yaw : -0.1283448487520218, altitude : 584.0899658203125, lat : -353632621, lng : 1491652374}
xyz LOCAL_POSITION_NED {time_boot_ms : 63382, x : -0.01149454340338707, y : 0.01360268797725439, z : 0.006489031948149204, vx : -0.01464428473263979, vy : 0.01701996475458145, vz : 0.00016524468082934618}
ahrs AHRS2 {roll : 0.0018695008475333452, pitch : 0.0016793777467682958, yaw : -0.1283462643623352, altitude : 584.0899658203125, lat : -353632621, lng : 1491652374}
xyz LOCAL_POSITION_NED {time_boot_ms : 63414, x : -0.011482289992272854, y : 0.013582023791968822, z : 0.006488391198217869, vx : -0.01465007197111845, vy : 0.01702314056456089, vz : 0.00015689029532950372}
ahrs AHRS2 {roll : 0.001873062108643353, pitch : 0.0016824275953695178, yaw : -0.12834738194942474, altitude : 584.0899658203125, lat : -353632621, lng : 1491652374}
xyz LOCAL_POSITION_NED {time_boot_ms : 63447, x : -0.011474360711872578, y : 0.013566144742071629, z : 0.006488745100796223, vx : -0.014643998816609383, vy : 0.017003508284687996, vz : 0.00016798501019366086}
ahrs AHRS2 {roll : 0.0018752829637378454, pitch : 0.00168419792316854, yaw : -0.12834635376930237, altitude : 584.0899658203125, lat : -353632621, lng : 1491652374}
xyz LOCAL_POSITION_NED {time_boot_ms : 63482, x : -0.011353467591106892, y : 0.01341665256768465, z : 0.006487520411610603, vx : -0.014595180749893188, vy : 0.016908731311559677, vz : 0.00016639402019791305}
ahrs AHRS2 {roll : 0.001876202179118991, pitch : 0.0016866560326889157, yaw : -0.12835074961185455, altitude : 584.0899658203125, lat : -353632621, lng : 1491652374}
xyz LOCAL_POSITION_NED {time_boot_ms : 63514, x : -0.011290899477899075, y : 0.013336011208593845, z : 0.006486604455858469, vx : -0.014547746628522873, vy : 0.016867274418473244, vz : 0.0001555386552354321}
ahrs AHRS2 {roll : 0.0018768637673929334, pitch : 0.0016864353092387319, yaw : -0.12835264205932617, altitude : 584.0899658203125, lat : -353632621, lng : 1491652374}
xyz LOCAL_POSITION_NED {time_boot_ms : 63547, x : -0.011428837664425373, y : 0.013490674085915089, z : 0.0064879776909947395, vx : -0.014668956398963928, vy : 0.01695668138563633, vz : 0.00017399345233570784}
ahrs AHRS2 {roll : 0.0018772268667817116, pitch : 0.001686088740825653, yaw : -0.12835264205932617, altitude : 584.0899658203125, lat : -353632621, lng : 1491652374}
xyz LOCAL_POSITION_NED {time_boot_ms : 63579, x : -0.011487826704978943, y : 0.013550659641623497, z : 0.006488272920250893, vx : -0.014724461361765862, vy : 0.017001811414957047, vz : 0.0001788313820725307}
ahrs AHRS2 {roll : 0.0018797956872731447, pitch : 0.0016868591774255037, yaw : -0.12835392355918884, altitude : 584.0899658203125, lat : -353632621, lng : 1491652374}
xyz LOCAL_POSITION_NED {time_boot_ms : 63612, x : -0.011462644673883915, y : 0.013512757606804371, z : 0.0064880698919296265, vx : -0.014728696085512638, vy : 0.01698661781847477, vz : 0.0001899351627798751}
ahrs AHRS2 {roll : 0.0018810756737366319, pitch : 0.0016870315885171294, yaw : -0.12835882604122162, altitude : 584.0899658203125, lat : -353632621, lng : 1491652374}
xyz LOCAL_POSITION_NED {time_boot_ms : 63647, x : -0.011504394933581352, y : 0.013552768155932426, z : 0.006490273401141167, vx : -0.014740838669240475, vy : 0.017014361917972565, vz : 0.00018221623031422496}
ahrs AHRS2 {roll : 0.0018843220314010978, pitch : 0.0016873542917892337, yaw : -0.1283586025238037, altitude : 584.0899658203125, lat : -353632621, lng : 1491652374}
xyz LOCAL_POSITION_NED {time_boot_ms : 63679, x : -0.011346511542797089, y : 0.01335998997092247, z : 0.006489441730082035, vx : -0.014625879935920238, vy : 0.01688811182975769, vz : 0.00015477869601454586}
ahrs AHRS2 {roll : 0.0018865095917135477, pitch : 0.001688432297669351, yaw : -0.1283581554889679, altitude : 584.0899658203125, lat : -353632621, lng : 1491652374}
xyz LOCAL_POSITION_NED {time_boot_ms : 63712, x : -0.01127089187502861, y : 0.01326395757496357, z : 0.006488289684057236, vx : -0.014573887921869755, vy : 0.01682969182729721, vz : 0.00014906551223248243}
ahrs AHRS2 {roll : 0.0018871586071327329, pitch : 0.0016883246134966612, yaw : -0.1283596158027649, altitude : 584.0899658203125, lat : -353632621, lng : 1491652374}
xyz LOCAL_POSITION_NED {time_boot_ms : 63744, x : -0.011420343071222305, y : 0.01343182660639286, z : 0.006489280611276627, vx : -0.014673102647066116, vy : 0.016946209594607353, vz : 0.00014248325896915048}
ahrs AHRS2 {roll : 0.0018900769064202905, pitch : 0.0016878999304026365, yaw : -0.12835949659347534, altitude : 584.0899658203125, lat : -353632621, lng : 1491652374}
xyz LOCAL_POSITION_NED {time_boot_ms : 63779, x : -0.01150217093527317, y : 0.013520321808755398, z : 0.006489606574177742, vx : -0.014715200290083885, vy : 0.016991369426250458, vz : 0.00016711912758182734}
ahrs AHRS2 {roll : 0.00189067458268255, pitch : 0.0016890702536329627, yaw : -0.12836091220378876, altitude : 584.0899658203125, lat : -353632621, lng : 1491652374}
xyz LOCAL_POSITION_NED {time_boot_ms : 63811, x : -0.011473936028778553, y : 0.013482050970196724, z : 0.006489361636340618, vx : -0.014670342206954956, vy : 0.016968274489045143, vz : 0.00017281291366089135}
ahrs AHRS2 {roll : 0.001891907537356019, pitch : 0.0016902688657864928, yaw : -0.12836414575576782, altitude : 584.0899658203125, lat : -353632621, lng : 1491652374}
xyz LOCAL_POSITION_NED {time_boot_ms : 63844, x : -0.011475433595478535, y : 0.013478945009410381, z : 0.006490535102784634, vx : -0.014658908359706402, vy : 0.016966989263892174, vz : 0.00017321936320513487}
ahrs AHRS2 {roll : 0.001892810920253396, pitch : 0.0016916102031245828, yaw : -0.12836802005767822, altitude : 584.0899658203125, lat : -353632621, lng : 1491652374}
xyz LOCAL_POSITION_NED {time_boot_ms : 63876, x : -0.011313996277749538, y : 0.01328581478446722, z : 0.0064900596626102924, vx : -0.014547008089721203, vy : 0.016807399690151215, vz : 0.00015036594413686544}
ahrs AHRS2 {roll : 0.0018932368839159608, pitch : 0.0016917906468734145, yaw : -0.1283690631389618, altitude : 584.0899658203125, lat : -353632621, lng : 1491652374}
xyz LOCAL_POSITION_NED {time_boot_ms : 63909, x : -0.011410612612962723, y : 0.013393569737672806, z : 0.006491296924650669, vx : -0.014642738737165928, vy : 0.016899030655622482, vz : 0.000162532101967372}
ahrs AHRS2 {roll : 0.001893064589239657, pitch : 0.0016926074167713523, yaw : -0.12837281823158264, altitude : 584.0899658203125, lat : -353632621, lng : 1491652374}
xyz LOCAL_POSITION_NED {time_boot_ms : 63944, x : -0.01141830813139677, y : 0.013398242183029652, z : 0.00649174815043807, vx : -0.014607156626880169, vy : 0.016915522515773773, vz : 0.00017253239639103413}
ahrs AHRS2 {roll : 0.0018930804217234254, pitch : 0.0016933436272665858, yaw : -0.12837333977222443, altitude : 584.0899658203125, lat : -353632621, lng : 1491652374}
xyz LOCAL_POSITION_NED {time_boot_ms : 63976, x : -0.011460097506642342, y : 0.013444313779473305, z : 0.006492255721241236, vx : -0.01463650818914175, vy : 0.01695508509874344, vz : 0.0001661622809479013}
ahrs AHRS2 {roll : 0.0018933642422780395, pitch : 0.0016919118352234364, yaw : -0.12837448716163635, altitude : 584.0899658203125, lat : -353632621, lng : 1491652374}
xyz LOCAL_POSITION_NED {time_boot_ms : 64009, x : -0.011684137396514416, y : 0.01370284054428339, z : 0.006494116969406605, vx : -0.014781114645302296, vy : 0.0171168502420187, vz : 0.00015036328113637865}
ahrs AHRS2 {roll : 0.0018896358087658882, pitch : 0.0016900200862437487, yaw : -0.12837490439414978, altitude : 584.0899658203125, lat : -353632621, lng : 1491652374}
xyz LOCAL_POSITION_NED {time_boot_ms : 64041, x : -0.011430063284933567, y : 0.013404268771409988, z : 0.006492599844932556, vx : -0.014589844271540642, vy : 0.016905542463064194, vz : 0.00016606687859166414}
ahrs AHRS2 {roll : 0.001891212072223425, pitch : 0.0016867354279384017, yaw : -0.128371924161911, altitude : 584.0899658203125, lat : -353632621, lng : 1491652374}
xyz LOCAL_POSITION_NED {time_boot_ms : 64074, x : -0.011267516762018204, y : 0.013212050311267376, z : 0.006491605658084154, vx : -0.014508599415421486, vy : 0.01677090860903263, vz : 0.00015984164201654494}
ahrs AHRS2 {roll : 0.0018898596754297614, pitch : 0.0016836683498695493, yaw : -0.12837150692939758, altitude : 584.0899658203125, lat : -353632621, lng : 1491652374}
xyz LOCAL_POSITION_NED {time_boot_ms : 64109, x : -0.0113998893648386, y : 0.01336245983839035, z : 0.006493295542895794, vx : -0.014601905830204487, vy : 0.016892198473215103, vz : 0.0001792822004063055}
ahrs AHRS2 {roll : 0.001888747327029705, pitch : 0.0016816965071484447, yaw : -0.12837448716163635, altitude : 584.0899658203125, lat : -353632621, lng : 1491652374}
xyz LOCAL_POSITION_NED {time_boot_ms : 64141, x : -0.011370401829481125, y : 0.013325396925210953, z : 0.006493877619504929, vx : -0.014570549130439758, vy : 0.016837473958730698, vz : 0.00017660189769230783}
ahrs AHRS2 {roll : 0.0018878825940191746, pitch : 0.001680028042756021, yaw : -0.1283740997314453, altitude : 584.0899658203125, lat : -353632621, lng : 1491652374}
xyz LOCAL_POSITION_NED {time_boot_ms : 64174, x : -0.01141236163675785, y : 0.013371224515140057, z : 0.006494754459708929, vx : -0.01460969541221857, vy : 0.016895215958356857, vz : 0.00018916187400463969}
ahrs AHRS2 {roll : 0.0018863490549847484, pitch : 0.001679725362919271, yaw : -0.1283750683069229, altitude : 584.0899658203125, lat : -353632621, lng : 1491652374}
xyz LOCAL_POSITION_NED {time_boot_ms : 64206, x : -0.011636374518275261, y : 0.013629903085529804, z : 0.0064974501729011536, vx : -0.014784927479922771, vy : 0.01710648089647293, vz : 0.00018655935127753764}
ahrs AHRS2 {roll : 0.0018844703445211053, pitch : 0.0016779713332653046, yaw : -0.12837658822536469, altitude : 584.0899658203125, lat : -353632621, lng : 1491652374}
xyz LOCAL_POSITION_NED {time_boot_ms : 64239, x : -0.011384186334908009, y : 0.013333680108189583, z : 0.006496045738458633, vx : -0.014608742669224739, vy : 0.01690702699124813, vz : 0.0001692424702923745}
ahrs AHRS2 {roll : 0.001883664634078741, pitch : 0.0016757923876866698, yaw : -0.1283748745918274, altitude : 584.0899658203125, lat : -353632621, lng : 1491652374}
xyz LOCAL_POSITION_NED {time_boot_ms : 64274, x : -0.011260862462222576, y : 0.013186265714466572, z : 0.006495519541203976, vx : -0.014569303020834923, vy : 0.016798850148916245, vz : 0.00016677629901096225}
ahrs AHRS2 {roll : 0.0018820292316377163, pitch : 0.001675264909863472, yaw : -0.12837550044059753, altitude : 584.0899658203125, lat : -353632621, lng : 1491652374}
xyz LOCAL_POSITION_NED {time_boot_ms : 64306, x : -0.011358512565493584, y : 0.013296375051140785, z : 0.0064963242039084435, vx : -0.014623907394707203, vy : 0.01688745990395546, vz : 0.00012768697342835367}
ahrs AHRS2 {roll : 0.0018841559067368507, pitch : 0.0016716766403988004, yaw : -0.12837763130664825, altitude : 584.0899658203125, lat : -353632621, lng : 1491652374}
xyz LOCAL_POSITION_NED {time_boot_ms : 64339, x : -0.011331611312925816, y : 0.013261852785944939, z : 0.006494966335594654, vx : -0.01461703609675169, vy : 0.01685599610209465, vz : 0.00012227128900121897}
ahrs AHRS2 {roll : 0.001882324111647904, pitch : 0.0016702063148841262, yaw : -0.12837530672550201, altitude : 584.0899658203125, lat : -353632621, lng : 1491652374}
xyz LOCAL_POSITION_NED {time_boot_ms : 64371, x : -0.011512381955981255, y : 0.013468779623508453, z : 0.00649555679410696, vx : -0.014721939340233803, vy : 0.016997871920466423, vz : 0.00012258553761057556}
ahrs AHRS2 {roll : 0.0018823874415829778, pitch : 0.0016711450880393386, yaw : -0.12837550044059753, altitude : 584.0899658203125, lat : -353632621, lng : 1491652374}
xyz LOCAL_POSITION_NED {time_boot_ms : 64404, x : -0.011588859371840954, y : 0.013555315323174, z : 0.006494768895208836, vx : -0.01477114949375391, vy : 0.017059776932001114, vz : 0.00016941253852564842}
ahrs AHRS2 {roll : 0.0018805913859978318, pitch : 0.0016693590441718698, yaw : -0.1283782720565796, altitude : 584.0899658203125, lat : -353632621, lng : 1491652374}
xyz LOCAL_POSITION_NED {time_boot_ms : 64439, x : -0.011374391615390778, y : 0.013303335756063461, z : 0.006493332330137491, vx : -0.014622249640524387, vy : 0.016906477510929108, vz : 0.00012767178122885525}
ahrs AHRS2 {roll : 0.001877121045254171, pitch : 0.0016699457773938775, yaw : -0.1283757984638214, altitude : 584.0899658203125, lat : -353632621, lng : 1491652374}
xyz LOCAL_POSITION_NED {time_boot_ms : 64471, x : -0.011428209021687508, y : 0.013363813981413841, z : 0.006493911147117615, vx : -0.014627072960138321, vy : 0.016945071518421173, vz : 0.00011873611947521567}
ahrs AHRS2 {roll : 0.0018759426893666387, pitch : 0.001669640769250691, yaw : -0.1283736526966095, altitude : 584.0899658203125, lat : -353632621, lng : 1491652374}
xyz LOCAL_POSITION_NED {time_boot_ms : 64504, x : -0.011310380883514881, y : 0.013226700946688652, z : 0.006491548381745815, vx : -0.01452766451984644, vy : 0.01685297302901745, vz : 0.00012052417878294364}
ahrs AHRS2 {roll : 0.0018744812114164233, pitch : 0.0016673372592777014, yaw : -0.12837274372577667, altitude : 584.0899658203125, lat : -353632621, lng : 1491652374}
xyz LOCAL_POSITION_NED {time_boot_ms : 64536, x : -0.011293213814496994, y : 0.013207296840846539, z : 0.006490055471658707, vx : -0.014527025632560253, vy : 0.01683957129716873, vz : 0.00011645049380604178}
ahrs AHRS2 {roll : 0.0018730327719822526, pitch : 0.0016654328210279346, yaw : -0.1283702850341797, altitude : 584.0899658203125, lat : -353632621, lng : 1491652374}
xyz LOCAL_POSITION_NED {time_boot_ms : 64569, x : -0.011459690518677235, y : 0.01340118795633316, z : 0.006490648724138737, vx : -0.014649948105216026, vy : 0.016994768753647804, vz : 0.00010268848564010113}
ahrs AHRS2 {roll : 0.0018724992405623198, pitch : 0.0016641226829960942, yaw : -0.12836967408657074, altitude : 584.0899658203125, lat : -353632621, lng : 1491652374}
xyz LOCAL_POSITION_NED {time_boot_ms : 64604, x : -0.011583534069359303, y : 0.01354607380926609, z : 0.006489443592727184, vx : -0.01473539974540472, vy : 0.017072301357984543, vz : 0.00012388540199026465}
ahrs AHRS2 {roll : 0.0018713870085775852, pitch : 0.001664693234488368, yaw : -0.128370001912117, altitude : 584.0899658203125, lat : -353632621, lng : 1491652374}
xyz LOCAL_POSITION_NED {time_boot_ms : 64636, x : -0.011345013976097107, y : 0.013266604393720627, z : 0.006487421691417694, vx : -0.014579311944544315, vy : 0.016889303922653198, vz : 0.0001173203854705207}
ahrs AHRS2 {roll : 0.0018688016571104527, pitch : 0.0016630777390673757, yaw : -0.12836773693561554, altitude : 584.0899658203125, lat : -353632621, lng : 1491652374}
xyz LOCAL_POSITION_NED {time_boot_ms : 64669, x : -0.0113745192065835, y : 0.01329899299889803, z : 0.0064873890951275826, vx : -0.014565976336598396, vy : 0.016893751919269562, vz : 0.0001062173250829801}
ahrs AHRS2 {roll : 0.001866225036792457, pitch : 0.0016601880779489875, yaw : -0.12836883962154388, altitude : 584.0899658203125, lat : -353632621, lng : 1491652374}
xyz LOCAL_POSITION_NED {time_boot_ms : 64701, x : -0.011281521990895271, y : 0.013189430348575115, z : 0.006485052406787872, vx : -0.014495651237666607, vy : 0.016795871779322624, vz : 9.46914660744369e-05}
ahrs AHRS2 {roll : 0.0018644847441464663, pitch : 0.0016596708446741104, yaw : -0.12836843729019165, altitude : 584.0899658203125, lat : -353632621, lng : 1491652374}
xyz LOCAL_POSITION_NED {time_boot_ms : 64734, x : -0.011399665847420692, y : 0.013325052335858345, z : 0.0064855278469622135, vx : -0.014579090289771557, vy : 0.016888244077563286, vz : 0.00012547921505756676}
ahrs AHRS2 {roll : 0.001862825476564467, pitch : 0.001659846748225391, yaw : -0.12836751341819763, altitude : 584.0899658203125, lat : -353632621, lng : 1491652374}
xyz LOCAL_POSITION_NED {time_boot_ms : 64769, x : -0.011456147767603397, y : 0.013388523831963539, z : 0.00648556649684906, vx : -0.014640150591731071, vy : 0.01693747192621231, vz : 0.0001077384440577589}
ahrs AHRS2 {roll : 0.0018613574793562293, pitch : 0.001656564767472446, yaw : -0.12836743891239166, altitude : 584.0899658203125, lat : -353632621, lng : 1491652374}
xyz LOCAL_POSITION_NED {time_boot_ms : 64801, x : -0.011555809527635574, y : 0.013502907939255238, z : 0.006484456360340118, vx : -0.014689511619508266, vy : 0.01700170524418354, vz : 9.732822945807129e-05}
ahrs AHRS2 {roll : 0.001859754091128707, pitch : 0.0016554273897781968, yaw : -0.12836936116218567, altitude : 584.0899658203125, lat : -353632621, lng : 1491652374}
xyz LOCAL_POSITION_NED {time_boot_ms : 64834, x : -0.01130840927362442, y : 0.01321258582174778, z : 0.006482173688709736, vx : -0.014528751373291016, vy : 0.0167909637093544, vz : 0.00012198403419461101}
ahrs AHRS2 {roll : 0.001859638374298811, pitch : 0.0016538596246391535, yaw : -0.1283678114414215, altitude : 584.0899658203125, lat : -353632621, lng : 1491652374}
xyz LOCAL_POSITION_NED {time_boot_ms : 64866, x : -0.011351085267961025, y : 0.013259727507829666, z : 0.006482119672000408, vx : -0.014562327414751053, vy : 0.016834013164043427, vz : 8.037436055019498e-05}
ahrs AHRS2 {roll : 0.0018613110296428204, pitch : 0.0016539165517315269, yaw : -0.12836894392967224, altitude : 584.0899658203125, lat : -353632621, lng : 1491652374}
xyz LOCAL_POSITION_NED {time_boot_ms : 64899, x : -0.011248483322560787, y : 0.013138375245034695, z : 0.006478925235569477, vx : -0.014510608278214931, vy : 0.016777412965893745, vz : 5.443088957690634e-05}
ahrs AHRS2 {roll : 0.0018600559560582042, pitch : 0.0016526541439816356, yaw : -0.12836840748786926, altitude : 584.0899658203125, lat : -353632621, lng : 1491652374}
xyz LOCAL_POSITION_NED {time_boot_ms : 64932, x : -0.01123658288270235, y : 0.013122989796102047, z : 0.00647604838013649, vx : -0.014497702941298485, vy : 0.01678837463259697, vz : 4.053959855809808e-05}
ahrs AHRS2 {roll : 0.00185816187877208, pitch : 0.0016523690428584814, yaw : -0.1283664107322693, altitude : 584.0899658203125, lat : -353632621, lng : 1491652374}
xyz LOCAL_POSITION_NED {time_boot_ms : 64967, x : -0.01145401131361723, y : 0.01337466575205326, z : 0.006474810652434826, vx : -0.01462806947529316, vy : 0.01696351356804371, vz : 4.797952715307474e-05}
ahrs AHRS2 {roll : 0.0018599943723529577, pitch : 0.001651934115216136, yaw : -0.1283658891916275, altitude : 584.0899658203125, lat : -353632621, lng : 1491652374}
xyz LOCAL_POSITION_NED {time_boot_ms : 64999, x : -0.011543680913746357, y : 0.013478689827024937, z : 0.006472204811871052, vx : -0.014716319739818573, vy : 0.017041459679603577, vz : 4.511862061917782e-05}
ahrs AHRS2 {roll : 0.0018602085765451193, pitch : 0.0016507336404174566, yaw : -0.12836667895317078, altitude : 584.0899658203125, lat : -353632621, lng : 1491652374}
xyz LOCAL_POSITION_NED {time_boot_ms : 65032, x : -0.011297592893242836, y : 0.013191558420658112, z : 0.006468440406024456, vx : -0.014538132585585117, vy : 0.01683681644499302, vz : 2.9164630177547224e-05}
ahrs AHRS2 {roll : 0.001858446397818625, pitch : 0.0016494902083650231, yaw : -0.12836596369743347, altitude : 584.0899658203125, lat : -353632621, lng : 1491652374}
xyz LOCAL_POSITION_NED {time_boot_ms : 65064, x : -0.0113416388630867, y : 0.013241395354270935, z : 0.006466398015618324, vx : -0.014581238850951195, vy : 0.01689746603369713, vz : 3.044435470656026e-05}
ahrs AHRS2 {roll : 0.0018577964510768652, pitch : 0.0016486996319144964, yaw : -0.12836618721485138, altitude : 584.0899658203125, lat : -353632621, lng : 1491652374}
xyz LOCAL_POSITION_NED {time_boot_ms : 65097, x : -0.011240469291806221, y : 0.013123576529324055, z : 0.0064631132408976555, vx : -0.014502488076686859, vy : 0.01684645563364029, vz : 3.7830413930350915e-05}
ahrs AHRS2 {roll : 0.0018571786349639297, pitch : 0.0016472404822707176, yaw : -0.12836606800556183, altitude : 584.0899658203125, lat : -353632621, lng : 1491652374}
xyz LOCAL_POSITION_NED {time_boot_ms : 65132, x : -0.011251305229961872, y : 0.013137035071849823, z : 0.006460035219788551, vx : -0.014513155445456505, vy : 0.0168598759919405, vz : 2.1164471036172472e-05}
ahrs AHRS2 {roll : 0.0018565154168754816, pitch : 0.0016451296396553516, yaw : -0.12836681306362152, altitude : 584.0899658203125, lat : -353632621, lng : 1491652374}
xyz LOCAL_POSITION_NED {time_boot_ms : 65164, x : -0.011431465856730938, y : 0.01334749162197113, z : 0.00645872950553894, vx : -0.01465471088886261, vy : 0.01702420972287655, vz : 3.6685974919237196e-05}
ahrs AHRS2 {roll : 0.0018569121602922678, pitch : 0.001643375144340098, yaw : -0.12836647033691406, altitude : 584.0899658203125, lat : -353632621, lng : 1491652374}
xyz LOCAL_POSITION_NED {time_boot_ms : 65197, x : -0.011520271189510822, y : 0.013452528975903988, z : 0.006456946954131126, vx : -0.014692635275423527, vy : 0.01710498332977295, vz : 4.945176624460146e-05}
ahrs AHRS2 {roll : 0.001855027861893177, pitch : 0.0016434681601822376, yaw : -0.1283656358718872, altitude : 584.0899658203125, lat : -353632621, lng : 1491652374}
xyz LOCAL_POSITION_NED {time_boot_ms : 65229, x : -0.011504494585096836, y : 0.013434781692922115, z : 0.0064556654542684555, vx : -0.01470246072858572, vy : 0.017114300280809402, vz : 4.213704596622847e-05}
ahrs AHRS2 {roll : 0.0018544663907960057, pitch : 0.0016429881798103452, yaw : -0.12836328148841858, altitude : 584.0899658203125, lat : -353632621, lng : 1491652374}
xyz LOCAL_POSITION_NED {time_boot_ms : 65262, x : -0.011307413689792156, y : 0.013206837698817253, z : 0.006453216075897217, vx : -0.014568791724741459, vy : 0.016981279477477074, vz : 3.48921021213755e-05}
ahrs AHRS2 {roll : 0.0018539276206865907, pitch : 0.0016433929558843374, yaw : -0.1283608376979828, altitude : 584.0899658203125, lat : -353632621, lng : 1491652374}
xyz LOCAL_POSITION_NED {time_boot_ms : 65297, x : -0.011243054643273354, y : 0.013133606873452663, z : 0.006450272165238857, vx : -0.014537952840328217, vy : 0.016938036307692528, vz : 1.6423524584752158e-06}
ahrs AHRS2 {roll : 0.0018537986325100064, pitch : 0.0016402867622673512, yaw : -0.12836259603500366, altitude : 584.0899658203125, lat : -353632621, lng : 1491652374}
xyz LOCAL_POSITION_NED {time_boot_ms : 65329, x : -0.011388557031750679, y : 0.013304606080055237, z : 0.006447695195674896, vx : -0.014616154134273529, vy : 0.017036302015185356, vz : -2.087153734464664e-05}
ahrs AHRS2 {roll : 0.0018532290123403072, pitch : 0.0016404774505645037, yaw : -0.1283620446920395, altitude : 584.0899658203125, lat : -353632621, lng : 1491652374}
xyz LOCAL_POSITION_NED {time_boot_ms : 65362, x : -0.01139866653829813, y : 0.013319569639861584, z : 0.006443845108151436, vx : -0.014591340906918049, vy : 0.017055772244930267, vz : -1.7340018530376256e-05}
ahrs AHRS2 {roll : 0.0018523776670917869, pitch : 0.0016399460146203637, yaw : -0.12836001813411713, altitude : 584.0899658203125, lat : -353632621, lng : 1491652374}
xyz LOCAL_POSITION_NED {time_boot_ms : 65394, x : -0.011498632840812206, y : 0.013440058566629887, z : 0.006440629251301289, vx : -0.014650106430053711, vy : 0.017126794904470444, vz : 4.937923677061917e-06}
ahrs AHRS2 {roll : 0.0018512032693251967, pitch : 0.0016389010706916451, yaw : -0.12836141884326935, altitude : 584.0899658203125, lat : -353632621, lng : 1491652374}
xyz LOCAL_POSITION_NED {time_boot_ms : 65427, x : -0.011468468233942986, y : 0.013407904654741287, z : 0.006438933778554201, vx : -0.014619242399930954, vy : 0.01711578667163849, vz : 8.35606078908313e-06}
ahrs AHRS2 {roll : 0.0018500578589737415, pitch : 0.0016394874546676874, yaw : -0.1283607929944992, altitude : 584.0899658203125, lat : -353632621, lng : 1491652374}
xyz LOCAL_POSITION_NED {time_boot_ms : 65462, x : -0.011317090131342411, y : 0.013235052116215229, z : 0.006436455994844437, vx : -0.014504646882414818, vy : 0.016983015462756157, vz : 1.6249136024271138e-05}
ahrs AHRS2 {roll : 0.0018484254833310843, pitch : 0.0016379277221858501, yaw : -0.12836040556430817, altitude : 584.0899658203125, lat : -353632621, lng : 1491652374}
xyz LOCAL_POSITION_NED {time_boot_ms : 65494, x : -0.011225218884646893, y : 0.013131887651979923, z : 0.006433602422475815, vx : -0.01443522609770298, vy : 0.016921821981668472, vz : -2.0950668840669096e-05}
ahrs AHRS2 {roll : 0.0018465232569724321, pitch : 0.0016380393644794822, yaw : -0.12836110591888428, altitude : 584.0899658203125, lat : -353632621, lng : 1491652374}
xyz LOCAL_POSITION_NED {time_boot_ms : 65527, x : -0.011343251913785934, y : 0.013273891992866993, z : 0.0064307949505746365, vx : -0.014516749419271946, vy : 0.01704554073512554, vz : -4.2876123188761994e-05}
ahrs AHRS2 {roll : 0.0018446780741214752, pitch : 0.0016374454135075212, yaw : -0.12835820019245148, altitude : 584.0899658203125, lat : -353632621, lng : 1491652374}
xyz LOCAL_POSITION_NED {time_boot_ms : 65559, x : -0.01137527171522379, y : 0.013317466713488102, z : 0.006427056156098843, vx : -0.014531219378113747, vy : 0.01710229553282261, vz : -4.100238220416941e-05}
ahrs AHRS2 {roll : 0.0018426525639370084, pitch : 0.001635143649764359, yaw : -0.1283567100763321, altitude : 584.0899658203125, lat : -353632621, lng : 1491652374}
xyz LOCAL_POSITION_NED {time_boot_ms : 65592, x : -0.011571919545531273, y : 0.013553027994930744, z : 0.006424702238291502, vx : -0.014657088555395603, vy : 0.017264658585190773, vz : -7.5032448876299895e-06}
ahrs AHRS2 {roll : 0.0018426260212436318, pitch : 0.0016339763533324003, yaw : -0.12835641205310822, altitude : 584.0899658203125, lat : -353632621, lng : 1491652374}
xyz LOCAL_POSITION_NED {time_boot_ms : 65627, x : -0.011467790231108665, y : 0.0134366350248456, z : 0.006422032602131367, vx : -0.01460187416523695, vy : 0.017165645956993103, vz : -9.029296052176505e-06}
ahrs AHRS2 {roll : 0.0018418891122564673, pitch : 0.0016305315075442195, yaw : -0.12835530936717987, altitude : 584.0899658203125, lat : -353632621, lng : 1491652374}
xyz LOCAL_POSITION_NED {time_boot_ms : 65659, x : -0.011294232681393623, y : 0.013238090090453625, z : 0.006420282647013664, vx : -0.014475187286734581, vy : 0.017032209783792496, vz : 1.192529725813074e-05}
ahrs AHRS2 {roll : 0.0018413622165098786, pitch : 0.0016285069286823273, yaw : -0.12835152447223663, altitude : 584.0899658203125, lat : -353632621, lng : 1491652374}
xyz LOCAL_POSITION_NED {time_boot_ms : 65692, x : -0.011193658225238323, y : 0.013124681077897549, z : 0.006418884731829166, vx : -0.014440213330090046, vy : 0.016968468204140663, vz : 3.1763382139615715e-05}
ahrs AHRS2 {roll : 0.0018414233345538378, pitch : 0.0016258374089375138, yaw : -0.12835073471069336, altitude : 584.0899658203125, lat : -353632621, lng : 1491652374}
xyz LOCAL_POSITION_NED {time_boot_ms : 65724, x : -0.011325983330607414, y : 0.013283153995871544, z : 0.006419024430215359, vx : -0.014522622339427471, vy : 0.01707860827445984, vz : 4.216307570459321e-05}
ahrs AHRS2 {roll : 0.0018415701342746615, pitch : 0.001626534154638648, yaw : -0.1283506602048874, altitude : 584.0899658203125, lat : -353632621, lng : 1491652374}
xyz LOCAL_POSITION_NED {time_boot_ms : 65757, x : -0.011348997242748737, y : 0.013314043171703815, z : 0.006418717093765736, vx : -0.014543481171131134, vy : 0.017092222347855568, vz : 3.546297739376314e-05}
ahrs AHRS2 {roll : 0.0018388234311714768, pitch : 0.0016250989865511656, yaw : -0.1283491849899292, altitude : 584.0899658203125, lat : -353632621, lng : 1491652374}
xyz LOCAL_POSITION_NED {time_boot_ms : 65792, x : -0.011474443599581718, y : 0.013464647345244884, z : 0.0064178467728197575, vx : -0.014620593748986721, vy : 0.017178991809487343, vz : 3.72452886949759e-05}
ahrs AHRS2 {roll : 0.001838858937844634, pitch : 0.0016259857220575213, yaw : -0.12834984064102173, altitude : 584.0899658203125, lat : -353632621, lng : 1491652374}
xyz LOCAL_POSITION_NED {time_boot_ms : 65824, x : -0.011458204127848148, y : 0.013448175974190235, z : 0.0064172446727752686, vx : -0.014581957831978798, vy : 0.017184577882289886, vz : 5.105353920953348e-05}
ahrs AHRS2 {roll : 0.0018368393648415804, pitch : 0.0016237646341323853, yaw : -0.1283460259437561, altitude : 584.0899658203125, lat : -353632621, lng : 1491652374}
xyz LOCAL_POSITION_NED {time_boot_ms : 65856, x : -0.011272167786955833, y : 0.013234092853963375, z : 0.006415971089154482, vx : -0.01444703247398138, vy : 0.017062243074178696, vz : 4.128807631786913e-05}
ahrs AHRS2 {roll : 0.0018378435634076595, pitch : 0.0016224391292780638, yaw : -0.1283445805311203, altitude : 584.0899658203125, lat : -353632621, lng : 1491652374}
xyz LOCAL_POSITION_NED {time_boot_ms : 65889, x : -0.011351623572409153, y : 0.013332066126167774, z : 0.006415804848074913, vx : -0.014500636607408524, vy : 0.017145367339253426, vz : 5.8800989791052416e-05}
ahrs AHRS2 {roll : 0.0018369433237239718, pitch : 0.0016198951052501798, yaw : -0.12834341824054718, altitude : 584.0899658203125, lat : -353632621, lng : 1491652374}
xyz LOCAL_POSITION_NED {time_boot_ms : 65924, x : -0.011336281895637512, y : 0.013320422731339931, z : 0.006415627431124449, vx : -0.014465057291090488, vy : 0.017153212800621986, vz : 7.810389797668904e-05}
ahrs AHRS2 {roll : 0.0018372290069237351, pitch : 0.0016205477295443416, yaw : -0.12834089994430542, altitude : 584.0899658203125, lat : -353632621, lng : 1491652374}
xyz LOCAL_POSITION_NED {time_boot_ms : 65956, x : -0.011356521397829056, y : 0.013351177796721458, z : 0.006416022777557373, vx : -0.01448305044323206, vy : 0.01716277189552784, vz : 7.505833491450176e-05}
ahrs AHRS2 {roll : 0.001837189425714314, pitch : 0.0016220812685787678, yaw : -0.12833760678768158, altitude : 584.0899658203125, lat : -353632621, lng : 1491652374}
xyz LOCAL_POSITION_NED {time_boot_ms : 65989, x : -0.01156508270651102, y : 0.01360238529741764, z : 0.006417291238903999, vx : -0.01462615467607975, vy : 0.0173467006534338, vz : 8.727292879484594e-05}
ahrs AHRS2 {roll : 0.001835901290178299, pitch : 0.0016239138785749674, yaw : -0.12833835184574127, altitude : 584.0899658203125, lat : -353632621, lng : 1491652374}
xyz LOCAL_POSITION_NED {time_boot_ms : 66021, x : -0.011425008997321129, y : 0.01344362460076809, z : 0.006416958756744862, vx : -0.014527720399200916, vy : 0.01724512316286564, vz : 9.127441444434226e-05}
ahrs AHRS2 {roll : 0.0018366171279922128, pitch : 0.0016230264445766807, yaw : -0.12833626568317413, altitude : 584.0899658203125, lat : -353632621, lng : 1491652374}
xyz LOCAL_POSITION_NED {time_boot_ms : 66054, x : -0.011237985454499722, y : 0.013229705393314362, z : 0.006417217664420605, vx : -0.014405390247702599, vy : 0.017101304605603218, vz : 0.00011527220340212807}
ahrs AHRS2 {roll : 0.0018356879008933902, pitch : 0.0016254268120974302, yaw : -0.1283344030380249, altitude : 584.0899658203125, lat : -353632621, lng : 1491652374}
xyz LOCAL_POSITION_NED {time_boot_ms : 66089, x : -0.01135263405740261, y : 0.013370631262660027, z : 0.006419214885681868, vx : -0.014471574686467648, vy : 0.0171916913241148, vz : 0.00010769242362584919}
ahrs AHRS2 {roll : 0.001836468349210918, pitch : 0.0016243397258222103, yaw : -0.1283346563577652, altitude : 584.0899658203125, lat : -353632621, lng : 1491652374}
xyz LOCAL_POSITION_NED {time_boot_ms : 66121, x : -0.011300796642899513, y : 0.013315219432115555, z : 0.00641993060708046, vx : -0.01446008961647749, vy : 0.017130613327026367, vz : 0.00011258577433181927}
ahrs AHRS2 {roll : 0.0018380334367975593, pitch : 0.001621204661205411, yaw : -0.12833206355571747, altitude : 584.0899658203125, lat : -353632621, lng : 1491652374}
xyz LOCAL_POSITION_NED {time_boot_ms : 66154, x : -0.01132173091173172, y : 0.013344330713152885, z : 0.0064208353869616985, vx : -0.014463379979133606, vy : 0.017144467681646347, vz : 0.00010448963439557701}
ahrs AHRS2 {roll : 0.0018378265667706728, pitch : 0.001621388248167932, yaw : -0.12832902371883392, altitude : 584.0899658203125, lat : -353632621, lng : 1491652374}
xyz LOCAL_POSITION_NED {time_boot_ms : 66186, x : -0.01152990385890007, y : 0.013593769632279873, z : 0.006422459147870541, vx : -0.01457960531115532, vy : 0.01729797199368477, vz : 8.712316048331559e-05}
ahrs AHRS2 {roll : 0.001837136340327561, pitch : 0.0016211967449635267, yaw : -0.12832874059677124, altitude : 584.0899658203125, lat : -353632621, lng : 1491652374}
xyz LOCAL_POSITION_NED {time_boot_ms : 66219, x : -0.011389349587261677, y : 0.013431995175778866, z : 0.0064215571619570255, vx : -0.014455650001764297, vy : 0.01716984435915947, vz : 8.093933138297871e-05}
ahrs AHRS2 {roll : 0.001835996168665588, pitch : 0.0016221771948039532, yaw : -0.1283283531665802, altitude : 584.0899658203125, lat : -353632621, lng : 1491652374}
xyz LOCAL_POSITION_NED {time_boot_ms : 66254, x : -0.011237374506890774, y : 0.013256534934043884, z : 0.0064208609983325005, vx : -0.014367833733558655, vy : 0.017059898003935814, vz : 9.381226118421182e-05}
ahrs AHRS2 {roll : 0.0018360803369432688, pitch : 0.0016231425106525421, yaw : -0.12832538783550262, altitude : 584.0899658203125, lat : -353632621, lng : 1491652374}
xyz LOCAL_POSITION_NED {time_boot_ms : 66286, x : -0.011315738782286644, y : 0.01335175335407257, z : 0.006420972291380167, vx : -0.014452246949076653, vy : 0.017110135406255722, vz : 6.87925930833444e-05}
ahrs AHRS2 {roll : 0.0018353945342823863, pitch : 0.0016219951212406158, yaw : -0.12832345068454742, altitude : 584.0899658203125, lat : -353632621, lng : 1491652374}
xyz LOCAL_POSITION_NED {time_boot_ms : 66319, x : -0.01126417238265276, y : 0.013292833231389523, z : 0.006419987417757511, vx : -0.014421491883695126, vy : 0.01705736666917801, vz : 8.863754192134365e-05}
ahrs AHRS2 {roll : 0.001833657966926694, pitch : 0.0016211882466450334, yaw : -0.12832018733024597, altitude : 584.0899658203125, lat : -353632621, lng : 1491652374}
xyz LOCAL_POSITION_NED {time_boot_ms : 66351, x : -0.011427618563175201, y : 0.013486746698617935, z : 0.006420754827558994, vx : -0.014546733349561691, vy : 0.017203308641910553, vz : 9.516123100183904e-05}
ahrs AHRS2 {roll : 0.001832972397096455, pitch : 0.001620270311832428, yaw : -0.12831811606884003, altitude : 584.0899658203125, lat : -353632621, lng : 1491652374}
xyz LOCAL_POSITION_NED {time_boot_ms : 66384, x : -0.011494070291519165, y : 0.013567155227065086, z : 0.006421389523893595, vx : -0.014584735967218876, vy : 0.017292795702815056, vz : 0.00012172006972832605}
ahrs AHRS2 {roll : 0.0018324299016967416, pitch : 0.0016195103526115417, yaw : -0.12831640243530273, altitude : 584.0899658203125, lat : -353632621, lng : 1491652374}
xyz LOCAL_POSITION_NED {time_boot_ms : 66419, x : -0.01139120850712061, y : 0.013448430225253105, z : 0.006421505473554134, vx : -0.014506014995276928, vy : 0.017206808552145958, vz : 0.00011667306534945965}
ahrs AHRS2 {roll : 0.0018344863783568144, pitch : 0.0016194113995879889, yaw : -0.12831687927246094, altitude : 584.0899658203125, lat : -353632621, lng : 1491652374}
xyz LOCAL_POSITION_NED {time_boot_ms : 66451, x : -0.011413859203457832, y : 0.01347794383764267, z : 0.006423045881092548, vx : -0.014546668156981468, vy : 0.017245708033442497, vz : 0.00012625352246686816}
ahrs AHRS2 {roll : 0.001836382900364697, pitch : 0.0016178273363038898, yaw : -0.12831659615039825, altitude : 584.0899658203125, lat : -353632621, lng : 1491652374}
xyz LOCAL_POSITION_NED {time_boot_ms : 66484, x : -0.011272904463112354, y : 0.013313526287674904, z : 0.00642315112054348, vx : -0.01446156483143568, vy : 0.017128251492977142, vz : 8.948313916334882e-05}
ahrs AHRS2 {roll : 0.0018365361029282212, pitch : 0.00161693524569273, yaw : -0.12831635773181915, altitude : 584.0899658203125, lat : -353632621, lng : 1491652374}
xyz LOCAL_POSITION_NED {time_boot_ms : 66516, x : -0.011235656216740608, y : 0.013270935975015163, z : 0.006422944366931915, vx : -0.014472393319010735, vy : 0.017106033861637115, vz : 9.256940393242985e-05}
ahrs AHRS2 {roll : 0.0018385021248832345, pitch : 0.0016169596929103136, yaw : -0.12831708788871765, altitude : 584.0899658203125, lat : -353632621, lng : 1491652374}
xyz LOCAL_POSITION_NED {time_boot_ms : 66549, x : -0.011389047838747501, y : 0.013452783226966858, z : 0.006424105726182461, vx : -0.014568008482456207, vy : 0.017223207280039787, vz : 9.114752901950851e-05}
ahrs AHRS2 {roll : 0.0018390425248071551, pitch : 0.0016160801751539111, yaw : -0.1283143162727356, altitude : 584.0899658203125, lat : -353632621, lng : 1491652374}
xyz LOCAL_POSITION_NED {time_boot_ms : 66584, x : -0.011494709178805351, y : 0.013578441925346851, z : 0.006424108520150185, vx : -0.014656055718660355, vy : 0.01733933389186859, vz : 8.162103040376678e-05}
ahrs AHRS2 {roll : 0.0018377722008153796, pitch : 0.0016150441952049732, yaw : -0.12831175327301025, altitude : 584.0899658203125, lat : -353632621, lng : 1491652374}
xyz LOCAL_POSITION_NED {time_boot_ms : 66616, x : -0.011370131745934486, y : 0.013432425446808338, z : 0.006423134356737137, vx : -0.014564186334609985, vy : 0.017238780856132507, vz : 7.775625999784097e-05}
ahrs AHRS2 {roll : 0.001838725176639855, pitch : 0.0016123419627547264, yaw : -0.12831038236618042, altitude : 584.0899658203125, lat : -353632621, lng : 1491652374}
xyz LOCAL_POSITION_NED {time_boot_ms : 66649, x : -0.01138247549533844, y : 0.013449421152472496, z : 0.0064225951209664345, vx : -0.014544271863996983, vy : 0.017291832715272903, vz : 5.721378329326399e-05}
ahrs AHRS2 {roll : 0.0018390227342024446, pitch : 0.0016129850409924984, yaw : -0.12830838561058044, altitude : 584.0899658203125, lat : -353632621, lng : 1491652374}
xyz LOCAL_POSITION_NED {time_boot_ms : 66681, x : -0.011265709064900875, y : 0.01331623550504446, z : 0.006420540623366833, vx : -0.01445644162595272, vy : 0.017227649688720703, vz : 3.984446811955422e-05}
ahrs AHRS2 {roll : 0.0018390542827546597, pitch : 0.0016132155433297157, yaw : -0.12830698490142822, altitude : 584.0899658203125, lat : -353632621, lng : 1491652374}
xyz LOCAL_POSITION_NED {time_boot_ms : 66714, x : -0.011368642561137676, y : 0.013442830182611942, z : 0.006419227458536625, vx : -0.014512703754007816, vy : 0.017304502427577972, vz : 3.345395452925004e-05}
ahrs AHRS2 {roll : 0.0018373251659795642, pitch : 0.001611888874322176, yaw : -0.1283065229654312, altitude : 584.0899658203125, lat : -353632621, lng : 1491652374}
xyz LOCAL_POSITION_NED {time_boot_ms : 66749, x : -0.01140295248478651, y : 0.01348943542689085, z : 0.006417391821742058, vx : -0.014534184709191322, vy : 0.017341069877147675, vz : 5.299871554598212e-05}
ahrs AHRS2 {roll : 0.0018382674315944314, pitch : 0.0016111064469441772, yaw : -0.1283036768436432, altitude : 584.0899658203125, lat : -353632621, lng : 1491652374}
xyz LOCAL_POSITION_NED {time_boot_ms : 66781, x : -0.011482714675366879, y : 0.013588855974376202, z : 0.0064167361706495285, vx : -0.014615628868341446, vy : 0.017407609149813652, vz : 8.324262307723984e-05}
ahrs AHRS2 {roll : 0.001838299329392612, pitch : 0.001611573388800025, yaw : -0.12830206751823425, altitude : 584.0899658203125, lat : -353632621, lng : 1491652374}
xyz LOCAL_POSITION_NED {time_boot_ms : 66814, x : -0.01157296635210514, y : 0.013699162751436234, z : 0.006417072843760252, vx : -0.014667652547359467, vy : 0.017457356676459312, vz : 8.600145520176739e-05}
ahrs AHRS2 {roll : 0.001835870323702693, pitch : 0.0016100879292935133, yaw : -0.12830249965190887, altitude : 584.0899658203125, lat : -353632621, lng : 1491652374}
xyz LOCAL_POSITION_NED {time_boot_ms : 66846, x : -0.011367913335561752, y : 0.013459785841405392, z : 0.006416514981538057, vx : -0.014540630392730236, vy : 0.017313756048679352, vz : 6.902568566147238e-05}
ahrs AHRS2 {roll : 0.0018351094331592321, pitch : 0.001610295381397009, yaw : -0.12829872965812683, altitude : 584.0899658203125, lat : -353632621, lng : 1491652374}
xyz LOCAL_POSITION_NED {time_boot_ms : 66879, x : -0.011227574199438095, y : 0.013296292163431644, z : 0.0064155831933021545, vx : -0.014448504894971848, vy : 0.017191419377923012, vz : 6.940057937754318e-05}
ahrs AHRS2 {roll : 0.0018352398183196783, pitch : 0.0016109042335301638, yaw : -0.12829525768756866, altitude : 584.0899658203125, lat : -353632621, lng : 1491652374}
xyz LOCAL_POSITION_NED {time_boot_ms : 66914, x : -0.011390763334929943, y : 0.013492929749190807, z : 0.006416003219783306, vx : -0.014546796679496765, vy : 0.017311839386820793, vz : 6.274347106227651e-05}
ahrs AHRS2 {roll : 0.0018356125801801682, pitch : 0.0016110687283799052, yaw : -0.12829625606536865, altitude : 584.0899658203125, lat : -353632621, lng : 1491652374}
xyz LOCAL_POSITION_NED {time_boot_ms : 66946, x : -0.011389142833650112, y : 0.013493015430867672, z : 0.006415229756385088, vx : -0.01453375443816185, vy : 0.017283950001001358, vz : 5.3592491894960403e-05}
ahrs AHRS2 {roll : 0.00183436693623662, pitch : 0.0016116611659526825, yaw : -0.1282934695482254, altitude : 584.0899658203125, lat : -353632621, lng : 1491652374}
xyz LOCAL_POSITION_NED {time_boot_ms : 66979, x : -0.011456144973635674, y : 0.013574548996984959, z : 0.006414180621504784, vx : -0.014574497938156128, vy : 0.01734609156847, vz : 5.448094816529192e-05}
ahrs AHRS2 {roll : 0.0018331740284338593, pitch : 0.001610067905858159, yaw : -0.1282930225133896, altitude : 584.0899658203125, lat : -353632621, lng : 1491652374}
xyz LOCAL_POSITION_NED {time_boot_ms : 67012, x : -0.011570200324058533, y : 0.01371214259415865, z : 0.0064145298674702644, vx : -0.014641879126429558, vy : 0.017429480329155922, vz : 9.0715431724675e-05}
ahrs AHRS2 {roll : 0.001833147369325161, pitch : 0.0016099857166409492, yaw : -0.12829338014125824, altitude : 584.0899658203125, lat : -353632621, lng : 1491652374}
xyz LOCAL_POSITION_NED {time_boot_ms : 67044, x : -0.011353290639817715, y : 0.013457313179969788, z : 0.006414414383471012, vx : -0.014498308300971985, vy : 0.017262207344174385, vz : 9.11079187062569e-05}
ahrs AHRS2 {roll : 0.0018341713584959507, pitch : 0.0016105937538668513, yaw : -0.1282912790775299, altitude : 584.0899658203125, lat : -353632621, lng : 1491652374}
xyz LOCAL_POSITION_NED {time_boot_ms : 67077, x : -0.011223854497075081, y : 0.013306155800819397, z : 0.0064141834154725075, vx : -0.014403636567294598, vy : 0.01716790534555912, vz : 8.84701221366413e-05}
ahrs AHRS2 {roll : 0.0018331169849261642, pitch : 0.0016089986311271787, yaw : -0.12829041481018066, altitude : 584.0899658203125, lat : -353632621, lng : 1491652374}
xyz LOCAL_POSITION_NED {time_boot_ms : 67112, x : -0.011373945511877537, y : 0.013487102463841438, z : 0.006415713578462601, vx : -0.014467594213783741, vy : 0.017278028652071953, vz : 0.00011048196029150859}
ahrs AHRS2 {roll : 0.001832309877499938, pitch : 0.0016075714956969023, yaw : -0.1282901167869568, altitude : 584.0899658203125, lat : -353632621, lng : 1491652374}
xyz LOCAL_POSITION_NED {time_boot_ms : 67144, x : -0.011370780877768993, y : 0.013487040996551514, z : 0.006417025811970234, vx : -0.014475666917860508, vy : 0.017269562929868698, vz : 0.0001255345850950107}
ahrs AHRS2 {roll : 0.0018329995218664408, pitch : 0.0016085546230897307, yaw : -0.12828576564788818, altitude : 584.0899658203125, lat : -353632621, lng : 1491652374}
xyz LOCAL_POSITION_NED {time_boot_ms : 67177, x : -0.011436537839472294, y : 0.013567794114351273, z : 0.0064180814661085606, vx : -0.014508278109133244, vy : 0.0173348281532526, vz : 0.00011571290087886155}
ahrs AHRS2 {roll : 0.0018338515656068921, pitch : 0.0016086504328995943, yaw : -0.1282835602760315, altitude : 584.0899658203125, lat : -353632621, lng : 1491652374}
xyz LOCAL_POSITION_NED {time_boot_ms : 67209, x : -0.011536523699760437, y : 0.01369052566587925, z : 0.006418997887521982, vx : -0.014572841115295887, vy : 0.01742136850953102, vz : 7.901296339696273e-05}
ahrs AHRS2 {roll : 0.0018338941736146808, pitch : 0.001610750099644065, yaw : -0.12828189134597778, altitude : 584.0899658203125, lat : -353632621, lng : 1491652374}
xyz LOCAL_POSITION_NED {time_boot_ms : 67242, x : -0.011318124830722809, y : 0.013435808941721916, z : 0.006417394615709782, vx : -0.014408201910555363, vy : 0.017261963337659836, vz : 6.483624747488648e-05}
ahrs AHRS2 {roll : 0.0018324655247852206, pitch : 0.0016124615212902427, yaw : -0.1282774806022644, altitude : 584.0899658203125, lat : -353632621, lng : 1491652374}
xyz LOCAL_POSITION_NED {time_boot_ms : 67277, x : -0.011222700588405132, y : 0.013327863067388535, z : 0.006416004151105881, vx : -0.014352387748658657, vy : 0.01719490997493267, vz : 8.20081404526718e-05}
ahrs AHRS2 {roll : 0.0018332288600504398, pitch : 0.0016141373198479414, yaw : -0.12827391922473907, altitude : 584.0899658203125, lat : -353632621, lng : 1491652374}
xyz LOCAL_POSITION_NED {time_boot_ms : 67309, x : -0.011335066519677639, y : 0.013466141186654568, z : 0.006416166201233864, vx : -0.014424159191548824, vy : 0.017267275601625443, vz : 7.945108518470079e-05}
ahrs AHRS2 {roll : 0.0018340711249038577, pitch : 0.0016156379133462906, yaw : -0.12827357649803162, altitude : 584.0899658203125, lat : -353632621, lng : 1491652374}
xyz LOCAL_POSITION_NED {time_boot_ms : 67342, x : -0.011319358833134174, y : 0.013452019542455673, z : 0.0064157224260270596, vx : -0.014409607276320457, vy : 0.017266178503632545, vz : 8.279476605821401e-05}
ahrs AHRS2 {roll : 0.0018348147859796882, pitch : 0.0016159294173121452, yaw : -0.12826886773109436, altitude : 584.0899658203125, lat : -353632621, lng : 1491652374}
xyz LOCAL_POSITION_NED {time_boot_ms : 67374, x : -0.011524515226483345, y : 0.013699736446142197, z : 0.006416440010070801, vx : -0.014566544443368912, vy : 0.01739698462188244, vz : 7.254822412505746e-05}
ahrs AHRS2 {roll : 0.0018365749856457114, pitch : 0.0016172141768038273, yaw : -0.1282670795917511, altitude : 584.0899658203125, lat : -353632621, lng : 1491652374}
xyz LOCAL_POSITION_NED {time_boot_ms : 67407, x : -0.011484303511679173, y : 0.013654666021466255, z : 0.006414898671209812, vx : -0.014546063728630543, vy : 0.017361797392368317, vz : 7.487764378311113e-05}
ahrs AHRS2 {roll : 0.0018351449398323894, pitch : 0.0016200236277654767, yaw : -0.12826678156852722, altitude : 584.0899658203125, lat : -353632621, lng : 1491652374}
xyz LOCAL_POSITION_NED {time_boot_ms : 67442, x : -0.011303197592496872, y : 0.013441179879009724, z : 0.006413874216377735, vx : -0.014411418698728085, vy : 0.017234928905963898, vz : 8.229922968894243e-05}
ahrs AHRS2 {roll : 0.0018357662484049797, pitch : 0.001620398717932403, yaw : -0.1282663196325302, altitude : 584.0899658203125, lat : -353632621, lng : 1491652374}
xyz LOCAL_POSITION_NED {time_boot_ms : 67474, x : -0.011375169269740582, y : 0.013529394753277302, z : 0.006414726376533508, vx : -0.014469001442193985, vy : 0.017277931794524193, vz : 0.00010251134517602623}
ahrs AHRS2 {roll : 0.0018375575309619308, pitch : 0.0016213450580835342, yaw : -0.1282646507024765, altitude : 584.0899658203125, lat : -353632621, lng : 1491652374}
xyz LOCAL_POSITION_NED {time_boot_ms : 67507, x : -0.011286092922091484, y : 0.01342526450753212, z : 0.006413949653506279, vx : -0.014417877420783043, vy : 0.017216583713889122, vz : 8.079674444161355e-05}
ahrs AHRS2 {roll : 0.001838591182604432, pitch : 0.001620860188268125, yaw : -0.12826552987098694, altitude : 584.0899658203125, lat : -353632621, lng : 1491652374}
xyz LOCAL_POSITION_NED {time_boot_ms : 67539, x : -0.01129506342113018, y : 0.013438117690384388, z : 0.006413495168089867, vx : -0.014424304477870464, vy : 0.01724298857152462, vz : 7.754695252515376e-05}
ahrs AHRS2 {roll : 0.0018395016668364406, pitch : 0.0016214459901675582, yaw : -0.12826324999332428, altitude : 584.0899658203125, lat : -353632621, lng : 1491652374}
xyz LOCAL_POSITION_NED {time_boot_ms : 67572, x : -0.01147665735334158, y : 0.01365623902529478, z : 0.0064139822497963905, vx : -0.014553584158420563, vy : 0.01737574301660061, vz : 7.526577246608213e-05}
ahrs AHRS2 {roll : 0.0018395022489130497, pitch : 0.0016225269064307213, yaw : -0.12826158106327057, altitude : 584.0899658203125, lat : -353632621, lng : 1491652374}
xyz LOCAL_POSITION_NED {time_boot_ms : 67607, x : -0.0114855095744133, y : 0.013668577186763287, z : 0.0064131952822208405, vx : -0.014548082835972309, vy : 0.017361005768179893, vz : 7.544816617155448e-05}
ahrs AHRS2 {roll : 0.001842048834078014, pitch : 0.0016251496272161603, yaw : -0.1282629519701004, altitude : 584.0899658203125, lat : -353632621, lng : 1491652374}
xyz LOCAL_POSITION_NED {time_boot_ms : 67639, x : -0.011280212551355362, y : 0.013425381854176521, z : 0.0064120301976799965, vx : -0.014420198276638985, vy : 0.017180144786834717, vz : 8.469114982290193e-05}
ahrs AHRS2 {roll : 0.0018450943753123283, pitch : 0.0016235311049968004, yaw : -0.12825827300548553, altitude : 584.0899658203125, lat : -353632621, lng : 1491652374}
xyz LOCAL_POSITION_NED {time_boot_ms : 67672, x : -0.011328683234751225, y : 0.013483637012541294, z : 0.006412532180547714, vx : -0.014455022290349007, vy : 0.017217347398400307, vz : 7.988330617081374e-05}
ahrs AHRS2 {roll : 0.0018457111436873674, pitch : 0.0016249383334070444, yaw : -0.1282578855752945, altitude : 584.0899658203125, lat : -353632621, lng : 1491652374}
xyz LOCAL_POSITION_NED {time_boot_ms : 67704, x : -0.011264116503298283, y : 0.01340765692293644, z : 0.0064116669818758965, vx : -0.01438175980001688, vy : 0.01719309389591217, vz : 9.673376189311966e-05}
ahrs AHRS2 {roll : 0.0018466344336047769, pitch : 0.0016252152854576707, yaw : -0.12825730443000793, altitude : 584.0899658203125, lat : -353632621, lng : 1491652374}
xyz LOCAL_POSITION_NED {time_boot_ms : 67737, x : -0.011410053819417953, y : 0.013583329506218433, z : 0.0064124902710318565, vx : -0.014474481344223022, vy : 0.017293980345129967, vz : 8.990492642624304e-05}
ahrs AHRS2 {roll : 0.0018486246699467301, pitch : 0.0016261665150523186, yaw : -0.12825357913970947, altitude : 584.0899658203125, lat : -353632621, lng : 1491652374}
xyz LOCAL_POSITION_NED {time_boot_ms : 67772, x : -0.01148916780948639, y : 0.013679340481758118, z : 0.006412993650883436, vx : -0.01454119198024273, vy : 0.017349306493997574, vz : 9.629032138036564e-05}
ahrs AHRS2 {roll : 0.0018490488873794675, pitch : 0.0016267532482743263, yaw : -0.12825073301792145, altitude : 584.0899658203125, lat : -353632621, lng : 1491652374}
xyz LOCAL_POSITION_NED {time_boot_ms : 67804, x : -0.011460552923381329, y : 0.013647159561514854, z : 0.006412622984498739, vx : -0.014507354237139225, vy : 0.017364924773573875, vz : 0.00010667744209058583}
ahrs AHRS2 {roll : 0.0018496341072022915, pitch : 0.0016286206664517522, yaw : -0.12825074791908264, altitude : 584.0899658203125, lat : -353632621, lng : 1491652374}
xyz LOCAL_POSITION_NED {time_boot_ms : 67837, x : -0.011461390182375908, y : 0.01365135982632637, z : 0.006413285154849291, vx : -0.014505153521895409, vy : 0.017379017546772957, vz : 0.00010724426101660356}
ahrs AHRS2 {roll : 0.0018513333052396774, pitch : 0.0016269052866846323, yaw : -0.12824755907058716, altitude : 584.0899658203125, lat : -353632621, lng : 1491652374}
xyz LOCAL_POSITION_NED {time_boot_ms : 67869, x : -0.01130161713808775, y : 0.013463943265378475, z : 0.0064131286926567554, vx : -0.014409279450774193, vy : 0.017225082963705063, vz : 0.00010253196523990482}
ahrs AHRS2 {roll : 0.0018517172429710627, pitch : 0.001628683996386826, yaw : -0.12824539840221405, altitude : 584.0899658203125, lat : -353632621, lng : 1491652374}
xyz LOCAL_POSITION_NED {time_boot_ms : 67904, x : -0.011260813102126122, y : 0.013416221365332603, z : 0.0064130183309316635, vx : -0.014422094449400902, vy : 0.017176829278469086, vz : 0.00010453699360368773}
ahrs AHRS2 {roll : 0.0018525106133893132, pitch : 0.0016300727147608995, yaw : -0.12824368476867676, altitude : 584.0899658203125, lat : -353632621, lng : 1491652374}
xyz LOCAL_POSITION_NED {time_boot_ms : 67936, x : -0.011408839374780655, y : 0.01359231024980545, z : 0.006413825321942568, vx : -0.01454582717269659, vy : 0.01732458360493183, vz : 8.433053153567016e-05}
ahrs AHRS2 {roll : 0.001854768954217434, pitch : 0.0016277743270620704, yaw : -0.1282399445772171, altitude : 584.0899658203125, lat : -353632621, lng : 1491652374}
xyz LOCAL_POSITION_NED {time_boot_ms : 67969, x : -0.01145455427467823, y : 0.013646700419485569, z : 0.006413205526769161, vx : -0.0145832234993577, vy : 0.01737374998629093, vz : 6.955335265956819e-05}
ahrs AHRS2 {roll : 0.0018573285778984427, pitch : 0.0016294799279421568, yaw : -0.12823955714702606, altitude : 584.0899658203125, lat : -353632621, lng : 1491652374}
xyz LOCAL_POSITION_NED {time_boot_ms : 68001, x : -0.01142882276326418, y : 0.013615712523460388, z : 0.006411510985344648, vx : -0.014566171914339066, vy : 0.01734747923910618, vz : 5.105316813569516e-05}
ahrs AHRS2 {roll : 0.001858177362009883, pitch : 0.0016300852876156569, yaw : -0.1282390058040619, altitude : 584.0899658203125, lat : -353632621, lng : 1491652374}
xyz LOCAL_POSITION_NED {time_boot_ms : 68034, x : -0.011432374827563763, y : 0.013619582168757915, z : 0.006409791298210621, vx : -0.014578810892999172, vy : 0.017342837527394295, vz : 2.9146018277970143e-05}
ahrs AHRS2 {roll : 0.001858295639976859, pitch : 0.0016283438308164477, yaw : -0.12823757529258728, altitude : 584.0899658203125, lat : -353632621, lng : 1491652374}
xyz LOCAL_POSITION_NED {time_boot_ms : 68069, x : -0.0113117266446352, y : 0.013475507497787476, z : 0.0064072879031300545, vx : -0.014516794122755527, vy : 0.017248518764972687, vz : 3.927906436729245e-05}
ahrs AHRS2 {roll : 0.001858984585851431, pitch : 0.0016271141357719898, yaw : -0.12823529541492462, altitude : 584.0899658203125, lat : -353632621, lng : 1491652374}
xyz LOCAL_POSITION_NED {time_boot_ms : 68101, x : -0.011237134225666523, y : 0.0133857112377882, z : 0.006405176594853401, vx : -0.014449830166995525, vy : 0.01719290018081665, vz : 6.328961899271235e-05}
ahrs AHRS2 {roll : 0.0018589530372992158, pitch : 0.0016256984090432525, yaw : -0.12823589146137238, altitude : 584.0899658203125, lat : -353632621, lng : 1491652374}
xyz LOCAL_POSITION_NED {time_boot_ms : 68134, x : -0.0113856615498662, y : 0.013562450185418129, z : 0.006405002437531948, vx : -0.014536966569721699, vy : 0.017304236069321632, vz : 6.066252899472602e-05}
ahrs AHRS2 {roll : 0.001859607407823205, pitch : 0.0016264845617115498, yaw : -0.1282307207584381, altitude : 584.0899658203125, lat : -353632621, lng : 1491652374}
xyz LOCAL_POSITION_NED {time_boot_ms : 68166, x : -0.011431091465055943, y : 0.013616703450679779, z : 0.006403691601008177, vx : -0.014545796439051628, vy : 0.017359541729092598, vz : 5.0934599130414426e-05}
ahrs AHRS2 {roll : 0.0018593730637803674, pitch : 0.001628904021345079, yaw : -0.12823008000850677, altitude : 584.0899658203125, lat : -353632621, lng : 1491652374}
xyz LOCAL_POSITION_NED {time_boot_ms : 68199, x : -0.011656101793050766, y : 0.0138864666223526, z : 0.006403381936252117, vx : -0.014691167511045933, vy : 0.017571842297911644, vz : 4.1373852582182735e-05}
ahrs AHRS2 {roll : 0.0018610728438943624, pitch : 0.0016296782996505499, yaw : -0.12823006510734558, altitude : 584.0899658203125, lat : -353632621, lng : 1491652374}
xyz LOCAL_POSITION_NED {time_boot_ms : 68234, x : -0.011442000977694988, y : 0.013634493574500084, z : 0.0064009795896708965, vx : -0.01453477144241333, vy : 0.017361072823405266, vz : 4.1957257053582e-05}
ahrs AHRS2 {roll : 0.0018631714629009366, pitch : 0.001631193095818162, yaw : -0.12822724878787994, altitude : 584.0899658203125, lat : -353632621, lng : 1491652374}
xyz LOCAL_POSITION_NED {time_boot_ms : 68266, x : -0.011282694526016712, y : 0.013446945697069168, z : 0.006398893892765045, vx : -0.01444287784397602, vy : 0.017235437408089638, vz : 3.553235364961438e-05}
ahrs AHRS2 {roll : 0.0018641779897734523, pitch : 0.0016318859998136759, yaw : -0.1282244324684143, altitude : 584.0899658203125, lat : -353632621, lng : 1491652374}
xyz LOCAL_POSITION_NED {time_boot_ms : 68299, x : -0.01137967687100172, y : 0.013563428074121475, z : 0.006398080848157406, vx : -0.014512266032397747, vy : 0.017298724502325058, vz : 4.6930628741392866e-05}
ahrs AHRS2 {roll : 0.0018640457419678569, pitch : 0.0016324283787980676, yaw : -0.12822231650352478, altitude : 584.0899658203125, lat : -353632621, lng : 1491652374}
xyz LOCAL_POSITION_NED {time_boot_ms : 68331, x : -0.011352922767400742, y : 0.013533043675124645, z : 0.006396516226232052, vx : -0.014477793127298355, vy : 0.01729884184896946, vz : 5.4799907957203686e-05}
ahrs AHRS2 {roll : 0.0018620131304487586, pitch : 0.0016342643648386002, yaw : -0.1282196342945099, altitude : 584.0899658203125, lat : -353632621, lng : 1491652374}
xyz LOCAL_POSITION_NED {time_boot_ms : 68364, x : -0.011396687477827072, y : 0.013587002642452717, z : 0.006395560223609209, vx : -0.01451216172426939, vy : 0.017331279814243317, vz : 5.307528772391379e-05}
ahrs AHRS2 {roll : 0.0018626282690092921, pitch : 0.0016327600460499525, yaw : -0.12821538746356964, altitude : 584.0899658203125, lat : -353632621, lng : 1491652374}
xyz LOCAL_POSITION_NED {time_boot_ms : 68399, x : -0.011657051742076874, y : 0.013899088837206364, z : 0.0063952794298529625, vx : -0.014675863087177277, vy : 0.01753244549036026, vz : 2.4748007490416057e-05}
ahrs AHRS2 {roll : 0.0018645093077793717, pitch : 0.0016345166368409991, yaw : -0.12821362912654877, altitude : 584.0899658203125, lat : -353632621, lng : 1491652374}
xyz LOCAL_POSITION_NED {time_boot_ms : 68431, x : -0.011405948549509048, y : 0.013602687045931816, z : 0.006393252871930599, vx : -0.014506911858916283, vy : 0.017339671030640602, vz : 3.7339574191719294e-05}
ahrs AHRS2 {roll : 0.0018651288701221347, pitch : 0.0016356289852410555, yaw : -0.1282092183828354, altitude : 584.0899658203125, lat : -353632621, lng : 1491652374}
xyz LOCAL_POSITION_NED {time_boot_ms : 68464, x : -0.011246717534959316, y : 0.013415043242275715, z : 0.006391742266714573, vx : -0.01441277377307415, vy : 0.01721293292939663, vz : 3.256510171922855e-05}
ahrs AHRS2 {roll : 0.0018666947726160288, pitch : 0.0016359295696020126, yaw : -0.128208190202713, altitude : 584.0899658203125, lat : -353632621, lng : 1491652374}
xyz LOCAL_POSITION_NED {time_boot_ms : 68496, x : -0.01134295854717493, y : 0.013532309792935848, z : 0.006391021888703108, vx : -0.014480408281087875, vy : 0.01731625571846962, vz : 3.964549250667915e-05}
ahrs AHRS2 {roll : 0.0018683362286537886, pitch : 0.0016376014100387692, yaw : -0.12820783257484436, altitude : 584.0899658203125, lat : -353632621, lng : 1491652374}
xyz LOCAL_POSITION_NED {time_boot_ms : 68529, x : -0.011316318064928055, y : 0.0135028762742877, z : 0.006390085443854332, vx : -0.01445676852017641, vy : 0.01729348488152027, vz : 7.80951595515944e-05}
ahrs AHRS2 {roll : 0.0018693726742640138, pitch : 0.0016388974618166685, yaw : -0.12820862233638763, altitude : 584.0899658203125, lat : -353632621, lng : 1491652374}
xyz LOCAL_POSITION_NED {time_boot_ms : 68564, x : -0.01138419657945633, y : 0.013586988672614098, z : 0.006389993708580732, vx : -0.014486183412373066, vy : 0.01734188012778759, vz : 7.398173329420388e-05}
ahrs AHRS2 {roll : 0.0018696925835683942, pitch : 0.0016411987598985434, yaw : -0.12820574641227722, altitude : 584.0899658203125, lat : -353632621, lng : 1491652374}
xyz LOCAL_POSITION_NED {time_boot_ms : 68596, x : -0.011619293130934238, y : 0.013870317488908768, z : 0.006390861235558987, vx : -0.01461812760680914, vy : 0.01752154342830181, vz : 7.408843521261588e-05}
ahrs AHRS2 {roll : 0.0018712419550865889, pitch : 0.0016431324183940887, yaw : -0.12820523977279663, altitude : 584.0899658203125, lat : -353632621, lng : 1491652374}
xyz LOCAL_POSITION_NED {time_boot_ms : 68629, x : -0.011355753056704998, y : 0.01355934888124466, z : 0.006390098482370377, vx : -0.014452718198299408, vy : 0.017307283356785774, vz : 5.35851031600032e-05}
ahrs AHRS2 {roll : 0.0018732697935774922, pitch : 0.0016445544315502048, yaw : -0.12820275127887726, altitude : 584.0899658203125, lat : -353632621, lng : 1491652374}
xyz LOCAL_POSITION_NED {time_boot_ms : 68661, x : -0.011408014222979546, y : 0.013624293729662895, z : 0.00639002863317728, vx : -0.014514194801449776, vy : 0.017361313104629517, vz : 5.3311901865527034e-05}
ahrs AHRS2 {roll : 0.0018743457039818168, pitch : 0.0016450638649985194, yaw : -0.12819960713386536, altitude : 584.0899658203125, lat : -353632621, lng : 1491652374}
xyz LOCAL_POSITION_NED {time_boot_ms : 68694, x : -0.011292521841824055, y : 0.013487694784998894, z : 0.0063887364231050014, vx : -0.014434305019676685, vy : 0.01727801188826561, vz : 3.289037340437062e-05}
ahrs AHRS2 {roll : 0.0018742781830951571, pitch : 0.001645580749027431, yaw : -0.1281988024711609, altitude : 584.0899658203125, lat : -353632621, lng : 1491652374}
xyz LOCAL_POSITION_NED {time_boot_ms : 68729, x : -0.01130120363086462, y : 0.013500519096851349, z : 0.006387524306774139, vx : -0.014431114308536053, vy : 0.017289724200963974, vz : 4.2320796637795866e-05}
ahrs AHRS2 {roll : 0.0018763048574328423, pitch : 0.0016472843708470464, yaw : -0.12819695472717285, altitude : 584.0899658203125, lat : -353632621, lng : 1491652374}
xyz LOCAL_POSITION_NED {time_boot_ms : 68761, x : -0.011491508223116398, y : 0.013730446808040142, z : 0.006387868896126747, vx : -0.014554297551512718, vy : 0.017454275861382484, vz : 6.587107782252133e-05}
ahrs AHRS2 {roll : 0.001878282055258751, pitch : 0.0016494515584781766, yaw : -0.12819692492485046, altitude : 584.0899658203125, lat : -353632621, lng : 1491652374}
xyz LOCAL_POSITION_NED {time_boot_ms : 68794, x : -0.01156709250062704, y : 0.013823699206113815, z : 0.00638789776712656, vx : -0.014606554992496967, vy : 0.017529619857668877, vz : 7.726570765953511e-05}
ahrs AHRS2 {roll : 0.001879809657111764, pitch : 0.00164781603962183, yaw : -0.12819716334342957, altitude : 584.0899658203125, lat : -353632621, lng : 1491652374}
xyz LOCAL_POSITION_NED {time_boot_ms : 68826, x : -0.0113284382969141, y : 0.013542507775127888, z : 0.00638753455132246, vx : -0.01445077545940876, vy : 0.017336968332529068, vz : 7.73420833866112e-05}
ahrs AHRS2 {roll : 0.0018797250231727958, pitch : 0.0016483124345541, yaw : -0.12819668650627136, altitude : 584.0899658203125, lat : -353632621, lng : 1491652374}
xyz LOCAL_POSITION_NED {time_boot_ms : 68859, x : -0.011357152834534645, y : 0.013579536229372025, z : 0.006388308480381966, vx : -0.014478099532425404, vy : 0.01736183650791645, vz : 7.224833825603127e-05}
ahrs AHRS2 {roll : 0.0018815153744071722, pitch : 0.0016486397944390774, yaw : -0.1281944215297699, altitude : 584.0899658203125, lat : -353632621, lng : 1491652374}
xyz LOCAL_POSITION_NED {time_boot_ms : 68894, x : -0.011288800276815891, y : 0.013501692563295364, z : 0.006388897076249123, vx : -0.014414423145353794, vy : 0.017315002158284187, vz : 9.803769353311509e-05}
ahrs AHRS2 {roll : 0.001883253687992692, pitch : 0.0016484973020851612, yaw : -0.12819229066371918, altitude : 584.0899658203125, lat : -353632621, lng : 1491652374}
xyz LOCAL_POSITION_NED {time_boot_ms : 68926, x : -0.011272717267274857, y : 0.013486743904650211, z : 0.006390444003045559, vx : -0.014399408362805843, vy : 0.017350051552057266, vz : 0.00011334617738611996}
ahrs AHRS2 {roll : 0.0018843022407963872, pitch : 0.0016485881060361862, yaw : -0.12818855047225952, altitude : 584.0899658203125, lat : -353632621, lng : 1491652374}
xyz LOCAL_POSITION_NED {time_boot_ms : 68959, x : -0.011438301764428616, y : 0.013689746148884296, z : 0.006392561364918947, vx : -0.01453025359660387, vy : 0.017508963122963905, vz : 0.00011876385542564094}
ahrs AHRS2 {roll : 0.0018834801157936454, pitch : 0.0016480934573337436, yaw : -0.12818671762943268, altitude : 584.0899658203125, lat : -353632621, lng : 1491652374}
xyz LOCAL_POSITION_NED {time_boot_ms : 68991, x : -0.011539743281900883, y : 0.013815953396260738, z : 0.006394362077116966, vx : -0.014595702290534973, vy : 0.01757812686264515, vz : 9.167761891148984e-05}
ahrs AHRS2 {roll : 0.001883118413388729, pitch : 0.001650084974244237, yaw : -0.12818624079227448, altitude : 584.0899658203125, lat : -353632621, lng : 1491652374}
xyz LOCAL_POSITION_NED {time_boot_ms : 69024, x : -0.011416139081120491, y : 0.013673033565282822, z : 0.006393952760845423, vx : -0.014500424265861511, vy : 0.017524419352412224, vz : 7.224483852041885e-05}
ahrs AHRS2 {roll : 0.0018827086314558983, pitch : 0.001649340963922441, yaw : -0.1281835436820984, altitude : 584.0899658203125, lat : -353632621, lng : 1491652374}
xyz LOCAL_POSITION_NED {time_boot_ms : 69059, x : -0.011481726542115211, y : 0.013758844695985317, z : 0.00639404496178031, vx : -0.014483467675745487, vy : 0.01758377067744732, vz : 7.139338413253427e-05}
ahrs AHRS2 {roll : 0.001881471136584878, pitch : 0.0016515679890289903, yaw : -0.12818142771720886, altitude : 584.0899658203125, lat : -353632621, lng : 1491652374}
xyz LOCAL_POSITION_NED {time_boot_ms : 69092, x : -0.011373168788850307, y : 0.013637841679155827, z : 0.006393139716237783, vx : -0.014428703114390373, vy : 0.017508188262581825, vz : 6.073913027648814e-05}
ahrs AHRS2 {roll : 0.001883493852801621, pitch : 0.0016524340026080608, yaw : -0.12817910313606262, altitude : 584.0899658203125, lat : -353632621, lng : 1491652374}
xyz LOCAL_POSITION_NED {time_boot_ms : 69124, x : -0.011332514695823193, y : 0.013596754521131516, z : 0.006392215844243765, vx : -0.01439641509205103, vy : 0.01747344247996807, vz : 5.7328143157064915e-05}
ahrs AHRS2 {roll : 0.001882641576230526, pitch : 0.0016527564730495214, yaw : -0.12817421555519104, altitude : 584.0899658203125, lat : -353632621, lng : 1491652374}
xyz LOCAL_POSITION_NED {time_boot_ms : 69157, x : -0.011501001194119453, y : 0.013807187788188457, z : 0.006392795126885176, vx : -0.014510597102344036, vy : 0.017641592770814896, vz : 7.918160554254428e-05}
ahrs AHRS2 {roll : 0.0018823735881596804, pitch : 0.001654379884712398, yaw : -0.12817160785198212, altitude : 584.0899658203125, lat : -353632621, lng : 1491652374}
xyz LOCAL_POSITION_NED {time_boot_ms : 69189, x : -0.011575439013540745, y : 0.013904495164752007, z : 0.006393249612301588, vx : -0.014569819904863834, vy : 0.017705006524920464, vz : 0.00010638556705089286}
ahrs AHRS2 {roll : 0.0018812899943441153, pitch : 0.0016524058301001787, yaw : -0.12816758453845978, altitude : 584.0899658203125, lat : -353632621, lng : 1491652374}
xyz LOCAL_POSITION_NED {time_boot_ms : 69222, x : -0.01144053228199482, y : 0.013749477453529835, z : 0.006393128074705601, vx : -0.01444955077022314, vy : 0.017588697373867035, vz : 9.225498070009053e-05}
ahrs AHRS2 {roll : 0.0018797024386003613, pitch : 0.0016499424818903208, yaw : -0.12816473841667175, altitude : 584.0899658203125, lat : -353632621, lng : 1491652374}
xyz LOCAL_POSITION_NED {time_boot_ms : 69257, x : -0.011499951593577862, y : 0.013828855007886887, z : 0.006394205614924431, vx : -0.014492913149297237, vy : 0.017636891454458237, vz : 9.063062316272408e-05}
ahrs AHRS2 {roll : 0.0018775664502754807, pitch : 0.0016490749549120665, yaw : -0.1281578242778778, altitude : 584.0899658203125, lat : -353632621, lng : 1491652374}
xyz LOCAL_POSITION_NED {time_boot_ms : 69289, x : -0.011371430940926075, y : 0.013680525124073029, z : 0.006394388619810343, vx : -0.014431215822696686, vy : 0.01752229407429695, vz : 0.00010503706289455295}
ahrs AHRS2 {roll : 0.0018769101006910205, pitch : 0.0016479491023346782, yaw : -0.1281554251909256, altitude : 584.0899658203125, lat : -353632621, lng : 1491652374}
xyz LOCAL_POSITION_NED {time_boot_ms : 69322, x : -0.01132138166576624, y : 0.013626378029584885, z : 0.0063950065523386, vx : -0.01439081784337759, vy : 0.017494214698672295, vz : 0.000122194251162}
ahrs AHRS2 {roll : 0.0018739248625934124, pitch : 0.0016453192802146077, yaw : -0.12815240025520325, altitude : 584.0899658203125, lat : -353632621, lng : 1491652374}
xyz LOCAL_POSITION_NED {time_boot_ms : 69354, x : -0.011484663933515549, y : 0.013828367926180363, z : 0.006397409364581108, vx : -0.014495971612632275, vy : 0.017605964094400406, vz : 0.00012747700384352356}
ahrs AHRS2 {roll : 0.0018730680458247662, pitch : 0.0016433076234534383, yaw : -0.12814892828464508, altitude : 584.0899658203125, lat : -353632621, lng : 1491652374}
xyz LOCAL_POSITION_NED {time_boot_ms : 69387, x : -0.01155153475701809, y : 0.013913563452661037, z : 0.006399016827344894, vx : -0.01455100066959858, vy : 0.01767585799098015, vz : 0.00011208189243916422}
ahrs AHRS2 {roll : 0.001870682812295854, pitch : 0.001642683520913124, yaw : -0.12814654409885406, altitude : 584.0899658203125, lat : -353632621, lng : 1491652374}
xyz LOCAL_POSITION_NED {time_boot_ms : 69422, x : -0.011435478925704956, y : 0.013778460212051868, z : 0.006399203557521105, vx : -0.014467930421233177, vy : 0.01754753105342388, vz : 0.00011563910084078088}
ahrs AHRS2 {roll : 0.001869375933893025, pitch : 0.0016415811842307448, yaw : -0.12814316153526306, altitude : 584.0899658203125, lat : -353632621, lng : 1491652374}
xyz LOCAL_POSITION_NED {time_boot_ms : 69454, x : -0.01146872527897358, y : 0.013821535743772984, z : 0.006400871090590954, vx : -0.014506413601338863, vy : 0.017585868015885353, vz : 0.00014253289555199444}
ahrs AHRS2 {roll : 0.001871062209829688, pitch : 0.001640589558519423, yaw : -0.12813983857631683, altitude : 584.0899658203125, lat : -353632621, lng : 1491652374}
xyz LOCAL_POSITION_NED {time_boot_ms : 69487, x : -0.011324449442327023, y : 0.013650676235556602, z : 0.006401490420103073, vx : -0.014420678839087486, vy : 0.017491625621914864, vz : 0.00012404601147864014}
ahrs AHRS2 {roll : 0.0018679717322811484, pitch : 0.0016398109728470445, yaw : -0.1281365007162094, altitude : 584.0899658203125, lat : -353632621, lng : 1491652374}
xyz LOCAL_POSITION_NED {time_boot_ms : 69519, x : -0.011449146084487438, y : 0.013804607093334198, z : 0.006402726750820875, vx : -0.014486528933048248, vy : 0.017587458714842796, vz : 8.813439490040764e-05}
ahrs AHRS2 {roll : 0.001867680810391903, pitch : 0.0016377229476347566, yaw : -0.12813305854797363, altitude : 584.0899658203125, lat : -353632621, lng : 1491652374}
xyz LOCAL_POSITION_NED {time_boot_ms : 69552, x : -0.011432795785367489, y : 0.013787583447992802, z : 0.006402292754501104, vx : -0.014491003938019276, vy : 0.017574243247509003, vz : 8.040279499255121e-05}
ahrs AHRS2 {roll : 0.001864966587163508, pitch : 0.0016371887177228928, yaw : -0.12812966108322144, altitude : 584.0899658203125, lat : -353632621, lng : 1491652374}
xyz LOCAL_POSITION_NED {time_boot_ms : 69587, x : -0.011533441953361034, y : 0.013911036774516106, z : 0.006401774473488331, vx : -0.014575464650988579, vy : 0.017653999850153923, vz : 6.481463788077235e-05}
ahrs AHRS2 {roll : 0.0018638897454366088, pitch : 0.0016350909136235714, yaw : -0.12812696397304535, altitude : 584.0899658203125, lat : -353632621, lng : 1491652374}
xyz LOCAL_POSITION_NED {time_boot_ms : 69619, x : -0.011644577607512474, y : 0.0140480762347579, z : 0.006400891579687595, vx : -0.014615533873438835, vy : 0.017776843160390854, vz : 3.450452277320437e-05}
ahrs AHRS2 {roll : 0.0018615692388266325, pitch : 0.001635169144719839, yaw : -0.1281239539384842, altitude : 584.0899658203125, lat : -353632621, lng : 1491652374}
xyz LOCAL_POSITION_NED {time_boot_ms : 69652, x : -0.011410849168896675, y : 0.013769487850368023, z : 0.006398084573447704, vx : -0.01446370966732502, vy : 0.017589308321475983, vz : 4.869983240496367e-05}
ahrs AHRS2 {roll : 0.001859828713349998, pitch : 0.0016345852054655552, yaw : -0.12811677157878876, altitude : 584.0899658203125, lat : -353632621, lng : 1491652374}
xyz LOCAL_POSITION_NED {time_boot_ms : 69684, x : -0.011288863606750965, y : 0.013625070452690125, z : 0.006395370699465275, vx : -0.014388917945325375, vy : 0.017475362867116928, vz : 4.3983793148072436e-05}
ahrs AHRS2 {roll : 0.0018583593191578984, pitch : 0.0016346927732229233, yaw : -0.12811416387557983, altitude : 584.0899658203125, lat : -353632621, lng : 1491652374}
xyz LOCAL_POSITION_NED {time_boot_ms : 69717, x : -0.011388399638235569, y : 0.013747353106737137, z : 0.006393972784280777, vx : -0.014471594244241714, vy : 0.01755245216190815, vz : 2.9768172680633143e-05}
ahrs AHRS2 {roll : 0.001856511109508574, pitch : 0.0016338152345269918, yaw : -0.1281077265739441, altitude : 584.0899658203125, lat : -353632621, lng : 1491652374}
xyz LOCAL_POSITION_NED {time_boot_ms : 69752, x : -0.011419425718486309, y : 0.01378655806183815, z : 0.006391734816133976, vx : -0.014508478343486786, vy : 0.01757696084678173, vz : 2.4964319891296327e-05}
ahrs AHRS2 {roll : 0.0018550521926954389, pitch : 0.0016318015987053514, yaw : -0.12810182571411133, altitude : 584.0899658203125, lat : -353632621, lng : 1491652374}
xyz LOCAL_POSITION_NED {time_boot_ms : 69784, x : -0.011495104990899563, y : 0.013879318721592426, z : 0.006389409303665161, vx : -0.01457423809915781, vy : 0.017667774111032486, vz : 2.4958584617706947e-05}
ahrs AHRS2 {roll : 0.0018546064384281635, pitch : 0.0016296261455863714, yaw : -0.12809696793556213, altitude : 584.0899658203125, lat : -353632621, lng : 1491652374}
xyz LOCAL_POSITION_NED {time_boot_ms : 69817, x : -0.011595872230827808, y : 0.014002367854118347, z : 0.006387901958078146, vx : -0.014632627367973328, vy : 0.01774471066892147, vz : 3.318474773550406e-05}
ahrs AHRS2 {roll : 0.001853651599958539, pitch : 0.0016280103009194136, yaw : -0.12809376418590546, altitude : 584.0899658203125, lat : -353632621, lng : 1491652374}
xyz LOCAL_POSITION_NED {time_boot_ms : 69849, x : -0.01137721911072731, y : 0.013739845715463161, z : 0.006385503802448511, vx : -0.01448602881282568, vy : 0.017562108114361763, vz : 2.6245361368637532e-05}
ahrs AHRS2 {roll : 0.0018548853695392609, pitch : 0.001625383971258998, yaw : -0.1280898004770279, altitude : 584.0899658203125, lat : -353632621, lng : 1491652374}
xyz LOCAL_POSITION_NED {time_boot_ms : 69882, x : -0.011245849542319775, y : 0.013582408428192139, z : 0.00638393871486187, vx : -0.014407111331820488, vy : 0.01744738779962063, vz : 5.487710950546898e-05}
ahrs AHRS2 {roll : 0.001853905152529478, pitch : 0.0016231652116402984, yaw : -0.12808340787887573, altitude : 584.0899658203125, lat : -353632621, lng : 1491652374}
xyz LOCAL_POSITION_NED {time_boot_ms : 69917, x : -0.011395038105547428, y : 0.013763685710728168, z : 0.00638327281922102, vx : -0.014508833177387714, vy : 0.017563149333000183, vz : 4.319488652981818e-05}
ahrs AHRS2 {roll : 0.0018519040895625949, pitch : 0.0016243098070845008, yaw : -0.12808042764663696, altitude : 584.0899658203125, lat : -353632621, lng : 1491652374}
xyz LOCAL_POSITION_NED {time_boot_ms : 69949, x : -0.011391323991119862, y : 0.013759377412497997, z : 0.0063818455673754215, vx : -0.014507344923913479, vy : 0.01756693236529827, vz : 4.164435813436285e-05}
ahrs AHRS2 {roll : 0.0018520047888159752, pitch : 0.0016214917413890362, yaw : -0.12807466089725494, altitude : 584.0899658203125, lat : -353632621, lng : 1491652374}
xyz LOCAL_POSITION_NED {time_boot_ms : 69981, x : -0.011455670930445194, y : 0.013837520964443684, z : 0.006381049286574125, vx : -0.014529196545481682, vy : 0.0175984725356102, vz : 6.0192403907421976e-05}
ahrs AHRS2 {roll : 0.0018499288707971573, pitch : 0.001620680559426546, yaw : -0.12807069718837738, altitude : 584.0899658203125, lat : -353632621, lng : 1491652374}
xyz LOCAL_POSITION_NED {time_boot_ms : 70014, x : -0.011555125936865807, y : 0.013958411291241646, z : 0.006381388753652573, vx : -0.014615540392696857, vy : 0.017652496695518494, vz : 7.537440251326188e-05}
ahrs AHRS2 {roll : 0.0018469804199412465, pitch : 0.001618004753254354, yaw : -0.12806685268878937, altitude : 584.0899658203125, lat : -353632621, lng : 1491652374}
xyz LOCAL_POSITION_NED {time_boot_ms : 70049, x : -0.011371568776667118, y : 0.013737225905060768, z : 0.0063812630251049995, vx : -0.014462336897850037, vy : 0.01751885935664177, vz : 6.972285336814821e-05}
ahrs AHRS2 {roll : 0.0018465652829036117, pitch : 0.001615211833268404, yaw : -0.12806205451488495, altitude : 584.0899658203125, lat : -353632621, lng : 1491652374}
xyz LOCAL_POSITION_NED {time_boot_ms : 70081, x : -0.01123868115246296, y : 0.013577837496995926, z : 0.006380926817655563, vx : -0.014381136745214462, vy : 0.017409315332770348, vz : 7.523468229919672e-05}
ahrs AHRS2 {roll : 0.0018461716827005148, pitch : 0.001612041494809091, yaw : -0.12805746495723724, altitude : 584.0899658203125, lat : -353632621, lng : 1491652374}
xyz LOCAL_POSITION_NED {time_boot_ms : 70114, x : -0.011350743472576141, y : 0.013714449480175972, z : 0.00638228515163064, vx : -0.01446433737874031, vy : 0.01754149980843067, vz : 0.00012103124026907608}
ahrs AHRS2 {roll : 0.001845934079028666, pitch : 0.0016114985337480903, yaw : -0.12805603444576263, altitude : 584.0899658203125, lat : -353632621, lng : 1491652374}
xyz LOCAL_POSITION_NED {time_boot_ms : 70146, x : -0.011346280574798584, y : 0.01370969321578741, z : 0.006383529864251614, vx : -0.014470680616796017, vy : 0.017514213919639587, vz : 0.00010393020784249529}
ahrs AHRS2 {roll : 0.0018431345233693719, pitch : 0.0016130190342664719, yaw : -0.12804937362670898, altitude : 584.0899658203125, lat : -353632621, lng : 1491652374}
xyz LOCAL_POSITION_NED {time_boot_ms : 70179, x : -0.011538603343069553, y : 0.013943220488727093, z : 0.006385575048625469, vx : -0.014568163082003593, vy : 0.017676375806331635, vz : 0.00010421935439808294}
ahrs AHRS2 {roll : 0.0018427306786179543, pitch : 0.001612303894944489, yaw : -0.1280466765165329, altitude : 584.0899658203125, lat : -353632621, lng : 1491652374}
xyz LOCAL_POSITION_NED {time_boot_ms : 70214, x : -0.011544307693839073, y : 0.0139524657279253, z : 0.006386127322912216, vx : -0.01457915548235178, vy : 0.01770557463169098, vz : 9.458277054363862e-05}
ahrs AHRS2 {roll : 0.0018420902779325843, pitch : 0.0016106312396004796, yaw : -0.12804335355758667, altitude : 584.0899658203125, lat : -353632621, lng : 1491652374}
xyz LOCAL_POSITION_NED {time_boot_ms : 70246, x : -0.011323359794914722, y : 0.013688899576663971, z : 0.006385256536304951, vx : -0.014414765872061253, vy : 0.01753392443060875, vz : 7.350560917984694e-05}
ahrs AHRS2 {roll : 0.0018412541830912232, pitch : 0.0016083157388493419, yaw : -0.1280389428138733, altitude : 584.0899658203125, lat : -353632621, lng : 1491652374}
xyz LOCAL_POSITION_NED {time_boot_ms : 70279, x : -0.011381570249795914, y : 0.013761860318481922, z : 0.0063850716687738895, vx : -0.014470496214926243, vy : 0.017556918784976006, vz : 4.698600241681561e-05}
ahrs AHRS2 {roll : 0.0018398683751001954, pitch : 0.0016060975613072515, yaw : -0.12803637981414795, altitude : 584.0899658203125, lat : -353632621, lng : 1491652374}
xyz LOCAL_POSITION_NED {time_boot_ms : 70311, x : -0.011301739141345024, y : 0.013667194172739983, z : 0.006383742205798626, vx : -0.01441238820552826, vy : 0.01748685911297798, vz : 5.0723847380140796e-05}
ahrs AHRS2 {roll : 0.0018396694213151932, pitch : 0.0016054732259362936, yaw : -0.12803225219249725, altitude : 584.0899658203125, lat : -353632621, lng : 1491652374}
xyz LOCAL_POSITION_NED {time_boot_ms : 70344, x : -0.011296569369733334, y : 0.013662167824804783, z : 0.00638209655880928, vx : -0.014415739104151726, vy : 0.017480220645666122, vz : 3.0235662052291445e-05}
ahrs AHRS2 {roll : 0.0018369785975664854, pitch : 0.001606388483196497, yaw : -0.12802697718143463, altitude : 584.0899658203125, lat : -353632621, lng : 1491652374}
xyz LOCAL_POSITION_NED {time_boot_ms : 70379, x : -0.011524723842740059, y : 0.01393976528197527, z : 0.006380981765687466, vx : -0.014570757746696472, vy : 0.017674818634986877, vz : 1.550561501062475e-05}
ahrs AHRS2 {roll : 0.0018376065418124199, pitch : 0.0016070050187408924, yaw : -0.1280234307050705, altitude : 584.0899658203125, lat : -353632621, lng : 1491652374}
xyz LOCAL_POSITION_NED {time_boot_ms : 70411, x : -0.011494635604321957, y : 0.013904762454330921, z : 0.0063785286620259285, vx : -0.014547680504620075, vy : 0.017636969685554504, vz : 1.3994701475894544e-05}
ahrs AHRS2 {roll : 0.0018358048982918262, pitch : 0.0016056103631854057, yaw : -0.12801937758922577, altitude : 584.0899658203125, lat : -353632621, lng : 1491652374}
xyz LOCAL_POSITION_NED {time_boot_ms : 70444, x : -0.011274414137005806, y : 0.013640312477946281, z : 0.006375518161803484, vx : -0.014375017024576664, vy : 0.017459983006119728, vz : 2.3422197045874782e-05}
ahrs AHRS2 {roll : 0.0018346572760492563, pitch : 0.0016040143091231585, yaw : -0.12801367044448853, altitude : 584.0899658203125, lat : -353632621, lng : 1491652374}
xyz LOCAL_POSITION_NED {time_boot_ms : 70476, x : -0.011332239024341106, y : 0.013712797313928604, z : 0.0063743386417627335, vx : -0.014428499154746532, vy : 0.017515389248728752, vz : 3.0845734727336094e-05}
ahrs AHRS2 {roll : 0.0018368440214544535, pitch : 0.0016033800784498453, yaw : -0.12800970673561096, altitude : 584.0899658203125, lat : -353632621, lng : 1491652374}
xyz LOCAL_POSITION_NED {time_boot_ms : 70509, x : -0.011252813041210175, y : 0.013618141412734985, z : 0.006372380070388317, vx : -0.014379573054611683, vy : 0.017454959452152252, vz : 2.7453099392005242e-05}
ahrs AHRS2 {roll : 0.0018361021066084504, pitch : 0.0016042732167989016, yaw : -0.12800440192222595, altitude : 584.0899658203125, lat : -353632621, lng : 1491652374}
xyz LOCAL_POSITION_NED {time_boot_ms : 70544, x : -0.011283897794783115, y : 0.013657321222126484, z : 0.006370667368173599, vx : -0.014410850591957569, vy : 0.017478886991739273, vz : 3.0646064260508865e-05}
ahrs AHRS2 {roll : 0.0018349840538576245, pitch : 0.001603183220140636, yaw : -0.12799759209156036, altitude : 584.0899658203125, lat : -353632621, lng : 1491652374}
xyz LOCAL_POSITION_NED {time_boot_ms : 70576, x : -0.011475984007120132, y : 0.01389105711132288, z : 0.006370170041918755, vx : -0.014526724815368652, vy : 0.017634205520153046, vz : 3.331161133246496e-05}
ahrs AHRS2 {roll : 0.0018344710115343332, pitch : 0.001603408483788371, yaw : -0.12799203395843506, altitude : 584.0899658203125, lat : -353632621, lng : 1491652374}
xyz LOCAL_POSITION_NED {time_boot_ms : 70609, x : -0.011446094140410423, y : 0.013856319710612297, z : 0.006367981433868408, vx : -0.01447924692183733, vy : 0.01761348359286785, vz : 1.3153193322068546e-05}
ahrs AHRS2 {roll : 0.0018322819378226995, pitch : 0.0016037649475038052, yaw : -0.1279868185520172, altitude : 584.0899658203125, lat : -353632621, lng : 1491652374}
xyz LOCAL_POSITION_NED {time_boot_ms : 70641, x : -0.011445604264736176, y : 0.013858292251825333, z : 0.006366419605910778, vx : -0.014473816379904747, vy : 0.01760493591427803, vz : 1.0773671419883613e-05}
ahrs AHRS2 {roll : 0.0018310763407498598, pitch : 0.0016042571514844894, yaw : -0.12798158824443817, altitude : 584.0899658203125, lat : -353632621, lng : 1491652374}
xyz LOCAL_POSITION_NED {time_boot_ms : 70674, x : -0.011272148229181767, y : 0.01365203782916069, z : 0.00636471901088953, vx : -0.014340827241539955, vy : 0.017489101737737656, vz : 2.4636314265080728e-05}
ahrs AHRS2 {roll : 0.0018286891281604767, pitch : 0.0016033457359299064, yaw : -0.12798011302947998, altitude : 584.0899658203125, lat : -353632621, lng : 1491652374}
xyz LOCAL_POSITION_NED {time_boot_ms : 70709, x : -0.01122790202498436, y : 0.013602567836642265, z : 0.006362673360854387, vx : -0.014312353916466236, vy : 0.01744873821735382, vz : 8.567766940359434e-07}
ahrs AHRS2 {roll : 0.0018291964661329985, pitch : 0.0016037831082940102, yaw : -0.1279788613319397, altitude : 584.0899658203125, lat : -353632621, lng : 1491652374}
xyz LOCAL_POSITION_NED {time_boot_ms : 70741, x : -0.011384296230971813, y : 0.013794430531561375, z : 0.006360417697578669, vx : -0.01443465519696474, vy : 0.017540009692311287, vz : -2.656912329257466e-05}
ahrs AHRS2 {roll : 0.0018274219473823905, pitch : 0.0016031076665967703, yaw : -0.1279725879430771, altitude : 584.0899658203125, lat : -353632621, lng : 1491652374}
xyz LOCAL_POSITION_NED {time_boot_ms : 70774, x : -0.011414455249905586, y : 0.013831519521772861, z : 0.00635725911706686, vx : -0.014490225352346897, vy : 0.017558665946125984, vz : -4.8033387429313734e-05}
ahrs AHRS2 {roll : 0.00182751240208745, pitch : 0.0016039747279137373, yaw : -0.12796959280967712, altitude : 584.0899658203125, lat : -353632621, lng : 1491652374}
xyz LOCAL_POSITION_NED {time_boot_ms : 70806, x : -0.011397499591112137, y : 0.013811808079481125, z : 0.006353889591991901, vx : -0.014451862312853336, vy : 0.017565792426466942, vz : -3.8354177377186716e-05}
ahrs AHRS2 {roll : 0.0018272913293913007, pitch : 0.0016040427144616842, yaw : -0.12796655297279358, altitude : 584.0899658203125, lat : -353632621, lng : 1491652374}
xyz LOCAL_POSITION_NED {time_boot_ms : 70839, x : -0.011385751888155937, y : 0.013799116015434265, z : 0.006351528689265251, vx : -0.014445636421442032, vy : 0.01755216158926487, vz : -3.2208139600697905e-05}
ahrs AHRS2 {roll : 0.0018260895740240812, pitch : 0.0016020613256841898, yaw : -0.12796129286289215, altitude : 584.0899658203125, lat : -353632621, lng : 1491652374}
xyz LOCAL_POSITION_NED {time_boot_ms : 70874, x : -0.011262067593634129, y : 0.013650530017912388, z : 0.006348364986479282, vx : -0.014358007349073887, vy : 0.01745143160223961, vz : -3.984792419942096e-05}
ahrs AHRS2 {roll : 0.0018232899019494653, pitch : 0.0016020884504541755, yaw : -0.12795574963092804, altitude : 584.0899658203125, lat : -353632621, lng : 1491652374}
xyz LOCAL_POSITION_NED {time_boot_ms : 70906, x : -0.011194951832294464, y : 0.013571104034781456, z : 0.006344946101307869, vx : -0.014291704632341862, vy : 0.017406079918146133, vz : -4.521651135291904e-05}
ahrs AHRS2 {roll : 0.0018217179458588362, pitch : 0.0016023071948438883, yaw : -0.1279512196779251, altitude : 584.0899658203125, lat : -353632621, lng : 1491652374}
xyz LOCAL_POSITION_NED {time_boot_ms : 70939, x : -0.01132664829492569, y : 0.013733836822211742, z : 0.006341943517327309, vx : -0.01436711847782135, vy : 0.017523128539323807, vz : -7.285845640581101e-05}
ahrs AHRS2 {roll : 0.0018195289885625243, pitch : 0.001602493110112846, yaw : -0.127943217754364, altitude : 584.0899658203125, lat : -353632621, lng : 1491652374}
xyz LOCAL_POSITION_NED {time_boot_ms : 70971, x : -0.011379755102097988, y : 0.013800840824842453, z : 0.006338343024253845, vx : -0.014398127794265747, vy : 0.01756722666323185, vz : -4.575341517920606e-05}
ahrs AHRS2 {roll : 0.0018187165260314941, pitch : 0.0016036436427384615, yaw : -0.12793846428394318, altitude : 584.0899658203125, lat : -353632621, lng : 1491652374}
xyz LOCAL_POSITION_NED {time_boot_ms : 71004, x : -0.011588191613554955, y : 0.01405702717602253, z : 0.006335572339594364, vx : -0.01453978382050991, vy : 0.01776907965540886, vz : -7.26505386410281e-05}
ahrs AHRS2 {roll : 0.0018212684663012624, pitch : 0.0016019896138459444, yaw : -0.127936452627182, altitude : 584.0899658203125, lat : -353632621, lng : 1491652374}
xyz LOCAL_POSITION_NED {time_boot_ms : 71039, x : -0.011372266337275505, y : 0.013799873180687428, z : 0.006331714801490307, vx : -0.014386780560016632, vy : 0.01759684830904007, vz : -9.925868653226644e-05}
ahrs AHRS2 {roll : 0.001818126067519188, pitch : 0.0016022002091631293, yaw : -0.12793150544166565, altitude : 584.0899658203125, lat : -353632621, lng : 1491652374}
xyz LOCAL_POSITION_NED {time_boot_ms : 71071, x : -0.011222638189792633, y : 0.013623903505504131, z : 0.006327925715595484, vx : -0.01426737755537033, vy : 0.017518645152449608, vz : -7.545212429249659e-05}
ahrs AHRS2 {roll : 0.0018182750791311264, pitch : 0.0016003812197595835, yaw : -0.127925306558609, altitude : 584.0899658203125, lat : -353632621, lng : 1491652374}
xyz LOCAL_POSITION_NED {time_boot_ms : 71104, x : -0.011314089410007, y : 0.013742282055318356, z : 0.006324695888906717, vx : -0.014282960444688797, vy : 0.01759699545800686, vz : -8.19096967461519e-05}
ahrs AHRS2 {roll : 0.0018204111838713288, pitch : 0.0015997318550944328, yaw : -0.12792155146598816, altitude : 584.0899658203125, lat : -353632621, lng : 1491652374}
xyz LOCAL_POSITION_NED {time_boot_ms : 71136, x : -0.011282357387244701, y : 0.013711471110582352, z : 0.006321531254798174, vx : -0.014279334805905819, vy : 0.017583953216671944, vz : -5.7448240113444626e-05}
ahrs AHRS2 {roll : 0.0018216141033917665, pitch : 0.0015985887730494142, yaw : -0.1279197335243225, altitude : 584.0899658203125, lat : -353632621, lng : 1491652374}
xyz LOCAL_POSITION_NED {time_boot_ms : 71169, x : -0.011334688402712345, y : 0.013782023452222347, z : 0.006319202017039061, vx : -0.014342528767883778, vy : 0.01762877032160759, vz : -3.658263085526414e-05}
ahrs AHRS2 {roll : 0.0018205862725153565, pitch : 0.0015981171745806932, yaw : -0.1279161423444748, altitude : 584.0899658203125, lat : -353632621, lng : 1491652374}
xyz LOCAL_POSITION_NED {time_boot_ms : 71202, x : -0.011422115378081799, y : 0.013893612660467625, z : 0.006317870691418648, vx : -0.014417779631912708, vy : 0.017708715051412582, vz : -4.274689854355529e-05}
ahrs AHRS2 {roll : 0.0018187585519626737, pitch : 0.0015979454619809985, yaw : -0.12791164219379425, altitude : 584.0899658203125, lat : -353632621, lng : 1491652374}
xyz LOCAL_POSITION_NED {time_boot_ms : 71237, x : -0.011228345334529877, y : 0.013663487508893013, z : 0.006316276267170906, vx : -0.014255689457058907, vy : 0.01755119487643242, vz : -5.770162169937976e-05}
ahrs AHRS2 {roll : 0.0018171097617596388, pitch : 0.0015992897097021341, yaw : -0.1279076784849167, altitude : 584.0899658203125, lat : -353632621, lng : 1491652374}
xyz LOCAL_POSITION_NED {time_boot_ms : 71269, x : -0.011086715385317802, y : 0.01349647156894207, z : 0.006314683705568314, vx : -0.01418717484921217, vy : 0.017452852800488472, vz : -5.154392056283541e-05}
ahrs AHRS2 {roll : 0.0018163222121074796, pitch : 0.001600779825821519, yaw : -0.12790371477603912, altitude : 584.0899658203125, lat : -353632621, lng : 1491652374}
xyz LOCAL_POSITION_NED {time_boot_ms : 71302, x : -0.011190592311322689, y : 0.013628986664116383, z : 0.00631286296993494, vx : -0.014237308874726295, vy : 0.017553726211190224, vz : -6.07311085332185e-05}
ahrs AHRS2 {roll : 0.0018177727470174432, pitch : 0.0015998672461137176, yaw : -0.1278994083404541, altitude : 584.0899658203125, lat : -353632621, lng : 1491652374}
xyz LOCAL_POSITION_NED {time_boot_ms : 71334, x : -0.0111769400537014, y : 0.013618209399282932, z : 0.006311529316008091, vx : -0.014240610413253307, vy : 0.01754509098827839, vz : -3.339787508593872e-05}
ahrs AHRS2 {roll : 0.0018182217609137297, pitch : 0.0015990082174539566, yaw : -0.12789611518383026, altitude : 584.0899658203125, lat : -353632621, lng : 1491652374}
xyz LOCAL_POSITION_NED {time_boot_ms : 71367, x : -0.011232099495828152, y : 0.01369114127010107, z : 0.006310317665338516, vx : -0.014273485168814659, vy : 0.01760709099471569, vz : -4.723359234048985e-05}
ahrs AHRS2 {roll : 0.0018172685522586107, pitch : 0.0015997744631022215, yaw : -0.1278897225856781, altitude : 584.0899658203125, lat : -353632621, lng : 1491652374}
xyz LOCAL_POSITION_NED {time_boot_ms : 71402, x : -0.011495864018797874, y : 0.014019270427525043, z : 0.00630919449031353, vx : -0.014441735111176968, vy : 0.017827151343226433, vz : -3.13970995193813e-05}
ahrs AHRS2 {roll : 0.001816120813600719, pitch : 0.0015983470948413014, yaw : -0.12788616120815277, altitude : 584.0899658203125, lat : -353632621, lng : 1491652374}
xyz LOCAL_POSITION_NED {time_boot_ms : 71434, x : -0.011256593279540539, y : 0.013733277097344398, z : 0.0063092755153775215, vx : -0.014262196607887745, vy : 0.017650358378887177, vz : -3.298441015431308e-06}
ahrs AHRS2 {roll : 0.0018178833415731788, pitch : 0.0015973513945937157, yaw : -0.12788231670856476, altitude : 584.0899658203125, lat : -353632621, lng : 1491652374}
xyz LOCAL_POSITION_NED {time_boot_ms : 71467, x : -0.011107347905635834, y : 0.01355653814971447, z : 0.006309256888926029, vx : -0.014206315390765667, vy : 0.01751701906323433, vz : -1.653411891311407e-05}
ahrs AHRS2 {roll : 0.0018187589012086391, pitch : 0.0015977174043655396, yaw : -0.12787875533103943, altitude : 584.0899658203125, lat : -353632621, lng : 1491652374}
xyz LOCAL_POSITION_NED {time_boot_ms : 71499, x : -0.011207850649952888, y : 0.013683757744729519, z : 0.006309316493570805, vx : -0.014282122254371643, vy : 0.01760150119662285, vz : -2.3989539386093384e-06}
ahrs AHRS2 {roll : 0.001819963799789548, pitch : 0.001599644310772419, yaw : -0.12787672877311707, altitude : 584.0899658203125, lat : -353632621, lng : 1491652374}
xyz LOCAL_POSITION_NED {time_boot_ms : 71532, x : -0.011177130974829197, y : 0.013650131411850452, z : 0.006309954449534416, vx : -0.014263649471104145, vy : 0.01758471503853798, vz : 1.13006599349319e-05}
ahrs AHRS2 {roll : 0.00181679823435843, pitch : 0.001598256640136242, yaw : -0.12786954641342163, altitude : 584.0899658203125, lat : -353632621, lng : 1491652374}
xyz LOCAL_POSITION_NED {time_boot_ms : 71567, x : -0.011264023371040821, y : 0.01375962607562542, z : 0.006310222204774618, vx : -0.014343470335006714, vy : 0.017649440094828606, vz : -5.5291361604759e-06}
ahrs AHRS2 {roll : 0.0018155237194150686, pitch : 0.0015994736459106207, yaw : -0.1278647780418396, altitude : 584.0899658203125, lat : -353632621, lng : 1491652374}
xyz LOCAL_POSITION_NED {time_boot_ms : 71599, x : -0.011502827517688274, y : 0.014053558930754662, z : 0.006310183554887772, vx : -0.014521410688757896, vy : 0.01783360354602337, vz : 1.0858390169232734e-06}
ahrs AHRS2 {roll : 0.0018142412882298231, pitch : 0.0016012603882700205, yaw : -0.12786012887954712, altitude : 584.0899658203125, lat : -353632621, lng : 1491652374}
xyz LOCAL_POSITION_NED {time_boot_ms : 71632, x : -0.01125000137835741, y : 0.013745049946010113, z : 0.006309455260634422, vx : -0.014377828687429428, vy : 0.01759815774857998, vz : -4.538631401374005e-05}
ahrs AHRS2 {roll : 0.0018142394255846739, pitch : 0.0016022399067878723, yaw : -0.12785691022872925, altitude : 584.0899658203125, lat : -353632621, lng : 1491652374}
xyz LOCAL_POSITION_NED {time_boot_ms : 71664, x : -0.011307825334370136, y : 0.013815865851938725, z : 0.006307611707597971, vx : -0.014415972866117954, vy : 0.0176800936460495, vz : -4.827332668355666e-05}
ahrs AHRS2 {roll : 0.0018152394331991673, pitch : 0.0016031911363825202, yaw : -0.1278509646654129, altitude : 584.0899658203125, lat : -353632621, lng : 1491652374}
xyz LOCAL_POSITION_NED {time_boot_ms : 71697, x : -0.011199547909200191, y : 0.013683532364666462, z : 0.006305362097918987, vx : -0.014343343675136566, vy : 0.017576685175299644, vz : -7.438486500177532e-05}
ahrs AHRS2 {roll : 0.0018154496792703867, pitch : 0.0016034879954531789, yaw : -0.12784698605537415, altitude : 584.0899658203125, lat : -353632621, lng : 1491652374}
xyz LOCAL_POSITION_NED {time_boot_ms : 71732, x : -0.011214674450457096, y : 0.013700831681489944, z : 0.006303087808191776, vx : -0.014372137375175953, vy : 0.017553361132740974, vz : -5.091175262350589e-05}
ahrs AHRS2 {roll : 0.0018149259267374873, pitch : 0.0016035819426178932, yaw : -0.12784244120121002, altitude : 584.0899658203125, lat : -353632621, lng : 1491652374}
xyz LOCAL_POSITION_NED {time_boot_ms : 71764, x : -0.011408427730202675, y : 0.013935855589807034, z : 0.00630100816488266, vx : -0.014468062669038773, vy : 0.017702914774417877, vz : -6.712104368489236e-05}
ahrs AHRS2 {roll : 0.0018161243060603738, pitch : 0.0016026190714910626, yaw : -0.12783730030059814, altitude : 584.0899658203125, lat : -353632621, lng : 1491652374}
xyz LOCAL_POSITION_NED {time_boot_ms : 71797, x : -0.011489024385809898, y : 0.014032730832695961, z : 0.006298527587205172, vx : -0.01454927958548069, vy : 0.017794130370020866, vz : -7.366366480709985e-05}
ahrs AHRS2 {roll : 0.0018172146519646049, pitch : 0.0016015905421227217, yaw : -0.12783470749855042, altitude : 584.0899658203125, lat : -353632621, lng : 1491652374}
xyz LOCAL_POSITION_NED {time_boot_ms : 71829, x : -0.011257538571953773, y : 0.01374898198992014, z : 0.006296820938587189, vx : -0.014404273591935635, vy : 0.01758750155568123, vz : -4.968721987097524e-05}
ahrs AHRS2 {roll : 0.0018169449176639318, pitch : 0.0016003551427274942, yaw : -0.1278294026851654, altitude : 584.0899658203125, lat : -353632621, lng : 1491652374}
xyz LOCAL_POSITION_NED {time_boot_ms : 71862, x : -0.011289657093584538, y : 0.01378685049712658, z : 0.006295493338257074, vx : -0.014416947029531002, vy : 0.017587121576070786, vz : -3.9194284909171984e-05}
ahrs AHRS2 {roll : 0.001815145369619131, pitch : 0.0015996309230104089, yaw : -0.12782397866249084, altitude : 584.0899658203125, lat : -353632621, lng : 1491652374}
xyz LOCAL_POSITION_NED {time_boot_ms : 71897, x : -0.011238043196499348, y : 0.013721590861678123, z : 0.006294225342571735, vx : -0.014378814958035946, vy : 0.01752546615898609, vz : -5.321126809576526e-05}
ahrs AHRS2 {roll : 0.0018139383755624294, pitch : 0.001599656417965889, yaw : -0.12781889736652374, altitude : 584.0899658203125, lat : -353632621, lng : 1491652374}
xyz LOCAL_POSITION_NED {time_boot_ms : 71929, x : -0.011213961988687515, y : 0.013690121471881866, z : 0.006293094251304865, vx : -0.014368223957717419, vy : 0.017529834061861038, vz : -4.71924249723088e-05}
ahrs AHRS2 {roll : 0.0018159798346459866, pitch : 0.0015980522148311138, yaw : -0.1278144121170044, altitude : 584.0899658203125, lat : -353632621, lng : 1491652374}
xyz LOCAL_POSITION_NED {time_boot_ms : 71962, x : -0.011394117958843708, y : 0.013907463289797306, z : 0.006291850470006466, vx : -0.014510178938508034, vy : 0.017652248963713646, vz : -3.113880302407779e-05}
ahrs AHRS2 {roll : 0.0018161219777539372, pitch : 0.0015965583734214306, yaw : -0.12781117856502533, altitude : 584.0899658203125, lat : -353632621, lng : 1491652374}
xyz LOCAL_POSITION_NED {time_boot_ms : 71994, x : -0.011484933085739613, y : 0.01401473768055439, z : 0.006290644407272339, vx : -0.014566070400178432, vy : 0.017708200961351395, vz : -3.2098047086037695e-05}
ahrs AHRS2 {roll : 0.0018172301352024078, pitch : 0.0015954985283315182, yaw : -0.1278073787689209, altitude : 584.0899658203125, lat : -353632621, lng : 1491652374}
xyz LOCAL_POSITION_NED {time_boot_ms : 72027, x : -0.011467944830656052, y : 0.0139917628839612, z : 0.006289578042924404, vx : -0.014548295177519321, vy : 0.017690712586045265, vz : -3.359307083883323e-05}
ahrs AHRS2 {roll : 0.0018175537697970867, pitch : 0.0015974589623510838, yaw : -0.12780173122882843, altitude : 584.0899658203125, lat : -353632621, lng : 1491652374}
xyz LOCAL_POSITION_NED {time_boot_ms : 72061, x : -0.011318398639559746, y : 0.01380689162760973, z : 0.006288967095315456, vx : -0.014453520998358727, vy : 0.01757201738655567, vz : -4.208917016512714e-05}
ahrs AHRS2 {roll : 0.0018177501624450088, pitch : 0.0015965751372277737, yaw : -0.12779845297336578, altitude : 584.0899658203125, lat : -353632621, lng : 1491652374}
xyz LOCAL_POSITION_NED {time_boot_ms : 72094, x : -0.011217456310987473, y : 0.01368133444339037, z : 0.0062884376384317875, vx : -0.014364117756485939, vy : 0.01748703233897686, vz : -9.360550393466838e-06}
ahrs AHRS2 {roll : 0.0018181606428697705, pitch : 0.001597468159161508, yaw : -0.1277938187122345, altitude : 584.0899658203125, lat : -353632621, lng : 1491652374}
xyz LOCAL_POSITION_NED {time_boot_ms : 72126, x : -0.011348395608365536, y : 0.01384009700268507, z : 0.006287854164838791, vx : -0.014437590725719929, vy : 0.017616018652915955, vz : -3.052437386941165e-05}
ahrs AHRS2 {roll : 0.0018185768276453018, pitch : 0.0015983590856194496, yaw : -0.12778684496879578, altitude : 584.0899658203125, lat : -353632621, lng : 1491652374}
xyz LOCAL_POSITION_NED {time_boot_ms : 72159, x : -0.011370565742254257, y : 0.01386595144867897, z : 0.0062871892005205154, vx : -0.01447316538542509, vy : 0.017629530280828476, vz : -3.321202166262083e-05}
ahrs AHRS2 {roll : 0.0018190133851021528, pitch : 0.0015996161382645369, yaw : -0.12778259813785553, altitude : 584.0899658203125, lat : -353632621, lng : 1491652374}
xyz LOCAL_POSITION_NED {time_boot_ms : 72194, x : -0.01149603072553873, y : 0.014016789384186268, z : 0.006285986863076687, vx : -0.01455130148679018, vy : 0.01770138368010521, vz : -6.149637920316309e-05}
ahrs AHRS2 {roll : 0.0018195136217400432, pitch : 0.001599685987457633, yaw : -0.12777827680110931, altitude : 584.0899658203125, lat : -353632621, lng : 1491652374}
xyz LOCAL_POSITION_NED {time_boot_ms : 72226, x : -0.011477391235530376, y : 0.013993342407047749, z : 0.0062845079228281975, vx : -0.014530602842569351, vy : 0.0177018865942955, vz : -3.668407225632109e-05}
ahrs AHRS2 {roll : 0.0018193683354184031, pitch : 0.0016010438557714224, yaw : -0.1277729868888855, altitude : 584.0899658203125, lat : -353632621, lng : 1491652374}
xyz LOCAL_POSITION_NED {time_boot_ms : 72259, x : -0.011290008202195168, y : 0.013764838688075542, z : 0.006283230148255825, vx : -0.014392504468560219, vy : 0.017562823370099068, vz : -4.1721665184013546e-05}
ahrs AHRS2 {roll : 0.0018191613489761949, pitch : 0.00160039565525949, yaw : -0.12776771187782288, altitude : 584.0899658203125, lat : -353632621, lng : 1491652374}
xyz LOCAL_POSITION_NED {time_boot_ms : 72291, x : -0.011187281459569931, y : 0.01364018302410841, z : 0.006282048765569925, vx : -0.014333542436361313, vy : 0.017517205327749252, vz : -3.861331060761586e-05}
ahrs AHRS2 {roll : 0.0018200722988694906, pitch : 0.0016002686461433768, yaw : -0.1277642399072647, altitude : 584.0899658203125, lat : -353632621, lng : 1491652374}
xyz LOCAL_POSITION_NED {time_boot_ms : 72324, x : -0.011317343451082706, y : 0.013799930922687054, z : 0.006280821282416582, vx : -0.014431186951696873, vy : 0.01761500909924507, vz : -5.799565406050533e-05}
ahrs AHRS2 {roll : 0.0018204241059720516, pitch : 0.0016027564415708184, yaw : -0.12775710225105286, altitude : 584.0899658203125, lat : -353632621, lng : 1491652374}
xyz LOCAL_POSITION_NED {time_boot_ms : 72359, x : -0.011375113390386105, y : 0.013871240429580212, z : 0.006279252003878355, vx : -0.014475665055215359, vy : 0.017679069191217422, vz : -3.4040160244330764e-05}
ahrs AHRS2 {roll : 0.0018238091142848134, pitch : 0.001600191812030971, yaw : -0.12775109708309174, altitude : 584.0899658203125, lat : -353632621, lng : 1491652374}
xyz LOCAL_POSITION_NED {time_boot_ms : 72391, x : -0.011463317088782787, y : 0.013980413787066936, z : 0.006278569810092449, vx : -0.014511797577142715, vy : 0.017772702500224113, vz : -1.4789784472668543e-05}
ahrs AHRS2 {roll : 0.0018268257845193148, pitch : 0.0015998133458197117, yaw : -0.12774623930454254, altitude : 584.0899658203125, lat : -353632621, lng : 1491652374}
xyz LOCAL_POSITION_NED {time_boot_ms : 72424, x : -0.01144406758248806, y : 0.013959629461169243, z : 0.006278596818447113, vx : -0.01448671706020832, vy : 0.017765585333108902, vz : -3.1332619983004406e-06}
ahrs AHRS2 {roll : 0.0018272781744599342, pitch : 0.0015996848233044147, yaw : -0.12774433195590973, altitude : 584.0899658203125, lat : -353632621, lng : 1491652374}
xyz LOCAL_POSITION_NED {time_boot_ms : 72456, x : -0.011255670338869095, y : 0.013733712956309319, z : 0.00627828249707818, vx : -0.014336112886667252, vy : 0.017628181725740433, vz : -3.126426236121915e-05}
ahrs AHRS2 {roll : 0.0018266484839841723, pitch : 0.0015991926193237305, yaw : -0.1277395486831665, altitude : 584.0899658203125, lat : -353632621, lng : 1491652374}
xyz LOCAL_POSITION_NED {time_boot_ms : 72489, x : -0.011332015506923199, y : 0.013832063414156437, z : 0.006277946755290031, vx : -0.014360234141349792, vy : 0.017679816111922264, vz : -4.977641765435692e-06}
ahrs AHRS2 {roll : 0.0018268984276801348, pitch : 0.0015990280080586672, yaw : -0.12773579359054565, altitude : 584.0899658203125, lat : -353632621, lng : 1491652374}
xyz LOCAL_POSITION_NED {time_boot_ms : 72524, x : -0.011314226314425468, y : 0.013816176913678646, z : 0.006278042681515217, vx : -0.014360561035573483, vy : 0.017677638679742813, vz : 5.241996404947713e-06}
ahrs AHRS2 {roll : 0.0018253236776217818, pitch : 0.0015977190341800451, yaw : -0.1277303248643875, altitude : 584.0899658203125, lat : -353632621, lng : 1491652374}
xyz LOCAL_POSITION_NED {time_boot_ms : 72556, x : -0.011333344504237175, y : 0.013844647444784641, z : 0.006278334651142359, vx : -0.014371209777891636, vy : 0.01771649904549122, vz : -2.1295690544320678e-07}
ahrs AHRS2 {roll : 0.0018228633562102914, pitch : 0.0015954228583723307, yaw : -0.12772534787654877, altitude : 584.0899658203125, lat : -353632621, lng : 1491652374}
xyz LOCAL_POSITION_NED {time_boot_ms : 72589, x : -0.011540290899574757, y : 0.014102241024374962, z : 0.006278539076447487, vx : -0.014516571536660194, vy : 0.01788146235048771, vz : 8.563166375097353e-06}
ahrs AHRS2 {roll : 0.0018262951634824276, pitch : 0.001597164897248149, yaw : -0.12772236764431, altitude : 584.0899658203125, lat : -353632621, lng : 1491652374}
xyz LOCAL_POSITION_NED {time_boot_ms : 72621, x : -0.011399195529520512, y : 0.013933956623077393, z : 0.00627939123660326, vx : -0.014424154534935951, vy : 0.017751755192875862, vz : 5.1008868467761204e-05}
ahrs AHRS2 {roll : 0.0018257178599014878, pitch : 0.00159690051805228, yaw : -0.1277185082435608, altitude : 584.0899658203125, lat : -353632621, lng : 1491652374}
xyz LOCAL_POSITION_NED {time_boot_ms : 72654, x : -0.011210646480321884, y : 0.013706644997000694, z : 0.006281682290136814, vx : -0.014297801069915295, vy : 0.017555642873048782, vz : 8.602429443271831e-05}
ahrs AHRS2 {roll : 0.0018272293964400887, pitch : 0.0015973576810210943, yaw : -0.12771303951740265, altitude : 584.0899658203125, lat : -353632621, lng : 1491652374}
xyz LOCAL_POSITION_NED {time_boot_ms : 72689, x : -0.011323225684463978, y : 0.013847896829247475, z : 0.006284667178988457, vx : -0.014376685954630375, vy : 0.017699802294373512, vz : 7.537534838775173e-05}
ahrs AHRS2 {roll : 0.0018284228863194585, pitch : 0.0015996876172721386, yaw : -0.12771065533161163, altitude : 584.0899658203125, lat : -353632621, lng : 1491652374}
xyz LOCAL_POSITION_NED {time_boot_ms : 72721, x : -0.011271228082478046, y : 0.013787112198770046, z : 0.006286668125540018, vx : -0.014370431192219257, vy : 0.017667267471551895, vz : 6.04529122938402e-05}
ahrs AHRS2 {roll : 0.001828451524488628, pitch : 0.0016016073059290648, yaw : -0.1277061253786087, altitude : 584.0899658203125, lat : -353632621, lng : 1491652374}
xyz LOCAL_POSITION_NED {time_boot_ms : 72754, x : -0.011280563659965992, y : 0.013800621964037418, z : 0.006288617849349976, vx : -0.014361869543790817, vy : 0.01766573265194893, vz : 6.695154297631234e-05}
ahrs AHRS2 {roll : 0.001829124754294753, pitch : 0.0016021381597965956, yaw : -0.12770089507102966, altitude : 584.0899658203125, lat : -353632621, lng : 1491652374}
xyz LOCAL_POSITION_NED {time_boot_ms : 72786, x : -0.011500442400574684, y : 0.014071923680603504, z : 0.006290511228144169, vx : -0.014504754915833473, vy : 0.0178447887301445, vz : 6.415471580112353e-05}
ahrs AHRS2 {roll : 0.0018283419776707888, pitch : 0.0016040807822719216, yaw : -0.12769678235054016, altitude : 584.0899658203125, lat : -353632621, lng : 1491652374}
xyz LOCAL_POSITION_NED {time_boot_ms : 72819, x : -0.011348345316946507, y : 0.013887651264667511, z : 0.006292505189776421, vx : -0.01440828200429678, vy : 0.01768738590180874, vz : 8.088099275482818e-05}
ahrs AHRS2 {roll : 0.0018320904346182942, pitch : 0.0016044832300394773, yaw : -0.127691850066185, altitude : 584.0899658203125, lat : -353632621, lng : 1491652374}
xyz LOCAL_POSITION_NED {time_boot_ms : 72854, x : -0.01119761448353529, y : 0.013704478740692139, z : 0.006294614635407925, vx : -0.014323513023555279, vy : 0.017576714977622032, vz : 8.507121674483642e-05}
ahrs AHRS2 {roll : 0.0018324620323255658, pitch : 0.0016055068699643016, yaw : -0.1276862472295761, altitude : 584.0899658203125, lat : -353632621, lng : 1491652374}
xyz LOCAL_POSITION_NED {time_boot_ms : 72886, x : -0.011288288049399853, y : 0.013815726153552532, z : 0.006297520361840725, vx : -0.014401563443243504, vy : 0.017655523493885994, vz : 0.00010511658183531836}
ahrs AHRS2 {roll : 0.0018336818320676684, pitch : 0.001606292324140668, yaw : -0.127681702375412, altitude : 584.0899658203125, lat : -353632621, lng : 1491652374}
xyz LOCAL_POSITION_NED {time_boot_ms : 72919, x : -0.01122556533664465, y : 0.013739129528403282, z : 0.006300465203821659, vx : -0.014363817870616913, vy : 0.017621837556362152, vz : 0.00012984703062102199}
ahrs AHRS2 {roll : 0.0018318640068173409, pitch : 0.0016085191164165735, yaw : -0.1276787668466568, altitude : 584.0899658203125, lat : -353632621, lng : 1491652374}
xyz LOCAL_POSITION_NED {time_boot_ms : 72951, x : -0.011401018127799034, y : 0.013954723253846169, z : 0.006303874775767326, vx : -0.0144888274371624, vy : 0.017789781093597412, vz : 0.00010274472879245877}
ahrs AHRS2 {roll : 0.001831566565670073, pitch : 0.0016080400673672557, yaw : -0.1276744306087494, altitude : 584.0899658203125, lat : -353632621, lng : 1491652374}
xyz LOCAL_POSITION_NED {time_boot_ms : 72984, x : -0.011456457898020744, y : 0.01402321644127369, z : 0.006306456867605448, vx : -0.014528869651257992, vy : 0.01785128004848957, vz : 0.00010527743870625272}
ahrs AHRS2 {roll : 0.0018310482846572995, pitch : 0.0016094924649223685, yaw : -0.1276659369468689, altitude : 584.0899658203125, lat : -353632621, lng : 1491652374}
xyz LOCAL_POSITION_NED {time_boot_ms : 73019, x : -0.01135339867323637, y : 0.013900130987167358, z : 0.006308931857347488, vx : -0.014420497231185436, vy : 0.017779439687728882, vz : 0.00011789933341788128}
ahrs AHRS2 {roll : 0.0018316152272745967, pitch : 0.001608693622983992, yaw : -0.12766219675540924, altitude : 584.0899658203125, lat : -353632621, lng : 1491652374}
xyz LOCAL_POSITION_NED {time_boot_ms : 73051, x : -0.011386742815375328, y : 0.013944986276328564, z : 0.006311389151960611, vx : -0.014468261040747166, vy : 0.017790041863918304, vz : 0.00011297929449938238}
ahrs AHRS2 {roll : 0.0018340693786740303, pitch : 0.0016077799955382943, yaw : -0.12765873968601227, altitude : 584.0899658203125, lat : -353632621, lng : 1491652374}
xyz LOCAL_POSITION_NED {time_boot_ms : 73084, x : -0.01124458760023117, y : 0.013773569837212563, z : 0.006312684156000614, vx : -0.014346903190016747, vy : 0.017658961936831474, vz : 9.380934352520853e-05}
ahrs AHRS2 {roll : 0.0018330463208258152, pitch : 0.001609248574823141, yaw : -0.1276535838842392, altitude : 584.0899658203125, lat : -353632621, lng : 1491652374}
xyz LOCAL_POSITION_NED {time_boot_ms : 73116, x : -0.01120463665574789, y : 0.013727051205933094, z : 0.006314530503004789, vx : -0.014322653412818909, vy : 0.01759512908756733, vz : 0.00011230298696318641}
ahrs AHRS2 {roll : 0.0018327768193557858, pitch : 0.0016101557994261384, yaw : -0.12764906883239746, altitude : 584.0899658203125, lat : -353632621, lng : 1491652374}
xyz LOCAL_POSITION_NED {time_boot_ms : 73149, x : -0.01136765070259571, y : 0.013928304426372051, z : 0.006317681632936001, vx : -0.014443357475101948, vy : 0.01776290498673916, vz : 0.00013964116806164384}
ahrs AHRS2 {roll : 0.001834460417740047, pitch : 0.001608213409781456, yaw : -0.1276438683271408, altitude : 584.0899658203125, lat : -353632621, lng : 1491652374}
xyz LOCAL_POSITION_NED {time_boot_ms : 73184, x : -0.011472326703369617, y : 0.014058716595172882, z : 0.006321231834590435, vx : -0.014500588178634644, vy : 0.017849350348114967, vz : 0.00014952305355109274}
ahrs AHRS2 {roll : 0.0018377084052190185, pitch : 0.001609615865163505, yaw : -0.1276399940252304, altitude : 584.0899658203125, lat : -353632621, lng : 1491652374}
xyz LOCAL_POSITION_NED {time_boot_ms : 73216, x : -0.011334936134517193, y : 0.01389171089977026, z : 0.00632347259670496, vx : -0.014420360326766968, vy : 0.01770682819187641, vz : 0.0001571644825162366}
ahrs AHRS2 {roll : 0.001837186049669981, pitch : 0.001610799110494554, yaw : -0.12763524055480957, altitude : 584.0899658203125, lat : -353632621, lng : 1491652374}
xyz LOCAL_POSITION_NED {time_boot_ms : 73249, x : -0.011163292452692986, y : 0.01368198823183775, z : 0.006325227208435535, vx : -0.014310198836028576, vy : 0.017554238438606262, vz : 0.00013170983584132046}
ahrs AHRS2 {roll : 0.0018387965392321348, pitch : 0.001612591790035367, yaw : -0.12763124704360962, altitude : 584.0899658203125, lat : -353632621, lng : 1491652374}
xyz LOCAL_POSITION_NED {time_boot_ms : 73282, x : -0.011244048364460468, y : 0.013781175017356873, z : 0.006328064948320389, vx : -0.01439534593373537, vy : 0.017625940963625908, vz : 0.00012879692076239735}
ahrs AHRS2 {roll : 0.0018397243693470955, pitch : 0.0016137241618707776, yaw : -0.12762801349163055, altitude : 584.0899658203125, lat : -353632621, lng : 1491652374}
xyz LOCAL_POSITION_NED {time_boot_ms : 73314, x : -0.011196570470929146, y : 0.013723024167120457, z : 0.006329917814582586, vx : -0.014364651404321194, vy : 0.01762576773762703, vz : 0.00013465758820530027}
ahrs AHRS2 {roll : 0.0018405945738777518, pitch : 0.0016162641113623977, yaw : -0.12762446701526642, altitude : 584.0899658203125, lat : -353632621, lng : 1491652374}
xyz LOCAL_POSITION_NED {time_boot_ms : 73347, x : -0.011361139826476574, y : 0.013925292529165745, z : 0.00633254274725914, vx : -0.014479091390967369, vy : 0.017764553427696228, vz : 0.000123241770779714}
ahrs AHRS2 {roll : 0.001843831385485828, pitch : 0.001618418376892805, yaw : -0.12761926651000977, altitude : 584.0899658203125, lat : -353632621, lng : 1491652374}
xyz LOCAL_POSITION_NED {time_boot_ms : 73382, x : -0.011466456577181816, y : 0.014053888618946075, z : 0.006334609352052212, vx : -0.014564084820449352, vy : 0.017829427495598793, vz : 0.00012599652109201998}
ahrs AHRS2 {roll : 0.0018452814547345042, pitch : 0.0016198765952140093, yaw : -0.12761569023132324, altitude : 584.0899658203125, lat : -353632621, lng : 1491652374}
xyz LOCAL_POSITION_NED {time_boot_ms : 73414, x : -0.01145942136645317, y : 0.014045041054487228, z : 0.006336258724331856, vx : -0.014540322124958038, vy : 0.017840806394815445, vz : 0.00014768635446671396}
ahrs AHRS2 {roll : 0.0018479210557416081, pitch : 0.0016232631169259548, yaw : -0.12761367857456207, altitude : 584.0899658203125, lat : -353632621, lng : 1491652374}
xyz LOCAL_POSITION_NED {time_boot_ms : 73447, x : -0.011472038924694061, y : 0.014061038382351398, z : 0.006338580511510372, vx : -0.014559402130544186, vy : 0.017854660749435425, vz : 0.00015365201397798955}
ahrs AHRS2 {roll : 0.00184775295201689, pitch : 0.0016236566007137299, yaw : -0.12760932743549347, altitude : 584.0899658203125, lat : -353632621, lng : 1491652374}
xyz LOCAL_POSITION_NED {time_boot_ms : 73479, x : -0.011328055523335934, y : 0.013884461484849453, z : 0.006339929532259703, vx : -0.01449799258261919, vy : 0.017739634960889816, vz : 0.00013602356193587184}
ahrs AHRS2 {roll : 0.0018484671600162983, pitch : 0.0016242603305727243, yaw : -0.12760579586029053, altitude : 584.0899658203125, lat : -353632621, lng : 1491652374}
xyz LOCAL_POSITION_NED {time_boot_ms : 73512, x : -0.011265171691775322, y : 0.01380667369812727, z : 0.0063413213938474655, vx : -0.014453301206231117, vy : 0.017696483060717583, vz : 0.0001465767272748053}
ahrs AHRS2 {roll : 0.0018497774144634604, pitch : 0.001624962082132697, yaw : -0.12760311365127563, altitude : 584.0899658203125, lat : -353632621, lng : 1491652374}
xyz LOCAL_POSITION_NED {time_boot_ms : 73547, x : -0.011457507498562336, y : 0.014040803536772728, z : 0.006343771703541279, vx : -0.014584662392735481, vy : 0.01782834157347679, vz : 0.00011647693463601172}
ahrs AHRS2 {roll : 0.0018497947603464127, pitch : 0.0016236420487985015, yaw : -0.12760110199451447, altitude : 584.0899658203125, lat : -353632621, lng : 1491652374}
xyz LOCAL_POSITION_NED {time_boot_ms : 73579, x : -0.011513558216392994, y : 0.014107809402048588, z : 0.006344558671116829, vx : -0.014644083566963673, vy : 0.01787745952606201, vz : 9.19412195798941e-05}
ahrs AHRS2 {roll : 0.0018482673913240433, pitch : 0.001626287237741053, yaw : -0.12759685516357422, altitude : 584.0899658203125, lat : -353632621, lng : 1491652374}
xyz LOCAL_POSITION_NED {time_boot_ms : 73612, x : -0.011483944021165371, y : 0.014069676399230957, z : 0.006343931891024113, vx : -0.014607428573071957, vy : 0.017855392768979073, vz : 7.117389759514481e-05}
ahrs AHRS2 {roll : 0.0018481453880667686, pitch : 0.0016253378707915545, yaw : -0.1275932937860489, altitude : 584.0899658203125, lat : -353632621, lng : 1491652374}
xyz LOCAL_POSITION_NED {time_boot_ms : 73644, x : -0.011503148823976517, y : 0.014092078432440758, z : 0.006343386135995388, vx : -0.014625844545662403, vy : 0.017873277887701988, vz : 6.650929572060704e-05}
ahrs AHRS2 {roll : 0.0018486934714019299, pitch : 0.0016242837300524116, yaw : -0.12758859992027283, altitude : 584.0899658203125, lat : -353632621, lng : 1491652374}
xyz LOCAL_POSITION_NED {time_boot_ms : 73677, x : -0.011337936855852604, y : 0.01388852670788765, z : 0.006341428495943546, vx : -0.014518298208713531, vy : 0.017749061807990074, vz : 6.03306143602822e-05}
ahrs AHRS2 {roll : 0.0018492015078663826, pitch : 0.0016261746641248465, yaw : -0.12758488953113556, altitude : 584.0899658203125, lat : -353632621, lng : 1491652374}
xyz LOCAL_POSITION_NED {time_boot_ms : 73712, x : -0.011302722617983818, y : 0.013843866996467113, z : 0.006340202875435352, vx : -0.01449254434555769, vy : 0.017721926793456078, vz : 7.314606773434207e-05}
ahrs AHRS2 {roll : 0.00185186299495399, pitch : 0.0016262208810076118, yaw : -0.12758144736289978, altitude : 584.0899658203125, lat : -353632621, lng : 1491652374}
xyz LOCAL_POSITION_NED {time_boot_ms : 73744, x : -0.011466292664408684, y : 0.014043053612112999, z : 0.006340231280773878, vx : -0.014628901146352291, vy : 0.017875052988529205, vz : 8.700945909367874e-05}
ahrs AHRS2 {roll : 0.0018509915098547935, pitch : 0.0016260158736258745, yaw : -0.1275762915611267, altitude : 584.0899658203125, lat : -353632621, lng : 1491652374}
xyz LOCAL_POSITION_NED {time_boot_ms : 73777, x : -0.011503363959491253, y : 0.014085843227803707, z : 0.0063401153311133385, vx : -0.014658581465482712, vy : 0.01789194531738758, vz : 8.958985563367605e-05}
ahrs AHRS2 {roll : 0.0018517541466280818, pitch : 0.0016282718861475587, yaw : -0.1275719553232193, altitude : 584.0899658203125, lat : -353632621, lng : 1491652374}
xyz LOCAL_POSITION_NED {time_boot_ms : 73809, x : -0.011744131334125996, y : 0.014378482475876808, z : 0.006340423133224249, vx : -0.014799949713051319, vy : 0.01806100271642208, vz : 5.63905960007105e-05}
ahrs AHRS2 {roll : 0.0018506364431232214, pitch : 0.0016302090371027589, yaw : -0.12756620347499847, altitude : 584.0899658203125, lat : -353632621, lng : 1491652374}
xyz LOCAL_POSITION_NED {time_boot_ms : 73842, x : -0.011483067646622658, y : 0.014056908898055553, z : 0.006338202394545078, vx : -0.014633155427873135, vy : 0.017817873507738113, vz : 3.2540341635467485e-05}
ahrs AHRS2 {roll : 0.0018535604467615485, pitch : 0.001631732564419508, yaw : -0.1275615096092224, altitude : 584.0899658203125, lat : -353632621, lng : 1491652374}
xyz LOCAL_POSITION_NED {time_boot_ms : 73877, x : -0.011361545883119106, y : 0.013905108906328678, z : 0.006335624493658543, vx : -0.014554547145962715, vy : 0.01771131344139576, vz : 1.5156758763623657e-06}
ahrs AHRS2 {roll : 0.001854948466643691, pitch : 0.0016338061541318893, yaw : -0.1275547742843628, altitude : 584.0899658203125, lat : -353632621, lng : 1491652374}
xyz LOCAL_POSITION_NED {time_boot_ms : 73909, x : -0.011472456157207489, y : 0.014037744142115116, z : 0.0063342200592160225, vx : -0.01463256310671568, vy : 0.017833489924669266, vz : 2.234079693153035e-05}
ahrs AHRS2 {roll : 0.0018541134195402265, pitch : 0.0016343138413503766, yaw : -0.12755277752876282, altitude : 584.0899658203125, lat : -353632621, lng : 1491652374}
xyz LOCAL_POSITION_NED {time_boot_ms : 73942, x : -0.011435361579060555, y : 0.01398959569633007, z : 0.006331736221909523, vx : -0.014629028737545013, vy : 0.017797760665416718, vz : 7.43239468192769e-07}
ahrs AHRS2 {roll : 0.00185449852142483, pitch : 0.0016358239809051156, yaw : -0.1275501251220703, altitude : 584.0899658203125, lat : -353632621, lng : 1491652374}
xyz LOCAL_POSITION_NED {time_boot_ms : 73974, x : -0.011494428850710392, y : 0.014057029969990253, z : 0.006329852156341076, vx : -0.014666910283267498, vy : 0.01780545897781849, vz : 1.3592188224720303e-05}
ahrs AHRS2 {roll : 0.0018570836400613189, pitch : 0.0016361989546567202, yaw : -0.12754741311073303, altitude : 584.0899658203125, lat : -353632621, lng : 1491652374}
xyz LOCAL_POSITION_NED {time_boot_ms : 74007, x : -0.011722390539944172, y : 0.014331739395856857, z : 0.006328279618173838, vx : -0.014812827110290527, vy : 0.018008455634117126, vz : -9.777470040717162e-06}
ahrs AHRS2 {roll : 0.001856864895671606, pitch : 0.0016378868604078889, yaw : -0.12754355370998383, altitude : 584.0899658203125, lat : -353632621, lng : 1491652374}
xyz LOCAL_POSITION_NED {time_boot_ms : 74042, x : -0.011510573327541351, y : 0.01406972948461771, z : 0.006325674243271351, vx : -0.014692855067551136, vy : 0.017828471958637238, vz : -5.300128577800933e-06}
ahrs AHRS2 {roll : 0.0018596954178065062, pitch : 0.0016392285469919443, yaw : -0.1275395303964615, altitude : 584.0899658203125, lat : -353632621, lng : 1491652374}
xyz LOCAL_POSITION_NED {time_boot_ms : 74074, x : -0.011353394016623497, y : 0.013873024843633175, z : 0.006323270499706268, vx : -0.014608209952712059, vy : 0.017676983028650284, vz : 1.1454289051471278e-05}
ahrs AHRS2 {roll : 0.0018606726080179214, pitch : 0.0016402702312916517, yaw : -0.12753461301326752, altitude : 584.0899658203125, lat : -353632621, lng : 1491652374}
xyz LOCAL_POSITION_NED {time_boot_ms : 74107, x : -0.011452521197497845, y : 0.013989876955747604, z : 0.006321942899376154, vx : -0.014639663510024548, vy : 0.0177683774381876, vz : 4.612929842551239e-06}
ahrs AHRS2 {roll : 0.0018599668983370066, pitch : 0.0016422696644440293, yaw : -0.1275307834148407, altitude : 584.0899658203125, lat : -353632621, lng : 1491652374}
xyz LOCAL_POSITION_NED {time_boot_ms : 74139, x : -0.011426282115280628, y : 0.013954072259366512, z : 0.006320266053080559, vx : -0.0146311791613698, vy : 0.017740312963724136, vz : 1.1023078513971996e-05}
ahrs AHRS2 {roll : 0.0018622215138748288, pitch : 0.0016440071631222963, yaw : -0.12752765417099, altitude : 584.0899658203125, lat : -353632621, lng : 1491652374}
xyz LOCAL_POSITION_NED {time_boot_ms : 74174, x : -0.011507606133818626, y : 0.014048757031559944, z : 0.0063190758228302, vx : -0.014689529314637184, vy : 0.017808441072702408, vz : 1.6083700757008046e-05}
ahrs AHRS2 {roll : 0.0018620210466906428, pitch : 0.0016440062317997217, yaw : -0.1275223046541214, altitude : 584.0899658203125, lat : -353632621, lng : 1491652374}
xyz LOCAL_POSITION_NED {time_boot_ms : 74206, x : -0.011733632534742355, y : 0.014321145601570606, z : 0.006318428087979555, vx : -0.014807424508035183, vy : 0.018006645143032074, vz : 1.5167065612331498e-06}
ahrs AHRS2 {roll : 0.001861828612163663, pitch : 0.0016448989044874907, yaw : -0.12751635909080505, altitude : 584.0899658203125, lat : -353632621, lng : 1491652374}
xyz LOCAL_POSITION_NED {time_boot_ms : 74239, x : -0.011481431312859058, y : 0.014013302512466908, z : 0.006316440179944038, vx : -0.014619670808315277, vy : 0.017807641997933388, vz : -1.1774813174270093e-05}
ahrs AHRS2 {roll : 0.0018626215169206262, pitch : 0.0016450887778773904, yaw : -0.1275119036436081, altitude : 584.0899658203125, lat : -353632621, lng : 1491652374}
xyz LOCAL_POSITION_NED {time_boot_ms : 74271, x : -0.011320763267576694, y : 0.013816163875162601, z : 0.00631463760510087, vx : -0.014542372897267342, vy : 0.017641056329011917, vz : -1.0421328624943271e-05}
ahrs AHRS2 {roll : 0.0018615401349961758, pitch : 0.0016459899488836527, yaw : -0.12750977277755737, altitude : 584.0899658203125, lat : -353632621, lng : 1491652374}
xyz LOCAL_POSITION_NED {time_boot_ms : 74304, x : -0.011417918838560581, y : 0.013931979425251484, z : 0.006312984507530928, vx : -0.014620829373598099, vy : 0.017701303586363792, vz : -3.3697022445267066e-05}
ahrs AHRS2 {roll : 0.0018601876217871904, pitch : 0.0016483678482472897, yaw : -0.1275048702955246, altitude : 584.0899658203125, lat : -353632621, lng : 1491652374}
xyz LOCAL_POSITION_NED {time_boot_ms : 74339, x : -0.011427064426243305, y : 0.013939203694462776, z : 0.006310249213129282, vx : -0.014650078490376472, vy : 0.017726842314004898, vz : -3.8550857425434515e-05}
ahrs AHRS2 {roll : 0.0018624125514179468, pitch : 0.0016523965168744326, yaw : -0.1275012195110321, altitude : 584.0899658203125, lat : -353632621, lng : 1491652374}
xyz LOCAL_POSITION_NED {time_boot_ms : 74371, x : -0.011471636593341827, y : 0.01398882269859314, z : 0.006308291107416153, vx : -0.014697069302201271, vy : 0.017751457169651985, vz : -2.2260703190113418e-05}
ahrs AHRS2 {roll : 0.0018651585560292006, pitch : 0.0016535961767658591, yaw : -0.1274975687265396, altitude : 584.0899658203125, lat : -353632621, lng : 1491652374}
xyz LOCAL_POSITION_NED {time_boot_ms : 74404, x : -0.01169790793210268, y : 0.014259731397032738, z : 0.006307320203632116, vx : -0.01483570970594883, vy : 0.017947182059288025, vz : 8.44325859361561e-06}
ahrs AHRS2 {roll : 0.0018649554112926126, pitch : 0.0016501694917678833, yaw : -0.1274903267621994, altitude : 584.0899658203125, lat : -353632621, lng : 1491652374}
xyz LOCAL_POSITION_NED {time_boot_ms : 74436, x : -0.011446770280599594, y : 0.013951681554317474, z : 0.0063064200803637505, vx : -0.014670440927147865, vy : 0.01774282567203045, vz : -2.2050546249374747e-05}
ahrs AHRS2 {roll : 0.0018634094158187509, pitch : 0.0016505348030477762, yaw : -0.12748736143112183, altitude : 584.0899658203125, lat : -353632621, lng : 1491652374}
xyz LOCAL_POSITION_NED {time_boot_ms : 74469, x : -0.011489489115774632, y : 0.014000620692968369, z : 0.006305442191660404, vx : -0.014712090604007244, vy : 0.017763081938028336, vz : -9.916065209836233e-06}
ahrs AHRS2 {roll : 0.001863565412349999, pitch : 0.0016487553948536515, yaw : -0.12748268246650696, altitude : 584.0899658203125, lat : -353632621, lng : 1491652374}
xyz LOCAL_POSITION_NED {time_boot_ms : 74504, x : -0.011422253213822842, y : 0.013914752751588821, z : 0.006304820068180561, vx : -0.014657112769782543, vy : 0.017726028338074684, vz : 6.181428034324199e-06}
ahrs AHRS2 {roll : 0.0018618733156472445, pitch : 0.0016473134746775031, yaw : -0.12747831642627716, altitude : 584.0899658203125, lat : -353632621, lng : 1491652374}
xyz LOCAL_POSITION_NED {time_boot_ms : 74536, x : -0.011395485140383244, y : 0.01387922652065754, z : 0.006304430775344372, vx : -0.01465214416384697, vy : 0.017694693058729172, vz : 1.193533626064891e-05}
ahrs AHRS2 {roll : 0.0018620825139805675, pitch : 0.0016457607271149755, yaw : -0.1274718940258026, altitude : 584.0899658203125, lat : -353632621, lng : 1491652374}
xyz LOCAL_POSITION_NED {time_boot_ms : 74569, x : -0.011577200144529343, y : 0.014095956459641457, z : 0.00630374439060688, vx : -0.014790724031627178, vy : 0.017819633707404137, vz : -8.400904334848747e-06}
ahrs AHRS2 {roll : 0.0018613366410136223, pitch : 0.0016417998122051358, yaw : -0.1274682581424713, altitude : 584.0899658203125, lat : -353632621, lng : 1491652374}
xyz LOCAL_POSITION_NED {time_boot_ms : 74601, x : -0.011667465791106224, y : 0.01420001219958067, z : 0.006303086411207914, vx : -0.014881208539009094, vy : 0.017889520153403282, vz : -2.3008888661024685e-07}
ahrs AHRS2 {roll : 0.0018596586305648088, pitch : 0.001639074645936489, yaw : -0.12746527791023254, altitude : 584.0899658203125, lat : -353632621, lng : 1491652374}
xyz LOCAL_POSITION_NED {time_boot_ms : 74634, x : -0.011418873444199562, y : 0.013892126269638538, z : 0.006302308291196823, vx : -0.01474880799651146, vy : 0.017698457464575768, vz : 1.336054083367344e-05}
ahrs AHRS2 {roll : 0.0018571532564237714, pitch : 0.0016368661308661103, yaw : -0.12746073305606842, altitude : 584.0899658203125, lat : -353632621, lng : 1491652374}
xyz LOCAL_POSITION_NED {time_boot_ms : 74669, x : -0.011501848697662354, y : 0.013986009173095226, z : 0.0063020274974405766, vx : -0.01482066884636879, vy : 0.01778434030711651, vz : 7.719873792666476e-06}
ahrs AHRS2 {roll : 0.0018543656915426254, pitch : 0.0016318483976647258, yaw : -0.1274556815624237, altitude : 584.0899658203125, lat : -353632621, lng : 1491652374}
xyz LOCAL_POSITION_NED {time_boot_ms : 74701, x : -0.011401079595088959, y : 0.013857753947377205, z : 0.006301349028944969, vx : -0.014776293188333511, vy : 0.01772092655301094, vz : 4.222932147968095e-06}
ahrs AHRS2 {roll : 0.0018504962790757418, pitch : 0.0016296787653118372, yaw : -0.12744948267936707, altitude : 584.0899658203125, lat : -353632621, lng : 1491652374}
xyz LOCAL_POSITION_NED {time_boot_ms : 74734, x : -0.011378929018974304, y : 0.013824120163917542, z : 0.006300969049334526, vx : -0.014775346964597702, vy : 0.01770899072289467, vz : 1.9631745090009645e-05}
ahrs AHRS2 {roll : 0.00185011129360646, pitch : 0.0016280349809676409, yaw : -0.12744593620300293, altitude : 584.0899658203125, lat : -353632621, lng : 1491652374}
xyz LOCAL_POSITION_NED {time_boot_ms : 74766, x : -0.011564621701836586, y : 0.014042770490050316, z : 0.006301253102719784, vx : -0.01489703543484211, vy : 0.017864271998405457, vz : 2.3502934709540568e-05}
ahrs AHRS2 {roll : 0.0018498298013582826, pitch : 0.001624327851459384, yaw : -0.12744230031967163, altitude : 584.0899658203125, lat : -353632621, lng : 1491652374}
xyz LOCAL_POSITION_NED {time_boot_ms : 74799, x : -0.011657947674393654, y : 0.014149789698421955, z : 0.0063013797625899315, vx : -0.014926379546523094, vy : 0.017928430810570717, vz : 1.2687276466749609e-05}
ahrs AHRS2 {roll : 0.0018473597010597587, pitch : 0.0016248072497546673, yaw : -0.1274365782737732, altitude : 584.0899658203125, lat : -353632621, lng : 1491652374}
xyz LOCAL_POSITION_NED {time_boot_ms : 74834, x : -0.011432882398366928, y : 0.013875213451683521, z : 0.006300917826592922, vx : -0.014728294685482979, vy : 0.017762646079063416, vz : 1.4182193808665033e-05}
ahrs AHRS2 {roll : 0.0018448862247169018, pitch : 0.001621156232431531, yaw : -0.12743012607097626, altitude : 584.0899658203125, lat : -353632621, lng : 1491652374}
xyz LOCAL_POSITION_NED {time_boot_ms : 74866, x : -0.011488422751426697, y : 0.013941792771220207, z : 0.0063009075820446014, vx : -0.014745194464921951, vy : 0.017800934612751007, vz : 1.6490721463924274e-05}
ahrs AHRS2 {roll : 0.0018440604908391833, pitch : 0.0016205693827942014, yaw : -0.12742546200752258, altitude : 584.0899658203125, lat : -353632621, lng : 1491652374}
xyz LOCAL_POSITION_NED {time_boot_ms : 74899, x : -0.011371973901987076, y : 0.013800178654491901, z : 0.006300818175077438, vx : -0.014698139391839504, vy : 0.017707541584968567, vz : 1.5588735550409183e-05}
ahrs AHRS2 {roll : 0.001842145691625774, pitch : 0.0016192791517823935, yaw : -0.12742061913013458, altitude : 584.0899658203125, lat : -353632621, lng : 1491652374}
xyz LOCAL_POSITION_NED {time_boot_ms : 74931, x : -0.011518584564328194, y : 0.013975839130580425, z : 0.006300644017755985, vx : -0.014799244701862335, vy : 0.01784907653927803, vz : -2.584690037110704e-06}
ahrs AHRS2 {roll : 0.001840959768742323, pitch : 0.0016179386293515563, yaw : -0.12741562724113464, altitude : 584.0899658203125, lat : -353632621, lng : 1491652374}
xyz LOCAL_POSITION_NED {time_boot_ms : 74964, x : -0.011528811417520046, y : 0.01398730929940939, z : 0.006300108972936869, vx : -0.01477646455168724, vy : 0.0178437028080225, vz : 1.836865885707084e-05}
ahrs AHRS2 {roll : 0.0018403101712465286, pitch : 0.0016170861199498177, yaw : -0.12740935385227203, altitude : 584.0899658203125, lat : -353632621, lng : 1491652374}
xyz LOCAL_POSITION_NED {time_boot_ms : 74999, x : -0.011655288748443127, y : 0.014139911159873009, z : 0.006300024688243866, vx : -0.014857507310807705, vy : 0.017951663583517075, vz : -5.487292582984082e-06}
ahrs AHRS2 {roll : 0.0018379840767011046, pitch : 0.0016155847115442157, yaw : -0.12740379571914673, altitude : 584.0899658203125, lat : -353632621, lng : 1491652374}
xyz LOCAL_POSITION_NED {time_boot_ms : 75031, x : -0.011649955064058304, y : 0.014132814481854439, z : 0.006299587897956371, vx : -0.014856039546430111, vy : 0.017925608903169632, vz : 1.3598676559922751e-05}
ahrs AHRS2 {roll : 0.0018376095686107874, pitch : 0.0016142522217705846, yaw : -0.1273990124464035, altitude : 584.0899658203125, lat : -353632621, lng : 1491652374}
xyz LOCAL_POSITION_NED {time_boot_ms : 75064, x : -0.01144748367369175, y : 0.013887546956539154, z : 0.006299074739217758, vx : -0.014722829684615135, vy : 0.017787352204322815, vz : 7.219765848276438e-06}
ahrs AHRS2 {roll : 0.001835286500863731, pitch : 0.0016128401039168239, yaw : -0.12739431858062744, altitude : 584.0899658203125, lat : -353632621, lng : 1491652374}
xyz LOCAL_POSITION_NED {time_boot_ms : 75096, x : -0.011354380287230015, y : 0.01377627532929182, z : 0.006298544816672802, vx : -0.014626819640398026, vy : 0.017706111073493958, vz : 8.070310286711901e-06}
xyz LOCAL_POSITION_NED {time_boot_ms : 75357, x : -0.011454623192548752, y : 0.013897077180445194, z : 0.006294144783169031, vx : -0.01472381129860878, vy : 0.017804626375436783, vz : -9.622467587178107e-06}
ahrs AHRS2 {roll : 0.0018268106505274773, pitch : 0.00160795240662992, yaw : -0.127312570810318, altitude : 584.0899658203125, lat : -353632621, lng : 1491652374}
xyz LOCAL_POSITION_NED {time_boot_ms : 75607, x : -0.011473185382783413, y : 0.01393035613000393, z : 0.006291582249104977, vx : -0.014792677946388721, vy : 0.01788948103785515, vz : -1.619663271412719e-05}
ahrs AHRS2 {roll : 0.0018259156495332718, pitch : 0.0016063193324953318, yaw : -0.12730737030506134, altitude : 584.0899658203125, lat : -353632621, lng : 1491652374}
xyz LOCAL_POSITION_NED {time_boot_ms : 75642, x : -0.011514638550579548, y : 0.013979791663587093, z : 0.00629076175391674, vx : -0.014799213036894798, vy : 0.017885476350784302, vz : -4.714183432952268e-06}
ahrs AHRS2 {roll : 0.0018258218187838793, pitch : 0.0016061156056821346, yaw : -0.12730063498020172, altitude : 584.0899658203125, lat : -353632621, lng : 1491652374}
xyz LOCAL_POSITION_NED {time_boot_ms : 75674, x : -0.01138540543615818, y : 0.01382275391370058, z : 0.006290239281952381, vx : -0.01468544639647007, vy : 0.017760438844561577, vz : 1.3650014807353728e-05}
ahrs AHRS2 {roll : 0.001826137537136674, pitch : 0.0016030477127060294, yaw : -0.12729695439338684, altitude : 584.0899658203125, lat : -353632621, lng : 1491652374}
xyz LOCAL_POSITION_NED {time_boot_ms : 75707, x : -0.011313362047076225, y : 0.013735062442719936, z : 0.0062897116877138615, vx : -0.014649703167378902, vy : 0.017726857215166092, vz : -4.454628196981503e-06}
ahrs AHRS2 {roll : 0.0018260111100971699, pitch : 0.0016036301385611296, yaw : -0.12729327380657196, altitude : 584.0899658203125, lat : -353632621, lng : 1491652374}
xyz LOCAL_POSITION_NED {time_boot_ms : 75739, x : -0.011485947296023369, y : 0.013944164849817753, z : 0.0062895724549889565, vx : -0.014741193503141403, vy : 0.017862791195511818, vz : 6.7239670897834e-07}
ahrs AHRS2 {roll : 0.0018250179709866643, pitch : 0.0016007215017452836, yaw : -0.12728837132453918, altitude : 584.0899658203125, lat : -353632621, lng : 1491652374}
xyz LOCAL_POSITION_NED {time_boot_ms : 75772, x : -0.01153282355517149, y : 0.01400156319141388, z : 0.006289385724812746, vx : -0.014780865982174873, vy : 0.017904838547110558, vz : 2.8631413442781195e-05}
ahrs AHRS2 {roll : 0.0018220413476228714, pitch : 0.0015998566523194313, yaw : -0.12728138267993927, altitude : 584.0899658203125, lat : -353632621, lng : 1491652374}
xyz LOCAL_POSITION_NED {time_boot_ms : 75807, x : -0.011555084958672523, y : 0.014028331264853477, z : 0.006289755925536156, vx : -0.014780782163143158, vy : 0.01789218932390213, vz : 2.9701393941650167e-05}
ahrs AHRS2 {roll : 0.0018236531177535653, pitch : 0.0015994510613381863, yaw : -0.12727667391300201, altitude : 584.0899658203125, lat : -353632621, lng : 1491652374}
xyz LOCAL_POSITION_NED {time_boot_ms : 75839, x : -0.011576195247471333, y : 0.014054001308977604, z : 0.006289866752922535, vx : -0.014769389294087887, vy : 0.01789277419447899, vz : 2.2331726086122217e-06}
ahrs AHRS2 {roll : 0.0018224570667371154, pitch : 0.0015998282469809055, yaw : -0.12727177143096924, altitude : 584.0899658203125, lat : -353632621, lng : 1491652374}
xyz LOCAL_POSITION_NED {time_boot_ms : 75872, x : -0.011411511339247227, y : 0.013853735290467739, z : 0.006289137993007898, vx : -0.014672165736556053, vy : 0.01770869642496109, vz : -7.103435564204119e-06}
ahrs AHRS2 {roll : 0.0018214330775663257, pitch : 0.0015998991439118981, yaw : -0.12726755440235138, altitude : 584.0899658203125, lat : -353632621, lng : 1491652374}
xyz LOCAL_POSITION_NED {time_boot_ms : 75904, x : -0.011527116410434246, y : 0.013992458581924438, z : 0.006288591772317886, vx : -0.01471944060176611, vy : 0.017808519303798676, vz : -5.742969733546488e-06}
ahrs AHRS2 {roll : 0.001821471145376563, pitch : 0.001599933486431837, yaw : -0.12726259231567383, altitude : 584.0899658203125, lat : -353632621, lng : 1491652374}
xyz LOCAL_POSITION_NED {time_boot_ms : 75937, x : -0.011494330130517483, y : 0.013952525332570076, z : 0.00628810515627265, vx : -0.014686881564557552, vy : 0.017773400992155075, vz : 1.5215378880384378e-05}
ahrs AHRS2 {roll : 0.0018194803269580007, pitch : 0.0015998522285372019, yaw : -0.1272546648979187, altitude : 584.0899658203125, lat : -353632621, lng : 1491652374}
xyz LOCAL_POSITION_NED {time_boot_ms : 75972, x : -0.011580972000956535, y : 0.014056690037250519, z : 0.006288646720349789, vx : -0.014740893617272377, vy : 0.017817297950387, vz : 3.334538632771e-05}
ahrs AHRS2 {roll : 0.001816804870031774, pitch : 0.0015985051868483424, yaw : -0.12725189328193665, altitude : 584.0899658203125, lat : -353632621, lng : 1491652374}
xyz LOCAL_POSITION_NED {time_boot_ms : 76004, x : -0.011823810636997223, y : 0.01434978935867548, z : 0.006289299577474594, vx : -0.01488024927675724, vy : 0.01799910143017769, vz : 1.601713665877469e-05}
ahrs AHRS2 {roll : 0.0018141993787139654, pitch : 0.0015975427813827991, yaw : -0.12724550068378448, altitude : 584.0899658203125, lat : -353632621, lng : 1491652374}
xyz LOCAL_POSITION_NED {time_boot_ms : 76037, x : -0.01156067568808794, y : 0.01403109636157751, z : 0.006289551500231028, vx : -0.014704461209475994, vy : 0.01780252531170845, vz : 2.0641093215090223e-05}
ahrs AHRS2 {roll : 0.0018129459349438548, pitch : 0.0015965804923325777, yaw : -0.12724196910858154, altitude : 584.0899658203125, lat : -353632621, lng : 1491652374}
xyz LOCAL_POSITION_NED {time_boot_ms : 76069, x : -0.01141362264752388, y : 0.013852880336344242, z : 0.006289429496973753, vx : -0.014595367014408112, vy : 0.01767570897936821, vz : 1.2079751286364626e-05}
ahrs AHRS2 {roll : 0.0018136342987418175, pitch : 0.0015964042395353317, yaw : -0.1272391676902771, altitude : 584.0899658203125, lat : -353632621, lng : 1491652374}
xyz LOCAL_POSITION_NED {time_boot_ms : 76102, x : -0.011511784046888351, y : 0.013972733169794083, z : 0.006289155688136816, vx : -0.014652175828814507, vy : 0.017795663326978683, vz : -8.660028470330872e-06}
ahrs AHRS2 {roll : 0.0018155664438381791, pitch : 0.0015973926056176424, yaw : -0.12723544239997864, altitude : 584.0899658203125, lat : -353632621, lng : 1491652374}
xyz LOCAL_POSITION_NED {time_boot_ms : 76137, x : -0.01152193732559681, y : 0.0139871034771204, z : 0.006288366392254829, vx : -0.014662922360002995, vy : 0.01780647598206997, vz : -2.6385963792563416e-05}
ahrs AHRS2 {roll : 0.0018150166142731905, pitch : 0.0015986004145815969, yaw : -0.12723219394683838, altitude : 584.0899658203125, lat : -353632621, lng : 1491652374}
xyz LOCAL_POSITION_NED {time_boot_ms : 76169, x : -0.011566763743758202, y : 0.014043488539755344, z : 0.006287476979196072, vx : -0.014688346534967422, vy : 0.017845507711172104, vz : -1.6660937035339884e-05}
ahrs AHRS2 {roll : 0.0018136275466531515, pitch : 0.0015993625856935978, yaw : -0.12722806632518768, altitude : 584.0899658203125, lat : -353632621, lng : 1491652374}
xyz LOCAL_POSITION_NED {time_boot_ms : 76202, x : -0.011793960817158222, y : 0.014320271089673042, z : 0.006286324001848698, vx : -0.014858678914606571, vy : 0.0180247500538826, vz : -4.370806709630415e-05}
ahrs AHRS2 {roll : 0.0018115723505616188, pitch : 0.0015993412816897035, yaw : -0.1272243708372116, altitude : 584.0899658203125, lat : -353632621, lng : 1491652374}
xyz LOCAL_POSITION_NED {time_boot_ms : 76234, x : -0.01154129859060049, y : 0.014014441519975662, z : 0.006284653674811125, vx : -0.014705751091241837, vy : 0.017851069569587708, vz : -4.526329939835705e-05}
ahrs AHRS2 {roll : 0.0018114940030500293, pitch : 0.001600075513124466, yaw : -0.1272166222333908, altitude : 584.0899658203125, lat : -353632621, lng : 1491652374}
xyz LOCAL_POSITION_NED {time_boot_ms : 76269, x : -0.011417871341109276, y : 0.01386552769690752, z : 0.006282752379775047, vx : -0.014625675976276398, vy : 0.017755741253495216, vz : -3.509741509333253e-05}
ahrs AHRS2 {roll : 0.0018109858501702547, pitch : 0.0016016550362110138, yaw : -0.127211794257164, altitude : 584.0899658203125, lat : -353632621, lng : 1491652374}
xyz LOCAL_POSITION_NED {time_boot_ms : 76301, x : -0.011516407132148743, y : 0.013985304161906242, z : 0.006281438283622265, vx : -0.014696854166686535, vy : 0.017825599759817123, vz : -2.7756435883929953e-05}
ahrs AHRS2 {roll : 0.001809676643460989, pitch : 0.0016017337329685688, yaw : -0.12720640003681183, altitude : 584.0899658203125, lat : -353632621, lng : 1491652374}
xyz LOCAL_POSITION_NED {time_boot_ms : 76334, x : -0.011490538716316223, y : 0.013953512534499168, z : 0.006280096247792244, vx : -0.01470651850104332, vy : 0.017791278660297394, vz : -4.189767059870064e-05}
ahrs AHRS2 {roll : 0.001811608555726707, pitch : 0.0016017500311136246, yaw : -0.1272004246711731, altitude : 584.0899658203125, lat : -353632621, lng : 1491652374}
xyz LOCAL_POSITION_NED {time_boot_ms : 76366, x : -0.011674052104353905, y : 0.014174469746649265, z : 0.006278468295931816, vx : -0.01485387422144413, vy : 0.017943110316991806, vz : -3.790480695897713e-05}
ahrs AHRS2 {roll : 0.0018100464949384332, pitch : 0.0016016106819733977, yaw : -0.12719480693340302, altitude : 584.0899658203125, lat : -353632621, lng : 1491652374}
xyz LOCAL_POSITION_NED {time_boot_ms : 76399, x : -0.011766109615564346, y : 0.014283712953329086, z : 0.006277157925069332, vx : -0.014920144341886044, vy : 0.017998887225985527, vz : -3.681311136460863e-05}
ahrs AHRS2 {roll : 0.0018085404299199581, pitch : 0.0015997523441910744, yaw : -0.12718923389911652, altitude : 584.0899658203125, lat : -353632621, lng : 1491652374}
xyz LOCAL_POSITION_NED {time_boot_ms : 76434, x : -0.011551804840564728, y : 0.014020453207194805, z : 0.006275731138885021, vx : -0.014770557172596455, vy : 0.017814718186855316, vz : -4.3170482967980206e-05}
ahrs AHRS2 {roll : 0.0018095412524417043, pitch : 0.001600678195245564, yaw : -0.12718290090560913, altitude : 584.0899658203125, lat : -353632621, lng : 1491652374}
xyz LOCAL_POSITION_NED {time_boot_ms : 76466, x : -0.01159615907818079, y : 0.014070522040128708, z : 0.00627440819516778, vx : -0.014844067394733429, vy : 0.017856767401099205, vz : -2.4140312234521843e-05}
ahrs AHRS2 {roll : 0.0018094294937327504, pitch : 0.0015986751532182097, yaw : -0.12717686593532562, altitude : 584.0899658203125, lat : -353632621, lng : 1491652374}
xyz LOCAL_POSITION_NED {time_boot_ms : 76499, x : -0.01149391196668148, y : 0.013942237943410873, z : 0.006273635197430849, vx : -0.014788862317800522, vy : 0.017787130549550056, vz : -1.7064772691810504e-05}
ahrs AHRS2 {roll : 0.001808053464628756, pitch : 0.0015963241457939148, yaw : -0.1271713525056839, altitude : 584.0899658203125, lat : -353632621, lng : 1491652374}
xyz LOCAL_POSITION_NED {time_boot_ms : 76531, x : -0.011470329947769642, y : 0.013909294269979, z : 0.006272888742387295, vx : -0.01476359460502863, vy : 0.017795495688915253, vz : -2.4876731913536787e-05}
ahrs AHRS2 {roll : 0.0018086021300405264, pitch : 0.0015971020329743624, yaw : -0.12716801464557648, altitude : 584.0899658203125, lat : -353632621, lng : 1491652374}
xyz LOCAL_POSITION_NED {time_boot_ms : 76564, x : -0.011655696667730808, y : 0.01412985846400261, z : 0.006272607482969761, vx : -0.014898735098540783, vy : 0.017942430451512337, vz : 6.138471690064762e-06}
ahrs AHRS2 {roll : 0.0018078379798680544, pitch : 0.001596854068338871, yaw : -0.12716348469257355, altitude : 584.0899658203125, lat : -353632621, lng : 1491652374}
xyz LOCAL_POSITION_NED {time_boot_ms : 76599, x : -0.011786120943725109, y : 0.014284319244325161, z : 0.006272782105952501, vx : -0.014962016604840755, vy : 0.01807699352502823, vz : -1.101211864806828e-06}
ahrs AHRS2 {roll : 0.0018085745396092534, pitch : 0.001596702029928565, yaw : -0.12715764343738556, altitude : 584.0899658203125, lat : -353632621, lng : 1491652374}
xyz LOCAL_POSITION_NED {time_boot_ms : 76631, x : -0.011533443816006184, y : 0.01397847943007946, z : 0.006272856146097183, vx : -0.014788545668125153, vy : 0.0178701039403677, vz : 1.0567700883257203e-05}
ahrs AHRS2 {roll : 0.0018069553188979626, pitch : 0.0015974445268511772, yaw : -0.12715327739715576, altitude : 584.0899658203125, lat : -353632621, lng : 1491652374}
xyz LOCAL_POSITION_NED {time_boot_ms : 76664, x : -0.011576749384403229, y : 0.014030675403773785, z : 0.006273634731769562, vx : -0.014812235720455647, vy : 0.01789768412709236, vz : 3.298859155620448e-05}
ahrs AHRS2 {roll : 0.001807400956749916, pitch : 0.001596992602571845, yaw : -0.12714672088623047, altitude : 584.0899658203125, lat : -353632621, lng : 1491652374}
xyz LOCAL_POSITION_NED {time_boot_ms : 76696, x : -0.011472687125205994, y : 0.013904114253818989, z : 0.006275126710534096, vx : -0.014755244366824627, vy : 0.01782107912003994, vz : 5.4190510127227753e-05}
ahrs AHRS2 {roll : 0.0018068589270114899, pitch : 0.0015979064628481865, yaw : -0.12714160978794098, altitude : 584.0899658203125, lat : -353632621, lng : 1491652374}
xyz LOCAL_POSITION_NED {time_boot_ms : 76729, x : -0.011607385240495205, y : 0.014066515490412712, z : 0.006276782602071762, vx : -0.014870122075080872, vy : 0.017943931743502617, vz : 4.516885746852495e-05}
ahrs AHRS2 {roll : 0.0018089344957843423, pitch : 0.001600105781108141, yaw : -0.12713420391082764, altitude : 584.0899658203125, lat : -353632621, lng : 1491652374}
xyz LOCAL_POSITION_NED {time_boot_ms : 76764, x : -0.011669056490063667, y : 0.01413952186703682, z : 0.006278656423091888, vx : -0.014958254992961884, vy : 0.01800709404051304, vz : 5.891210457775742e-05}
ahrs AHRS2 {roll : 0.0018091803649440408, pitch : 0.0015993028646335006, yaw : -0.12712882459163666, altitude : 584.0899658203125, lat : -353632621, lng : 1491652374}
xyz LOCAL_POSITION_NED {time_boot_ms : 76796, x : -0.011762743815779686, y : 0.014250347390770912, z : 0.006280744913965464, vx : -0.015031494200229645, vy : 0.018069736659526825, vz : 7.583158003399149e-05}
ahrs AHRS2 {roll : 0.001808548578992486, pitch : 0.0015997353475540876, yaw : -0.1271229088306427, altitude : 584.0899658203125, lat : -353632621, lng : 1491652374}
xyz LOCAL_POSITION_NED {time_boot_ms : 76829, x : -0.011747176758944988, y : 0.014229155145585537, z : 0.006282259244471788, vx : -0.015027327463030815, vy : 0.01809491217136383, vz : 7.070405263220891e-05}
ahrs AHRS2 {roll : 0.0018073198152706027, pitch : 0.0015974397538229823, yaw : -0.12711578607559204, altitude : 584.0899658203125, lat : -353632621, lng : 1491652374}
xyz LOCAL_POSITION_NED {time_boot_ms : 76861, x : -0.011559141799807549, y : 0.013999627903103828, z : 0.0062843868508934975, vx : -0.014907312579452991, vy : 0.01796276867389679, vz : 9.831880015553907e-05}
ahrs AHRS2 {roll : 0.001807209919206798, pitch : 0.0015948428772389889, yaw : -0.12710833549499512, altitude : 584.0899658203125, lat : -353632621, lng : 1491652374}
xyz LOCAL_POSITION_NED {time_boot_ms : 76894, x : -0.011446123011410236, y : 0.013861202634871006, z : 0.006286378018558025, vx : -0.01483837328851223, vy : 0.017884070053696632, vz : 9.532573312753811e-05}
ahrs AHRS2 {roll : 0.001805958803743124, pitch : 0.0015929534565657377, yaw : -0.12710177898406982, altitude : 584.0899658203125, lat : -353632621, lng : 1491652374}
xyz LOCAL_POSITION_NED {time_boot_ms : 76929, x : -0.011621124111115932, y : 0.014071732759475708, z : 0.006289336830377579, vx : -0.014943335205316544, vy : 0.018051328137516975, vz : 9.543915803078562e-05}
ahrs AHRS2 {roll : 0.0018047734629362822, pitch : 0.0015937215648591518, yaw : -0.12709569931030273, altitude : 584.0899658203125, lat : -353632621, lng : 1491652374}
xyz LOCAL_POSITION_NED {time_boot_ms : 76961, x : -0.011659733019769192, y : 0.014117943122982979, z : 0.006291956640779972, vx : -0.014990395866334438, vy : 0.018094820901751518, vz : 0.0001062813971657306}
ahrs AHRS2 {roll : 0.0018050929065793753, pitch : 0.001594142522662878, yaw : -0.12708958983421326, altitude : 584.0899658203125, lat : -353632621, lng : 1491652374}
xyz LOCAL_POSITION_NED {time_boot_ms : 76994, x : -0.011742799542844296, y : 0.014217089861631393, z : 0.006294596008956432, vx : -0.015070883557200432, vy : 0.018149375915527344, vz : 9.720597154228017e-05}
ahrs AHRS2 {roll : 0.001807003514841199, pitch : 0.0015932770911604166, yaw : -0.12708371877670288, altitude : 584.0899658203125, lat : -353632621, lng : 1491652374}
xyz LOCAL_POSITION_NED {time_boot_ms : 77026, x : -0.011741111986339092, y : 0.014213702641427517, z : 0.006296230014413595, vx : -0.015062413178384304, vy : 0.018175549805164337, vz : 9.25607091630809e-05}
ahrs AHRS2 {roll : 0.0018082440365105867, pitch : 0.0015938335563987494, yaw : -0.12707896530628204, altitude : 584.0899658203125, lat : -353632621, lng : 1491652374}
xyz LOCAL_POSITION_NED {time_boot_ms : 77059, x : -0.01154064480215311, y : 0.013971407897770405, z : 0.006297561340034008, vx : -0.014933244325220585, vy : 0.018031397834420204, vz : 0.00010798145376611501}
ahrs AHRS2 {roll : 0.0018093836260959506, pitch : 0.0015954377595335245, yaw : -0.1270732879638672, altitude : 584.0899658203125, lat : -353632621, lng : 1491652374}
xyz LOCAL_POSITION_NED {time_boot_ms : 77094, x : -0.011476933024823666, y : 0.013894347473978996, z : 0.0062993429601192474, vx : -0.014872545376420021, vy : 0.017962323501706123, vz : 9.804761066334322e-05}
ahrs AHRS2 {roll : 0.0018062551971524954, pitch : 0.001595736830495298, yaw : -0.1270664632320404, altitude : 584.0899658203125, lat : -353632621, lng : 1491652374}
xyz LOCAL_POSITION_NED {time_boot_ms : 77126, x : -0.011626752093434334, y : 0.01407608762383461, z : 0.006302129477262497, vx : -0.014959240332245827, vy : 0.0180851761251688, vz : 0.00012794294161722064}
ahrs AHRS2 {roll : 0.0018068966455757618, pitch : 0.0015948815271258354, yaw : -0.12706218659877777, altitude : 584.0899658203125, lat : -353632621, lng : 1491652374}
xyz LOCAL_POSITION_NED {time_boot_ms : 77159, x : -0.011639496311545372, y : 0.014091359451413155, z : 0.0063048857264220715, vx : -0.014971502125263214, vy : 0.01809205859899521, vz : 0.0001262687728740275}
ahrs AHRS2 {roll : 0.001805876730941236, pitch : 0.001596719608642161, yaw : -0.1270567625761032, altitude : 584.0899658203125, lat : -353632621, lng : 1491652374}
xyz LOCAL_POSITION_NED {time_boot_ms : 77191, x : -0.0118705490604043, y : 0.014370891265571117, z : 0.006307848729193211, vx : -0.015147852711379528, vy : 0.01829102821648121, vz : 0.00010812117398018017}
ahrs AHRS2 {roll : 0.0018070644000545144, pitch : 0.0015976089052855968, yaw : -0.12705180048942566, altitude : 584.0899658203125, lat : -353632621, lng : 1491652374}
xyz LOCAL_POSITION_NED {time_boot_ms : 77224, x : -0.011717438697814941, y : 0.01418537087738514, z : 0.006309079937636852, vx : -0.015044305473566055, vy : 0.01814436912536621, vz : 0.0001180487233796157}
ahrs AHRS2 {roll : 0.0018070313381031156, pitch : 0.0015956489369273186, yaw : -0.12704773247241974, altitude : 584.0899658203125, lat : -353632621, lng : 1491652374}
xyz LOCAL_POSITION_NED {time_boot_ms : 77259, x : -0.011564715765416622, y : 0.014000135473906994, z : 0.006310606375336647, vx : -0.014924257062375546, vy : 0.01800873689353466, vz : 0.00011618946882663295}
ahrs AHRS2 {roll : 0.0018069115467369556, pitch : 0.0015947704669088125, yaw : -0.12704190611839294, altitude : 584.0899658203125, lat : -353632621, lng : 1491652374}
xyz LOCAL_POSITION_NED {time_boot_ms : 77291, x : -0.011661550030112267, y : 0.014115292578935623, z : 0.006312998943030834, vx : -0.015003697015345097, vy : 0.01806766167283058, vz : 0.00010436191223561764}
ahrs AHRS2 {roll : 0.0018083784962072968, pitch : 0.0015962568577378988, yaw : -0.12703701853752136, altitude : 584.0899658203125, lat : -353632621, lng : 1491652374}
xyz LOCAL_POSITION_NED {time_boot_ms : 77324, x : -0.011613432317972183, y : 0.014055127277970314, z : 0.00631404435262084, vx : -0.01495148055255413, vy : 0.018012618646025658, vz : 0.00011118144902866334}
ahrs AHRS2 {roll : 0.0018070164369419217, pitch : 0.0015965026104822755, yaw : -0.1270315796136856, altitude : 584.0899658203125, lat : -353632621, lng : 1491652374}
xyz LOCAL_POSITION_NED {time_boot_ms : 77356, x : -0.011639870703220367, y : 0.014085275121033192, z : 0.006315766833722591, vx : -0.014997384510934353, vy : 0.01804044470191002, vz : 0.00011735416774172336}
ahrs AHRS2 {roll : 0.0018050968647003174, pitch : 0.0015980142634361982, yaw : -0.12702453136444092, altitude : 584.0899658203125, lat : -353632621, lng : 1491652374}
xyz LOCAL_POSITION_NED {time_boot_ms : 77389, x : -0.011859635822474957, y : 0.01434746291488409, z : 0.006318320520222187, vx : -0.015151586383581161, vy : 0.01820097118616104, vz : 0.00010268550977343693}
ahrs AHRS2 {roll : 0.0018075992120429873, pitch : 0.0016004601493477821, yaw : -0.12702101469039917, altitude : 584.0899658203125, lat : -353632621, lng : 1491652374}
xyz LOCAL_POSITION_NED {time_boot_ms : 77422, x : -0.011734707280993462, y : 0.014193974435329437, z : 0.006319488398730755, vx : -0.015077521093189716, vy : 0.018110351637005806, vz : 0.00011944912694161758}
ahrs AHRS2 {roll : 0.0018090825760737062, pitch : 0.0016009483952075243, yaw : -0.1270151436328888, altitude : 584.0899658203125, lat : -353632621, lng : 1491652374}
xyz LOCAL_POSITION_NED {time_boot_ms : 77457, x : -0.011587193235754967, y : 0.014012621715664864, z : 0.006320720538496971, vx : -0.014984238892793655, vy : 0.01797635480761528, vz : 0.00012893677921965718}
ahrs AHRS2 {roll : 0.0018118364969268441, pitch : 0.0016020096372812986, yaw : -0.12701082229614258, altitude : 584.0899658203125, lat : -353632621, lng : 1491652374}
xyz LOCAL_POSITION_NED {time_boot_ms : 77489, x : -0.011487872339785099, y : 0.013890289701521397, z : 0.006322629749774933, vx : -0.014905009418725967, vy : 0.01791311800479889, vz : 0.00015085448103491217}
ahrs AHRS2 {roll : 0.001810206682421267, pitch : 0.0016008297679945827, yaw : -0.12700510025024414, altitude : 584.0899658203125, lat : -353632621, lng : 1491652374}
xyz LOCAL_POSITION_NED {time_boot_ms : 77522, x : -0.011627278290688992, y : 0.014055784791707993, z : 0.006326119415462017, vx : -0.015009946189820766, vy : 0.018018055707216263, vz : 0.0001662546128500253}
ahrs AHRS2 {roll : 0.001812727889046073, pitch : 0.0016003709752112627, yaw : -0.12700121104717255, altitude : 584.0899658203125, lat : -353632621, lng : 1491652374}
xyz LOCAL_POSITION_NED {time_boot_ms : 77554, x : -0.011654370464384556, y : 0.014085182920098305, z : 0.006329098250716925, vx : -0.015018348582088947, vy : 0.01802484132349491, vz : 0.00015403973520733416}
ahrs AHRS2 {roll : 0.0018164606299251318, pitch : 0.0016003592172637582, yaw : -0.12699419260025024, altitude : 584.0899658203125, lat : -353632621, lng : 1491652374}
xyz LOCAL_POSITION_NED {time_boot_ms : 77587, x : -0.011873995885252953, y : 0.014346686191856861, z : 0.006333137862384319, vx : -0.015162917785346508, vy : 0.018195901066064835, vz : 0.00016774363757576793}
ahrs AHRS2 {roll : 0.0018189186230301857, pitch : 0.0016033389838412404, yaw : -0.1269867867231369, altitude : 584.0899658203125, lat : -353632621, lng : 1491652374}
xyz LOCAL_POSITION_NED {time_boot_ms : 77622, x : -0.01177256740629673, y : 0.01422172598540783, z : 0.00633519422262907, vx : -0.015088813379406929, vy : 0.01811208762228489, vz : 0.00015344198618549854}
ahrs AHRS2 {roll : 0.0018198188627138734, pitch : 0.0016055250307545066, yaw : -0.12697981297969818, altitude : 584.0899658203125, lat : -353632621, lng : 1491652374}
xyz LOCAL_POSITION_NED {time_boot_ms : 77654, x : -0.011584038846194744, y : 0.013993261381983757, z : 0.006336688995361328, vx : -0.014962335117161274, vy : 0.018003594130277634, vz : 0.00016364183102268726}
ahrs AHRS2 {roll : 0.0018191689159721136, pitch : 0.0016051408601924777, yaw : -0.12697483599185944, altitude : 584.0899658203125, lat : -353632621, lng : 1491652374}
xyz LOCAL_POSITION_NED {time_boot_ms : 77687, x : -0.01166918408125639, y : 0.014094384387135506, z : 0.0063400049693882465, vx : -0.015015259385108948, vy : 0.018048103898763657, vz : 0.00018302309035789222}
ahrs AHRS2 {roll : 0.001818062737584114, pitch : 0.0016049034893512726, yaw : -0.12696890532970428, altitude : 584.0899658203125, lat : -353632621, lng : 1491652374}
xyz LOCAL_POSITION_NED {time_boot_ms : 77719, x : -0.011620091274380684, y : 0.014033791609108448, z : 0.006342574022710323, vx : -0.015007024630904198, vy : 0.018028220161795616, vz : 0.00015926484775263816}
ahrs AHRS2 {roll : 0.001819015247747302, pitch : 0.0016074390150606632, yaw : -0.12696228921413422, altitude : 584.0899658203125, lat : -353632621, lng : 1491652374}
xyz LOCAL_POSITION_NED {time_boot_ms : 77752, x : -0.011633404530584812, y : 0.014048733748495579, z : 0.006345153786242008, vx : -0.015016468241810799, vy : 0.018054209649562836, vz : 0.0001601464464329183}
ahrs AHRS2 {roll : 0.0018209893023595214, pitch : 0.0016091724392026663, yaw : -0.12695753574371338, altitude : 584.0899658203125, lat : -353632621, lng : 1491652374}
xyz LOCAL_POSITION_NED {time_boot_ms : 77787, x : -0.011890172027051449, y : 0.014357409439980984, z : 0.006348663009703159, vx : -0.015164200216531754, vy : 0.01828637346625328, vz : 0.000139335505082272}
ahrs AHRS2 {roll : 0.0018226421670988202, pitch : 0.0016093250596895814, yaw : -0.1269536167383194, altitude : 584.0899658203125, lat : -353632621, lng : 1491652374}
xyz LOCAL_POSITION_NED {time_boot_ms : 77819, x : -0.011762053705751896, y : 0.014203740283846855, z : 0.0063489386811852455, vx : -0.015082667581737041, vy : 0.018165379762649536, vz : 0.00014830562577117234}
ahrs AHRS2 {roll : 0.0018247757107019424, pitch : 0.0016114721074700356, yaw : -0.12694938480854034, altitude : 584.0899658203125, lat : -353632621, lng : 1491652374}
xyz LOCAL_POSITION_NED {time_boot_ms : 77852, x : -0.01156080886721611, y : 0.01396135613322258, z : 0.006348771043121815, vx : -0.014946895651519299, vy : 0.018002143129706383, vz : 0.0001207188906846568}
ahrs AHRS2 {roll : 0.0018250362481921911, pitch : 0.001613361295312643, yaw : -0.12694506347179413, altitude : 584.0899658203125, lat : -353632621, lng : 1491652374}
xyz LOCAL_POSITION_NED {time_boot_ms : 77884, x : -0.01165824569761753, y : 0.014078265056014061, z : 0.00634974567219615, vx : -0.015033004805445671, vy : 0.018080422654747963, vz : 0.00010416081931907684}
ahrs AHRS2 {roll : 0.0018242510268464684, pitch : 0.001613982138223946, yaw : -0.12693874537944794, altitude : 584.0899658203125, lat : -353632621, lng : 1491652374}
xyz LOCAL_POSITION_NED {time_boot_ms : 77917, x : -0.011595706455409527, y : 0.014002995565533638, z : 0.006348744500428438, vx : -0.014973817393183708, vy : 0.018035680055618286, vz : 8.707640517968684e-05}
ahrs AHRS2 {roll : 0.0018263517413288355, pitch : 0.0016169551527127624, yaw : -0.12693308293819427, altitude : 584.0899658203125, lat : -353632621, lng : 1491652374}
xyz LOCAL_POSITION_NED {time_boot_ms : 77952, x : -0.01165738608688116, y : 0.014078195206820965, z : 0.006347743794322014, vx : -0.0150032639503479, vy : 0.018083764240145683, vz : 6.371003109961748e-05}
ahrs AHRS2 {roll : 0.001827221130952239, pitch : 0.001619803486391902, yaw : -0.1269279271364212, altitude : 584.0899658203125, lat : -353632621, lng : 1491652374}
xyz LOCAL_POSITION_NED {time_boot_ms : 77984, x : -0.01188767608255148, y : 0.01435650885105133, z : 0.006347879767417908, vx : -0.015150277875363827, vy : 0.018271425738930702, vz : 6.0939779359614477e-05}
ahrs AHRS2 {roll : 0.001827596570365131, pitch : 0.0016184876440092921, yaw : -0.1269209384918213, altitude : 584.0899658203125, lat : -353632621, lng : 1491652374}
xyz LOCAL_POSITION_NED {time_boot_ms : 78017, x : -0.011733383871614933, y : 0.014171037822961807, z : 0.006345895119011402, vx : -0.015059998258948326, vy : 0.018133681267499924, vz : 5.301231794874184e-05}
ahrs AHRS2 {roll : 0.0018264050595462322, pitch : 0.0016181438695639372, yaw : -0.12691570818424225, altitude : 584.0899658203125, lat : -353632621, lng : 1491652374}
xyz LOCAL_POSITION_NED {time_boot_ms : 78049, x : -0.011771326884627342, y : 0.014217373915016651, z : 0.0063458094373345375, vx : -0.015058810822665691, vy : 0.01817343756556511, vz : 9.221119398716837e-05}
ahrs AHRS2 {roll : 0.0018251700093969703, pitch : 0.0016185748390853405, yaw : -0.12691202759742737, altitude : 584.0899658203125, lat : -353632621, lng : 1491652374}
xyz LOCAL_POSITION_NED {time_boot_ms : 78082, x : -0.011626021936535835, y : 0.014043993316590786, z : 0.006345015950500965, vx : -0.01495016273111105, vy : 0.018059492111206055, vz : 9.121302718995139e-05}
ahrs AHRS2 {roll : 0.0018249285640195012, pitch : 0.00162027170881629, yaw : -0.12690849602222443, altitude : 584.0899658203125, lat : -353632621, lng : 1491652374}
xyz LOCAL_POSITION_NED {time_boot_ms : 78117, x : -0.011611147783696651, y : 0.014028406701982021, z : 0.006344707682728767, vx : -0.014923857524991035, vy : 0.01803641766309738, vz : 8.747108950046822e-05}
ahrs AHRS2 {roll : 0.001824024599045515, pitch : 0.0016184403793886304, yaw : -0.12690261006355286, altitude : 584.0899658203125, lat : -353632621, lng : 1491652374}
xyz LOCAL_POSITION_NED {time_boot_ms : 78149, x : -0.011647185310721397, y : 0.014074650593101978, z : 0.006344731897115707, vx : -0.014942471869289875, vy : 0.01808157004415989, vz : 7.7240722021088e-05}
ahrs AHRS2 {roll : 0.0018224224913865328, pitch : 0.0016190800815820694, yaw : -0.12689834833145142, altitude : 584.0899658203125, lat : -353632621, lng : 1491652374}
xyz LOCAL_POSITION_NED {time_boot_ms : 78182, x : -0.011863877065479755, y : 0.014339197427034378, z : 0.006345968693494797, vx : -0.015070602297782898, vy : 0.01825806125998497, vz : 0.0001231528731295839}
ahrs AHRS2 {roll : 0.0018235261086374521, pitch : 0.0016169871669262648, yaw : -0.1268945187330246, altitude : 584.0899658203125, lat : -353632621, lng : 1491652374}
xyz LOCAL_POSITION_NED {time_boot_ms : 78214, x : -0.011855066753923893, y : 0.014332096092402935, z : 0.0063468776643276215, vx : -0.015070799738168716, vy : 0.018257416784763336, vz : 0.00011985840683337301}
ahrs AHRS2 {roll : 0.001825895393267274, pitch : 0.0016153664328157902, yaw : -0.12688647210597992, altitude : 584.0899658203125, lat : -353632621, lng : 1491652374}
xyz LOCAL_POSITION_NED {time_boot_ms : 78247, x : -0.011867871508002281, y : 0.014349078759551048, z : 0.006348136812448502, vx : -0.015086574479937553, vy : 0.018259618431329727, vz : 9.679755748948082e-05}
ahrs AHRS2 {roll : 0.001825071289204061, pitch : 0.0016167752910405397, yaw : -0.12688088417053223, altitude : 584.0899658203125, lat : -353632621, lng : 1491652374}
xyz LOCAL_POSITION_NED {time_boot_ms : 78282, x : -0.011754660867154598, y : 0.014214069582521915, z : 0.006348530761897564, vx : -0.015010436065495014, vy : 0.018148386850953102, vz : 0.00011850740702357143}
ahrs AHRS2 {roll : 0.0018243553349748254, pitch : 0.0016169087029993534, yaw : -0.12687720358371735, altitude : 584.0899658203125, lat : -353632621, lng : 1491652374}
xyz LOCAL_POSITION_NED {time_boot_ms : 78314, x : -0.011686631478369236, y : 0.014133436605334282, z : 0.006349293515086174, vx : -0.014977379702031612, vy : 0.018086835741996765, vz : 0.00012916914420202374}
ahrs AHRS2 {roll : 0.001825017505325377, pitch : 0.0016168496804311872, yaw : -0.12687097489833832, altitude : 584.0899658203125, lat : -353632621, lng : 1491652374}
xyz LOCAL_POSITION_NED {time_boot_ms : 78346, x : -0.011846386827528477, y : 0.01432708278298378, z : 0.006352082826197147, vx : -0.01507730782032013, vy : 0.01821114867925644, vz : 0.00014673598343506455}
ahrs AHRS2 {roll : 0.0018279352225363255, pitch : 0.0016181039391085505, yaw : -0.12686695158481598, altitude : 584.0899658203125, lat : -353632621, lng : 1491652374}
xyz LOCAL_POSITION_NED {time_boot_ms : 78379, x : -0.011901633813977242, y : 0.014393824152648449, z : 0.006354239769279957, vx : -0.015127450227737427, vy : 0.018230395391583443, vz : 0.00013722972653340548}
ahrs AHRS2 {roll : 0.0018301238305866718, pitch : 0.001619578804820776, yaw : -0.1268617808818817, altitude : 584.0899658203125, lat : -353632621, lng : 1491652374}
xyz LOCAL_POSITION_NED {time_boot_ms : 78414, x : -0.011918652802705765, y : 0.014412972144782543, z : 0.0063557093963027, vx : -0.015141043812036514, vy : 0.01820072904229164, vz : 0.00012657778279390186}
ahrs AHRS2 {roll : 0.0018328254809603095, pitch : 0.00162062281742692, yaw : -0.12685905396938324, altitude : 584.0899658203125, lat : -353632621, lng : 1491652374}
xyz LOCAL_POSITION_NED {time_boot_ms : 78446, x : -0.011925342492759228, y : 0.014418832026422024, z : 0.006357084959745407, vx : -0.015151115134358406, vy : 0.01821889542043209, vz : 0.0001290942309424281}
ahrs AHRS2 {roll : 0.0018322202377021313, pitch : 0.0016226404113695025, yaw : -0.12685731053352356, altitude : 584.0899658203125, lat : -353632621, lng : 1491652374}
xyz LOCAL_POSITION_NED {time_boot_ms : 78479, x : -0.011765601113438606, y : 0.014223729260265827, z : 0.0063571808859705925, vx : -0.015028856694698334, vy : 0.018083149567246437, vz : 0.00011827889829874039}
ahrs AHRS2 {roll : 0.0018325671553611755, pitch : 0.0016251604538410902, yaw : -0.12685178220272064, altitude : 584.0899658203125, lat : -353632621, lng : 1491652374}
xyz LOCAL_POSITION_NED {time_boot_ms : 78511, x : -0.011689690873026848, y : 0.014130035415291786, z : 0.00635767076164484, vx : -0.014989645220339298, vy : 0.018016166985034943, vz : 0.00011290187103440985}
ahrs AHRS2 {roll : 0.0018350029131397605, pitch : 0.0016267281025648117, yaw : -0.1268479973077774, altitude : 584.0899658203125, lat : -353632621, lng : 1491652374}
xyz LOCAL_POSITION_NED {time_boot_ms : 78544, x : -0.011844778433442116, y : 0.0143148023635149, z : 0.006359684281051159, vx : -0.015086380764842033, vy : 0.01813967525959015, vz : 0.0001244607992703095}
ahrs AHRS2 {roll : 0.0018341565737500787, pitch : 0.0016272346256300807, yaw : -0.12683948874473572, altitude : 584.0899658203125, lat : -353632621, lng : 1491652374}
xyz LOCAL_POSITION_NED {time_boot_ms : 78579, x : -0.011930767446756363, y : 0.014415830373764038, z : 0.006360800936818123, vx : -0.015144423581659794, vy : 0.018187671899795532, vz : 0.00010809720697579905}
ahrs AHRS2 {roll : 0.0018349883612245321, pitch : 0.001629822887480259, yaw : -0.12683460116386414, altitude : 584.0899658203125, lat : -353632621, lng : 1491652374}
xyz LOCAL_POSITION_NED {time_boot_ms : 78611, x : -0.011903532780706882, y : 0.01438060775399208, z : 0.006360949948430061, vx : -0.015127104707062244, vy : 0.018148917704820633, vz : 0.0001148190422100015}
ahrs AHRS2 {roll : 0.001835034927353263, pitch : 0.0016303581651300192, yaw : -0.12683188915252686, altitude : 584.0899658203125, lat : -353632621, lng : 1491652374}
xyz LOCAL_POSITION_NED {time_boot_ms : 78644, x : -0.011906112544238567, y : 0.01438113208860159, z : 0.0063621969893574715, vx : -0.01512590516358614, vy : 0.018163176253437996, vz : 0.0001321464078500867}
ahrs AHRS2 {roll : 0.001834114664234221, pitch : 0.0016305482713505626, yaw : -0.12682950496673584, altitude : 584.0899658203125, lat : -353632621, lng : 1491652374}
xyz LOCAL_POSITION_NED {time_boot_ms : 78676, x : -0.011741846799850464, y : 0.014180115424096584, z : 0.006362822838127613, vx : -0.015054447576403618, vy : 0.018035169690847397, vz : 0.00013809639494866133}
ahrs AHRS2 {roll : 0.0018343533156439662, pitch : 0.0016327089397236705, yaw : -0.12682291865348816, altitude : 584.0899658203125, lat : -353632621, lng : 1491652374}
xyz LOCAL_POSITION_NED {time_boot_ms : 78709, x : -0.011843439191579819, y : 0.014299251139163971, z : 0.006364674773067236, vx : -0.015118744224309921, vy : 0.01812179945409298, vz : 0.0001360555033897981}
ahrs AHRS2 {roll : 0.0018346908036619425, pitch : 0.0016324719181284308, yaw : -0.12681953608989716, altitude : 584.0899658203125, lat : -353632621, lng : 1491652374}
xyz LOCAL_POSITION_NED {time_boot_ms : 78744, x : -0.011854707263410091, y : 0.014308334328234196, z : 0.006365770008414984, vx : -0.015163762494921684, vy : 0.018132437020540237, vz : 0.00010322643356630579}
ahrs AHRS2 {roll : 0.0018348860321566463, pitch : 0.0016330962534993887, yaw : -0.12681572139263153, altitude : 584.0899658203125, lat : -353632621, lng : 1491652374}
xyz LOCAL_POSITION_NED {time_boot_ms : 78776, x : -0.011902100406587124, y : 0.01436067745089531, z : 0.006366248708218336, vx : -0.01520705409348011, vy : 0.01817699521780014, vz : 0.00010894495790125802}
ahrs AHRS2 {roll : 0.001837175921536982, pitch : 0.0016344328178092837, yaw : -0.12680932879447937, altitude : 584.0899658203125, lat : -353632621, lng : 1491652374}
xyz LOCAL_POSITION_NED {time_boot_ms : 78809, x : -0.012137562036514282, y : 0.014639612287282944, z : 0.006367850117385387, vx : -0.015375710092484951, vy : 0.018376128748059273, vz : 0.00010299538553226739}
ahrs AHRS2 {roll : 0.001839559292420745, pitch : 0.0016364343464374542, yaw : -0.12680454552173615, altitude : 584.0899658203125, lat : -353632621, lng : 1491652374}
xyz LOCAL_POSITION_NED {time_boot_ms : 78841, x : -0.011879260651767254, y : 0.014323962852358818, z : 0.006366468966007233, vx : -0.015223589725792408, vy : 0.018138138577342033, vz : 0.00010779134754557163}
ahrs AHRS2 {roll : 0.0018427642062306404, pitch : 0.0016381016466766596, yaw : -0.12680083513259888, altitude : 584.0899658203125, lat : -353632621, lng : 1491652374}
xyz LOCAL_POSITION_NED {time_boot_ms : 78874, x : -0.011715983040630817, y : 0.014121782965958118, z : 0.006366565823554993, vx : -0.015108158811926842, vy : 0.01800067164003849, vz : 0.0001299227005802095}
ahrs AHRS2 {roll : 0.0018448580522090197, pitch : 0.0016407360089942813, yaw : -0.12679412961006165, altitude : 584.0899658203125, lat : -353632621, lng : 1491652374}
xyz LOCAL_POSITION_NED {time_boot_ms : 78909, x : -0.011856704950332642, y : 0.014285094104707241, z : 0.0063684312626719475, vx : -0.0152135556563735, vy : 0.018122492358088493, vz : 0.00011074665962951258}
ahrs AHRS2 {roll : 0.0018475342076271772, pitch : 0.0016413466073572636, yaw : -0.12678922712802887, altitude : 584.0899658203125, lat : -353632621, lng : 1491652374}
xyz LOCAL_POSITION_NED {time_boot_ms : 78941, x : -0.011830892413854599, y : 0.014248227700591087, z : 0.006368380971252918, vx : -0.015203124843537807, vy : 0.018127456307411194, vz : 0.00011333022848702967}
ahrs AHRS2 {roll : 0.001850323984399438, pitch : 0.0016421129694208503, yaw : -0.12678329646587372, altitude : 584.0899658203125, lat : -353632621, lng : 1491652374}
xyz LOCAL_POSITION_NED {time_boot_ms : 78974, x : -0.01186621654778719, y : 0.01428518258035183, z : 0.006368584930896759, vx : -0.01521455030888319, vy : 0.018138468265533447, vz : 9.17202269192785e-05}
ahrs AHRS2 {roll : 0.0018516590353101492, pitch : 0.001643297728151083, yaw : -0.12677806615829468, altitude : 584.0899658203125, lat : -353632621, lng : 1491652374}
xyz LOCAL_POSITION_NED {time_boot_ms : 79006, x : -0.01211458072066307, y : 0.014578111469745636, z : 0.006369632203131914, vx : -0.0153768016025424, vy : 0.018326779827475548, vz : 9.670642612036318e-05}
ahrs AHRS2 {roll : 0.0018532299436628819, pitch : 0.001643510302528739, yaw : -0.12677361071109772, altitude : 584.0899658203125, lat : -353632621, lng : 1491652374}
xyz LOCAL_POSITION_NED {time_boot_ms : 79039, x : -0.011842384934425354, y : 0.014246869832277298, z : 0.006368002854287624, vx : -0.015200074762105942, vy : 0.018074896186590195, vz : 9.457267879042774e-05}
ahrs AHRS2 {roll : 0.0018567534862086177, pitch : 0.001644951873458922, yaw : -0.12676751613616943, altitude : 584.0899658203125, lat : -353632621, lng : 1491652374}
xyz LOCAL_POSITION_NED {time_boot_ms : 79074, x : -0.011715458706021309, y : 0.014089629054069519, z : 0.006367804482579231, vx : -0.015126574784517288, vy : 0.017978772521018982, vz : 0.00010445342195453122}
ahrs AHRS2 {roll : 0.001856753951869905, pitch : 0.0016456726007163525, yaw : -0.1267641931772232, altitude : 584.0899658203125, lat : -353632621, lng : 1491652374}
xyz LOCAL_POSITION_NED {time_boot_ms : 79106, x : -0.011829826049506664, y : 0.014222217723727226, z : 0.006368222180753946, vx : -0.015177310444414616, vy : 0.018076438456773758, vz : 9.425835742149502e-05}
ahrs AHRS2 {roll : 0.0018575879512354732, pitch : 0.0016449163667857647, yaw : -0.1267591118812561, altitude : 584.0899658203125, lat : -353632621, lng : 1491652374}
xyz LOCAL_POSITION_NED {time_boot_ms : 79139, x : -0.01178866345435381, y : 0.01417017076164484, z : 0.006367519497871399, vx : -0.015145496465265751, vy : 0.018078535795211792, vz : 8.24731687316671e-05}
ahrs AHRS2 {roll : 0.0018581767799332738, pitch : 0.0016462486237287521, yaw : -0.12675437331199646, altitude : 584.0899658203125, lat : -353632621, lng : 1491652374}
xyz LOCAL_POSITION_NED {time_boot_ms : 79171, x : -0.011988179758191109, y : 0.01440773531794548, z : 0.00636811088770628, vx : -0.01526679191738367, vy : 0.018257100135087967, vz : 8.916560182115063e-05}
ahrs AHRS2 {roll : 0.0018588179955258965, pitch : 0.001645441516302526, yaw : -0.12674839794635773, altitude : 584.0899658203125, lat : -353632621, lng : 1491652374}
xyz LOCAL_POSITION_NED {time_boot_ms : 79204, x : -0.01206680666655302, y : 0.01450108177959919, z : 0.00636796560138464, vx : -0.015338147059082985, vy : 0.01832669973373413, vz : 0.0001006561578833498}
ahrs AHRS2 {roll : 0.0018597155576571822, pitch : 0.001646189484745264, yaw : -0.12674102187156677, altitude : 584.0899658203125, lat : -353632621, lng : 1491652374}
xyz LOCAL_POSITION_NED {time_boot_ms : 79239, x : -0.01184416376054287, y : 0.014233158901333809, z : 0.006367398425936699, vx : -0.015159075148403645, vy : 0.018157141283154488, vz : 9.036286792252213e-05}
ahrs AHRS2 {roll : 0.0018617925234138966, pitch : 0.0016441402258351445, yaw : -0.12673796713352203, altitude : 584.0899658203125, lat : -353632621, lng : 1491652374}
xyz LOCAL_POSITION_NED {time_boot_ms : 79271, x : -0.011898785829544067, y : 0.014299923554062843, z : 0.006367707625031471, vx : -0.015155375935137272, vy : 0.018220439553260803, vz : 9.155048610409722e-05}
ahrs AHRS2 {roll : 0.0018628501566126943, pitch : 0.0016451808623969555, yaw : -0.12673071026802063, altitude : 584.0899658203125, lat : -353632621, lng : 1491652374}
xyz LOCAL_POSITION_NED {time_boot_ms : 79304, x : -0.011775543913245201, y : 0.014154426753520966, z : 0.00636705569922924, vx : -0.015073709189891815, vy : 0.018120672553777695, vz : 8.695420547155663e-05}
ahrs AHRS2 {roll : 0.0018617281457409263, pitch : 0.0016454686410725117, yaw : -0.12672531604766846, altitude : 584.0899658203125, lat : -353632621, lng : 1491652374}
xyz LOCAL_POSITION_NED {time_boot_ms : 79336, x : -0.0117564732208848, y : 0.014134564436972141, z : 0.006367245689034462, vx : -0.015042166225612164, vy : 0.018069177865982056, vz : 0.00010207788727711886}
ahrs AHRS2 {roll : 0.0018624764634296298, pitch : 0.0016457878518849611, yaw : -0.1267201155424118, altitude : 584.0899658203125, lat : -353632621, lng : 1491652374}
xyz LOCAL_POSITION_NED {time_boot_ms : 79369, x : -0.01192794181406498, y : 0.014341428875923157, z : 0.006368317641317844, vx : -0.015173149295151234, vy : 0.01818692311644554, vz : 8.791150321485475e-05}
ahrs AHRS2 {roll : 0.0018631219863891602, pitch : 0.0016467649256810546, yaw : -0.12671490013599396, altitude : 584.0899658203125, lat : -353632621, lng : 1491652374}
xyz LOCAL_POSITION_NED {time_boot_ms : 79404, x : -0.012067091651260853, y : 0.014508909545838833, z : 0.00636837724596262, vx : -0.015273494645953178, vy : 0.01826673559844494, vz : 7.27794977137819e-05}
ahrs AHRS2 {roll : 0.0018640569178387523, pitch : 0.001647070050239563, yaw : -0.12670844793319702, altitude : 584.0899658203125, lat : -353632621, lng : 1491652374}
xyz LOCAL_POSITION_NED {time_boot_ms : 79436, x : -0.011804169975221157, y : 0.014191586524248123, z : 0.006366345100104809, vx : -0.015077636577188969, vy : 0.01802486553788185, vz : 6.911221134942025e-05}
ahrs AHRS2 {roll : 0.001863283570855856, pitch : 0.0016475711017847061, yaw : -0.12670621275901794, altitude : 584.0899658203125, lat : -353632621, lng : 1491652374}
xyz LOCAL_POSITION_NED {time_boot_ms : 79469, x : -0.011845295317471027, y : 0.014238642528653145, z : 0.006366265472024679, vx : -0.015118920244276524, vy : 0.018053872510790825, vz : 5.488513852469623e-05}
ahrs AHRS2 {roll : 0.001864427118562162, pitch : 0.0016488709952682257, yaw : -0.12670160830020905, altitude : 584.0899658203125, lat : -353632621, lng : 1491652374}
xyz LOCAL_POSITION_NED {time_boot_ms : 79502, x : -0.011747532524168491, y : 0.014119543135166168, z : 0.00636447686702013, vx : -0.01503321435302496, vy : 0.01798623614013195, vz : 4.839925895794295e-05}
ahrs AHRS2 {roll : 0.0018654251471161842, pitch : 0.001649285084567964, yaw : -0.12669773399829865, altitude : 584.0899658203125, lat : -353632621, lng : 1491652374}
xyz LOCAL_POSITION_NED {time_boot_ms : 79534, x : -0.01171891763806343, y : 0.014083142392337322, z : 0.006363281514495611, vx : -0.015052187256515026, vy : 0.01795193739235401, vz : 8.851817256072536e-05}
ahrs AHRS2 {roll : 0.00186509161721915, pitch : 0.0016505224630236626, yaw : -0.1266922950744629, altitude : 584.0899658203125, lat : -353632621, lng : 1491652374}
xyz LOCAL_POSITION_NED {time_boot_ms : 79567, x : -0.011904462240636349, y : 0.014302545227110386, z : 0.0063643320463597775, vx : -0.015170972794294357, vy : 0.018065795302391052, vz : 9.334823698736727e-05}
ahrs AHRS2 {roll : 0.0018653483130037785, pitch : 0.0016529493732377887, yaw : -0.12668827176094055, altitude : 584.0899658203125, lat : -353632621, lng : 1491652374}
xyz LOCAL_POSITION_NED {time_boot_ms : 79602, x : -0.012033781968057156, y : 0.014452449977397919, z : 0.006364862434566021, vx : -0.015289279632270336, vy : 0.01813780888915062, vz : 7.698567060288042e-05}
ahrs AHRS2 {roll : 0.0018647628603503108, pitch : 0.0016495577292516828, yaw : -0.12668253481388092, altitude : 584.0899658203125, lat : -353632621, lng : 1491652374}
xyz LOCAL_POSITION_NED {time_boot_ms : 79634, x : -0.01177623774856329, y : 0.014137267135083675, z : 0.0063641685992479324, vx : -0.015139070339500904, vy : 0.01792796142399311, vz : 7.422419002978131e-05}
ahrs AHRS2 {roll : 0.0018643453950062394, pitch : 0.001647584023885429, yaw : -0.12667913734912872, altitude : 584.0899658203125, lat : -353632621, lng : 1491652374}
xyz LOCAL_POSITION_NED {time_boot_ms : 79667, x : -0.011821560561656952, y : 0.014184582978487015, z : 0.006364267319440842, vx : -0.015169959515333176, vy : 0.017972271889448166, vz : 5.8654859458329156e-05}
ahrs AHRS2 {roll : 0.0018636372406035662, pitch : 0.0016442810883745551, yaw : -0.1266738623380661, altitude : 584.0899658203125, lat : -353632621, lng : 1491652374}
xyz LOCAL_POSITION_NED {time_boot_ms : 79699, x : -0.011716260574758053, y : 0.014051389880478382, z : 0.006363615393638611, vx : -0.015133792534470558, vy : 0.01789679564535618, vz : 7.335936243180186e-05}
ahrs AHRS2 {roll : 0.001861072494648397, pitch : 0.0016418959712609649, yaw : -0.12666702270507812, altitude : 584.0899658203125, lat : -353632621, lng : 1491652374}
xyz LOCAL_POSITION_NED {time_boot_ms : 79732, x : -0.01185579039156437, y : 0.014210548251867294, z : 0.006364027038216591, vx : -0.015250097028911114, vy : 0.018023740500211716, vz : 6.220045906957239e-05}
ahrs AHRS2 {roll : 0.0018581788754090667, pitch : 0.0016399198211729527, yaw : -0.1266644150018692, altitude : 584.0899658203125, lat : -353632621, lng : 1491652374}
xyz LOCAL_POSITION_NED {time_boot_ms : 79767, x : -0.011918692849576473, y : 0.014278375543653965, z : 0.0063636815175414085, vx : -0.015274491161108017, vy : 0.018105942755937576, vz : 6.946182111278176e-05}
ahrs AHRS2 {roll : 0.0018570806132629514, pitch : 0.0016387313371524215, yaw : -0.12665824592113495, altitude : 584.0899658203125, lat : -353632621, lng : 1491652374}
xyz LOCAL_POSITION_NED {time_boot_ms : 79799, x : -0.012013052590191364, y : 0.014385716058313847, z : 0.006363675929605961, vx : -0.015336865559220314, vy : 0.018187131732702255, vz : 5.9935257013421506e-05}
ahrs AHRS2 {roll : 0.001854772213846445, pitch : 0.0016368110664188862, yaw : -0.12665338814258575, altitude : 584.0899658203125, lat : -353632621, lng : 1491652374}
xyz LOCAL_POSITION_NED {time_boot_ms : 79832, x : -0.011983820237219334, y : 0.014347010292112827, z : 0.006363509222865105, vx : -0.01531233824789524, vy : 0.018146662041544914, vz : 5.913936547585763e-05}
ahrs AHRS2 {roll : 0.001853286405093968, pitch : 0.0016340333968400955, yaw : -0.1266503632068634, altitude : 584.0899658203125, lat : -353632621, lng : 1491652374}
xyz LOCAL_POSITION_NED {time_boot_ms : 79864, x : -0.011802677996456623, y : 0.01412721537053585, z : 0.006362182553857565, vx : -0.015198278240859509, vy : 0.01802394725382328, vz : 5.676650835084729e-05}
ahrs AHRS2 {roll : 0.0018486856715753675, pitch : 0.0016314227832481265, yaw : -0.1266459971666336, altitude : 584.0899658203125, lat : -353632621, lng : 1491652374}
xyz LOCAL_POSITION_NED {time_boot_ms : 79897, x : -0.011685286648571491, y : 0.013983539305627346, z : 0.0063613466918468475, vx : -0.01513694878667593, vy : 0.017924681305885315, vz : 7.03498226357624e-05}
ahrs AHRS2 {roll : 0.001845745020546019, pitch : 0.0016294369706884027, yaw : -0.12664051353931427, altitude : 584.0899658203125, lat : -353632621, lng : 1491652374}
xyz LOCAL_POSITION_NED {time_boot_ms : 79932, x : -0.011862574145197868, y : 0.014190361835062504, z : 0.006362308748066425, vx : -0.015256191603839397, vy : 0.01803457923233509, vz : 7.087301491992548e-05}
ahrs AHRS2 {roll : 0.001844204030930996, pitch : 0.001629290753044188, yaw : -0.12663786113262177, altitude : 584.0899658203125, lat : -353632621, lng : 1491652374}
xyz LOCAL_POSITION_NED {time_boot_ms : 79964, x : -0.011900857090950012, y : 0.014230054803192616, z : 0.006362867075949907, vx : -0.015331115573644638, vy : 0.01806834526360035, vz : 8.923146378947422e-05}
ahrs AHRS2 {roll : 0.0018434212543070316, pitch : 0.001627954188734293, yaw : -0.1266319751739502, altitude : 584.0899658203125, lat : -353632621, lng : 1491652374}
xyz LOCAL_POSITION_NED {time_boot_ms : 79997, x : -0.01198439858853817, y : 0.014323708601295948, z : 0.006363654509186745, vx : -0.015383155085146427, vy : 0.01814894936978817, vz : 9.814720397116616e-05}
ahrs AHRS2 {roll : 0.0018411403289064765, pitch : 0.0016258747782558203, yaw : -0.12662602961063385, altitude : 584.0899658203125, lat : -353632621, lng : 1491652374}
xyz LOCAL_POSITION_NED {time_boot_ms : 80029, x : -0.011982566677033901, y : 0.014315087348222733, z : 0.006364619825035334, vx : -0.015395170077681541, vy : 0.018129300326108932, vz : 9.817042155191302e-05}
ahrs AHRS2 {roll : 0.0018388571916148067, pitch : 0.0016252888599410653, yaw : -0.1266217976808548, altitude : 584.0899658203125, lat : -353632621, lng : 1491652374}
xyz LOCAL_POSITION_NED {time_boot_ms : 80062, x : -0.011778145097196102, y : 0.014064803719520569, z : 0.006364759057760239, vx : -0.015269730240106583, vy : 0.017957936972379684, vz : 0.00010796829883474857}
ahrs AHRS2 {roll : 0.0018359777750447392, pitch : 0.0016244577709585428, yaw : -0.1266147345304489, altitude : 584.0899658203125, lat : -353632621, lng : 1491652374}
xyz LOCAL_POSITION_NED {time_boot_ms : 80097, x : -0.011712889187037945, y : 0.013980628922581673, z : 0.006365567911416292, vx : -0.015205574221909046, vy : 0.017918556928634644, vz : 0.00011565189925022423}
ahrs AHRS2 {roll : 0.0018347266595810652, pitch : 0.0016247234307229519, yaw : -0.126608744263649, altitude : 584.0899658203125, lat : -353632621, lng : 1491652374}
xyz LOCAL_POSITION_NED {time_boot_ms : 80129, x : -0.011865978129208088, y : 0.014157630503177643, z : 0.006367123685777187, vx : -0.01527550257742405, vy : 0.01803947612643242, vz : 9.3203540018294e-05}
ahrs AHRS2 {roll : 0.0018335910281166434, pitch : 0.0016226432053372264, yaw : -0.1266036480665207, altitude : 584.0899658203125, lat : -353632621, lng : 1491652374}
xyz LOCAL_POSITION_NED {time_boot_ms : 80162, x : -0.01187811978161335, y : 0.014167706482112408, z : 0.00636796560138464, vx : -0.015298529528081417, vy : 0.01803945004940033, vz : 0.00010265355376759544}
ahrs AHRS2 {roll : 0.0018320061499252915, pitch : 0.001622217707335949, yaw : -0.12659892439842224, altitude : 584.0899658203125, lat : -353632621, lng : 1491652374}
xyz LOCAL_POSITION_NED {time_boot_ms : 80194, x : -0.01211384404450655, y : 0.014442985877394676, z : 0.006369410548359156, vx : -0.015452138148248196, vy : 0.01823338307440281, vz : 9.127250086748973e-05}
ahrs AHRS2 {roll : 0.0018317337380722165, pitch : 0.0016211115289479494, yaw : -0.12659387290477753, altitude : 584.0899658203125, lat : -353632621, lng : 1491652374}
xyz LOCAL_POSITION_NED {time_boot_ms : 80227, x : -0.01196958962827921, y : 0.014267683029174805, z : 0.006368677131831646, vx : -0.015374405309557915, vy : 0.01811860501766205, vz : 7.850854308344424e-05}
ahrs AHRS2 {roll : 0.0018296370981261134, pitch : 0.0016174052143469453, yaw : -0.12658905982971191, altitude : 584.0899658203125, lat : -353632621, lng : 1491652374}
xyz LOCAL_POSITION_NED {time_boot_ms : 80262, x : -0.011813769116997719, y : 0.014077962376177311, z : 0.006368089932948351, vx : -0.015254484489560127, vy : 0.017991598695516586, vz : 6.0506405134219676e-05}
ahrs AHRS2 {roll : 0.0018280158983543515, pitch : 0.001614394597709179, yaw : -0.12658677995204926, altitude : 584.0899658203125, lat : -353632621, lng : 1491652374}
xyz LOCAL_POSITION_NED {time_boot_ms : 80294, x : -0.01189891342073679, y : 0.014175709336996078, z : 0.006368354894220829, vx : -0.01528910268098116, vy : 0.018067531287670135, vz : 8.475555659970269e-05}
ahrs AHRS2 {roll : 0.0018261317163705826, pitch : 0.0016149786533787847, yaw : -0.1265808343887329, altitude : 584.0899658203125, lat : -353632621, lng : 1491652374}
xyz LOCAL_POSITION_NED {time_boot_ms : 80327, x : -0.011846361681818962, y : 0.014111139811575413, z : 0.006367924623191357, vx : -0.01524386927485466, vy : 0.018036965280771255, vz : 9.29572997847572e-05}
ahrs AHRS2 {roll : 0.0018221965292468667, pitch : 0.001612205756828189, yaw : -0.126575767993927, altitude : 584.0899658203125, lat : -353632621, lng : 1491652374}
xyz LOCAL_POSITION_NED {time_boot_ms : 80359, x : -0.011869975365698338, y : 0.01413755863904953, z : 0.006368774920701981, vx : -0.015258582308888435, vy : 0.018061010167002678, vz : 0.000132079265313223}
ahrs AHRS2 {roll : 0.0018218446057289839, pitch : 0.0016119404463097453, yaw : -0.12657156586647034, altitude : 584.0899658203125, lat : -353632621, lng : 1491652374}
xyz LOCAL_POSITION_NED {time_boot_ms : 80394, x : -0.012129345908761024, y : 0.01444498635828495, z : 0.006371591705828905, vx : -0.015433987602591515, vy : 0.018283339217305183, vz : 0.00012172736751381308}
ahrs AHRS2 {roll : 0.001819868921302259, pitch : 0.001609809580259025, yaw : -0.12656791508197784, altitude : 584.0899658203125, lat : -353632621, lng : 1491652374}
xyz LOCAL_POSITION_NED {time_boot_ms : 80426, x : -0.011983301490545273, y : 0.014271154999732971, z : 0.006371739320456982, vx : -0.015331459231674671, vy : 0.018179455772042274, vz : 8.01101268734783e-05}
ahrs AHRS2 {roll : 0.0018187799723818898, pitch : 0.0016063465736806393, yaw : -0.12656457722187042, altitude : 584.0899658203125, lat : -353632621, lng : 1491652374}
xyz LOCAL_POSITION_NED {time_boot_ms : 80459, x : -0.011787310242652893, y : 0.014038477092981339, z : 0.006371223367750645, vx : -0.01519283838570118, vy : 0.018015651032328606, vz : 9.591860725777224e-05}
ahrs AHRS2 {roll : 0.0018172538839280605, pitch : 0.0016045464435592294, yaw : -0.12656031548976898, altitude : 584.0899658203125, lat : -353632621, lng : 1491652374}
xyz LOCAL_POSITION_NED {time_boot_ms : 80491, x : -0.011870616115629673, y : 0.01413804106414318, z : 0.006371917203068733, vx : -0.015218154527246952, vy : 0.0180915966629982, vz : 8.418192737735808e-05}
ahrs AHRS2 {roll : 0.0018170943949371576, pitch : 0.0016062771901488304, yaw : -0.1265534609556198, altitude : 584.0899658203125, lat : -353632621, lng : 1491652374}
xyz LOCAL_POSITION_NED {time_boot_ms : 80524, x : -0.01181583758443594, y : 0.014075862243771553, z : 0.006371977739036083, vx : -0.015151331201195717, vy : 0.018061188980937004, vz : 0.0001036447356455028}
ahrs AHRS2 {roll : 0.0018162904307246208, pitch : 0.0016061431961134076, yaw : -0.1265496462583542, altitude : 584.0899658203125, lat : -353632621, lng : 1491652374}
xyz LOCAL_POSITION_NED {time_boot_ms : 80559, x : -0.011874601244926453, y : 0.01414906419813633, z : 0.0063731493428349495, vx : -0.015190140344202518, vy : 0.01808992028236389, vz : 0.00010653633216861635}
ahrs AHRS2 {roll : 0.0018156473524868488, pitch : 0.001606037374585867, yaw : -0.12654580175876617, altitude : 584.0899658203125, lat : -353632621, lng : 1491652374}
xyz LOCAL_POSITION_NED {time_boot_ms : 80591, x : -0.012093034572899342, y : 0.014411241747438908, z : 0.006374611519277096, vx : -0.015321643091738224, vy : 0.018259963020682335, vz : 0.00010178797674598172}
ahrs AHRS2 {roll : 0.001814476796425879, pitch : 0.0016067891847342253, yaw : -0.12653903663158417, altitude : 584.0899658203125, lat : -353632621, lng : 1491652374}
xyz LOCAL_POSITION_NED {time_boot_ms : 80624, x : -0.011944413185119629, y : 0.014238047413527966, z : 0.00637475261464715, vx : -0.015199173241853714, vy : 0.01815549097955227, vz : 0.00013181329995859414}
ahrs AHRS2 {roll : 0.0018137912265956402, pitch : 0.001605415833182633, yaw : -0.1265355795621872, altitude : 584.0899658203125, lat : -353632621, lng : 1491652374}
xyz LOCAL_POSITION_NED {time_boot_ms : 80656, x : -0.011965657584369183, y : 0.014266875572502613, z : 0.006377405021339655, vx : -0.015183733776211739, vy : 0.018172908574342728, vz : 0.00017866760026663542}
ahrs AHRS2 {roll : 0.001814924064092338, pitch : 0.0016053160652518272, yaw : -0.12653039395809174, altitude : 584.0899658203125, lat : -353632621, lng : 1491652374}
xyz LOCAL_POSITION_NED {time_boot_ms : 80689, x : -0.011825748719274998, y : 0.014104648493230343, z : 0.006379658821970224, vx : -0.015083059668540955, vy : 0.018033748492598534, vz : 0.00017413189925719053}
ahrs AHRS2 {roll : 0.0018151929834857583, pitch : 0.0016044419026002288, yaw : -0.12652680277824402, altitude : 584.0899658203125, lat : -353632621, lng : 1491652374}
xyz LOCAL_POSITION_NED {time_boot_ms : 80724, x : -0.011806247755885124, y : 0.014086070470511913, z : 0.006382680498063564, vx : -0.015075177885591984, vy : 0.01802036724984646, vz : 0.00017589794879313558}
ahrs AHRS2 {roll : 0.0018127569928765297, pitch : 0.0016032950952649117, yaw : -0.12652060389518738, altitude : 584.0899658203125, lat : -353632621, lng : 1491652374}
xyz LOCAL_POSITION_NED {time_boot_ms : 80756, x : -0.011974716559052467, y : 0.014290290884673595, z : 0.006386349909007549, vx : -0.01518453098833561, vy : 0.01816197670996189, vz : 0.00018172194540966302}
ahrs AHRS2 {roll : 0.0018105338094756007, pitch : 0.0016034622676670551, yaw : -0.1265174299478531, altitude : 584.0899658203125, lat : -353632621, lng : 1491652374}
xyz LOCAL_POSITION_NED {time_boot_ms : 80789, x : -0.012041467241942883, y : 0.01437377743422985, z : 0.006389148533344269, vx : -0.015243615955114365, vy : 0.018220283091068268, vz : 0.00016107466944959015}
ahrs AHRS2 {roll : 0.0018118465086445212, pitch : 0.001602671924047172, yaw : -0.1265125423669815, altitude : 584.0899658203125, lat : -353632621, lng : 1491652374}
xyz LOCAL_POSITION_NED {time_boot_ms : 80821, x : -0.011893374845385551, y : 0.014199831523001194, z : 0.006390170194208622, vx : -0.015147150494158268, vy : 0.018108945339918137, vz : 0.0001910235296236351}
ahrs AHRS2 {roll : 0.001810942660085857, pitch : 0.0016030676197260618, yaw : -0.12650807201862335, altitude : 584.0899658203125, lat : -353632621, lng : 1491652374}
xyz LOCAL_POSITION_NED {time_boot_ms : 80854, x : -0.01191543135792017, y : 0.01422800775617361, z : 0.0063934712670743465, vx : -0.015175220556557178, vy : 0.018133843317627907, vz : 0.00020605316967703402}
ahrs AHRS2 {roll : 0.0018075017724186182, pitch : 0.0016031911363825202, yaw : -0.12650497257709503, altitude : 584.0899658203125, lat : -353632621, lng : 1491652374}
xyz LOCAL_POSITION_NED {time_boot_ms : 80889, x : -0.011814543977379799, y : 0.0141104431822896, z : 0.0063962629064917564, vx : -0.015083475038409233, vy : 0.018026016652584076, vz : 0.0002015603968175128}
ahrs AHRS2 {roll : 0.0018058420391753316, pitch : 0.0016019459581002593, yaw : -0.1264989972114563, altitude : 584.0899658203125, lat : -353632621, lng : 1491652374}
xyz LOCAL_POSITION_NED {time_boot_ms : 80921, x : -0.01175845880061388, y : 0.014046414755284786, z : 0.006398468278348446, vx : -0.015009840950369835, vy : 0.01796427182853222, vz : 0.00020160837448202074}
ahrs AHRS2 {roll : 0.0018043111776933074, pitch : 0.0016011971747502685, yaw : -0.1264934241771698, altitude : 584.0899658203125, lat : -353632621, lng : 1491652374}
xyz LOCAL_POSITION_NED {time_boot_ms : 80954, x : -0.01192645076662302, y : 0.014249284751713276, z : 0.006403012201189995, vx : -0.015131555497646332, vy : 0.018108438700437546, vz : 0.00023541577684227377}
ahrs AHRS2 {roll : 0.0018046332988888025, pitch : 0.001601294963620603, yaw : -0.1264893114566803, altitude : 584.0899658203125, lat : -353632621, lng : 1491652374}
xyz LOCAL_POSITION_NED {time_boot_ms : 80986, x : -0.011993027292191982, y : 0.014331573620438576, z : 0.006406866479665041, vx : -0.015171047300100327, vy : 0.01813867874443531, vz : 0.00022901821648702025}
ahrs AHRS2 {roll : 0.0018053441308438778, pitch : 0.0015990788815543056, yaw : -0.12648431956768036, altitude : 584.0899658203125, lat : -353632621, lng : 1491652374}
xyz LOCAL_POSITION_NED {time_boot_ms : 81019, x : -0.01209573820233345, y : 0.014456205070018768, z : 0.006411288399249315, vx : -0.015210786834359169, vy : 0.018219102174043655, vz : 0.000253002013778314}
ahrs AHRS2 {roll : 0.0018060882575809956, pitch : 0.0015995384892448783, yaw : -0.1264794021844864, altitude : 584.0899658203125, lat : -353632621, lng : 1491652374}
xyz LOCAL_POSITION_NED {time_boot_ms : 81054, x : -0.011889209039509296, y : 0.014212624169886112, z : 0.006413531024008989, vx : -0.01508424710482359, vy : 0.0180878434330225, vz : 0.00022325958707369864}
ahrs AHRS2 {roll : 0.0018044139724224806, pitch : 0.0015987385995686054, yaw : -0.12647604942321777, altitude : 584.0899658203125, lat : -353632621, lng : 1491652374}
xyz LOCAL_POSITION_NED {time_boot_ms : 81086, x : -0.011763833463191986, y : 0.014065142720937729, z : 0.006416745483875275, vx : -0.015016312710940838, vy : 0.017980189993977547, vz : 0.0002778259804472327}
ahrs AHRS2 {roll : 0.0018038913840427995, pitch : 0.001596807618625462, yaw : -0.1264708936214447, altitude : 584.0899658203125, lat : -353632621, lng : 1491652374}
xyz LOCAL_POSITION_NED {time_boot_ms : 81119, x : -0.011868788860738277, y : 0.014192316681146622, z : 0.006421864964067936, vx : -0.01508526410907507, vy : 0.0180792398750782, vz : 0.0002643562329467386}
ahrs AHRS2 {roll : 0.0018013176741078496, pitch : 0.0015979035524651408, yaw : -0.1264665275812149, altitude : 584.0899658203125, lat : -353632621, lng : 1491652374}
xyz LOCAL_POSITION_NED {time_boot_ms : 81151, x : -0.011877086013555527, y : 0.01420421153306961, z : 0.0064258817583322525, vx : -0.015092500485479832, vy : 0.018077172338962555, vz : 0.0002606748603284359}
ahrs AHRS2 {roll : 0.0018027627374976873, pitch : 0.0015984661877155304, yaw : -0.12646344304084778, altitude : 584.0899658203125, lat : -353632621, lng : 1491652374}
xyz LOCAL_POSITION_NED {time_boot_ms : 81184, x : -0.01193216722458601, y : 0.014271990396082401, z : 0.006430249661207199, vx : -0.015117072500288486, vy : 0.018118469044566154, vz : 0.0002867254661396146}
ahrs AHRS2 {roll : 0.0018048237543553114, pitch : 0.0015983721241354942, yaw : -0.12645944952964783, altitude : 584.0899658203125, lat : -353632621, lng : 1491652374}
xyz LOCAL_POSITION_NED {time_boot_ms : 81219, x : -0.012074002996087074, y : 0.014443129301071167, z : 0.006436238065361977, vx : -0.015231601893901825, vy : 0.01824379526078701, vz : 0.00028705873410217464}
ahrs AHRS2 {roll : 0.0018033828819170594, pitch : 0.0015982475597411394, yaw : -0.1264539659023285, altitude : 584.0899658203125, lat : -353632621, lng : 1491652374}
xyz LOCAL_POSITION_NED {time_boot_ms : 81251, x : -0.01185677107423544, y : 0.014185438863933086, z : 0.006438588723540306, vx : -0.015051674097776413, vy : 0.01804565265774727, vz : 0.00030332800815813243}
ahrs AHRS2 {roll : 0.0018034536624327302, pitch : 0.0015962313627824187, yaw : -0.12644825875759125, altitude : 584.0899658203125, lat : -353632621, lng : 1491652374}
xyz LOCAL_POSITION_NED {time_boot_ms : 81284, x : -0.011706210672855377, y : 0.014007573015987873, z : 0.006441008299589157, vx : -0.014949959702789783, vy : 0.017903417348861694, vz : 0.00029182736761868}
ahrs AHRS2 {roll : 0.0018012956716120243, pitch : 0.0015941155143082142, yaw : -0.12644369900226593, altitude : 584.0899658203125, lat : -353632621, lng : 1491652374}
xyz LOCAL_POSITION_NED {time_boot_ms : 81316, x : -0.011835143901407719, y : 0.014163311570882797, z : 0.006446357816457748, vx : -0.015027714893221855, vy : 0.018022017553448677, vz : 0.00028109390405006707}
ahrs AHRS2 {roll : 0.001799091580323875, pitch : 0.0015938206342980266, yaw : -0.12644046545028687, altitude : 584.0899658203125, lat : -353632621, lng : 1491652374}
xyz LOCAL_POSITION_NED {time_boot_ms : 81349, x : -0.011817614547908306, y : 0.01414454821497202, z : 0.006449603475630283, vx : -0.015015521086752415, vy : 0.01802137680351734, vz : 0.00026239099679514766}
ahrs AHRS2 {roll : 0.0017993089277297258, pitch : 0.0015950532397255301, yaw : -0.1264370232820511, altitude : 584.0899658203125, lat : -353632621, lng : 1491652374}
xyz LOCAL_POSITION_NED {time_boot_ms : 81384, x : -0.01192199345678091, y : 0.014272437430918217, z : 0.006453723646700382, vx : -0.015071169473230839, vy : 0.018112411722540855, vz : 0.00024266334366984665}
ahrs AHRS2 {roll : 0.0017988979816436768, pitch : 0.0015957059804350138, yaw : -0.12643344700336456, altitude : 584.0899658203125, lat : -353632621, lng : 1491652374}
xyz LOCAL_POSITION_NED {time_boot_ms : 81416, x : -0.012037183158099651, y : 0.014412825927138329, z : 0.006456288509070873, vx : -0.015141251496970654, vy : 0.018174493685364723, vz : 0.0002056760567938909}
ahrs AHRS2 {roll : 0.0017987990286201239, pitch : 0.0015978552401065826, yaw : -0.12642702460289001, altitude : 584.0899658203125, lat : -353632621, lng : 1491652374}
xyz LOCAL_POSITION_NED {time_boot_ms : 81449, x : -0.011794563382863998, y : 0.014124897308647633, z : 0.006454982794821262, vx : -0.014979681000113487, vy : 0.017991432920098305, vz : 0.00022088520927354693}
ahrs AHRS2 {roll : 0.001799561083316803, pitch : 0.001598594943061471, yaw : -0.1264243870973587, altitude : 584.0899658203125, lat : -353632621, lng : 1491652374}
xyz LOCAL_POSITION_NED {time_boot_ms : 81481, x : -0.011671217158436775, y : 0.013980126939713955, z : 0.006454535759985447, vx : -0.014897674322128296, vy : 0.017908234149217606, vz : 0.00020401280198711902}
ahrs AHRS2 {roll : 0.001798843266442418, pitch : 0.001598691800609231, yaw : -0.12641902267932892, altitude : 584.0899658203125, lat : -353632621, lng : 1491652374}
xyz LOCAL_POSITION_NED {time_boot_ms : 81514, x : -0.011789016425609589, y : 0.014123665168881416, z : 0.006456631235778332, vx : -0.014990797266364098, vy : 0.01801077462732792, vz : 0.00021032399672549218}
ahrs AHRS2 {roll : 0.001799906836822629, pitch : 0.0015983215998858213, yaw : -0.12641534209251404, altitude : 584.0899658203125, lat : -353632621, lng : 1491652374}
xyz LOCAL_POSITION_NED {time_boot_ms : 81549, x : -0.011823593638837337, y : 0.014168200083076954, z : 0.00645742192864418, vx : -0.015008829534053802, vy : 0.01803889498114586, vz : 0.00018170954717788845}
ahrs AHRS2 {roll : 0.001800856669433415, pitch : 0.0015992296393960714, yaw : -0.12641145288944244, altitude : 584.0899658203125, lat : -353632621, lng : 1491652374}
xyz LOCAL_POSITION_NED {time_boot_ms : 81582, x : -0.011904733255505562, y : 0.014268177561461926, z : 0.006457448936998844, vx : -0.015059282071888447, vy : 0.018099332228302956, vz : 0.00016556846094317734}
ahrs AHRS2 {roll : 0.0018024821765720844, pitch : 0.0016001852927729487, yaw : -0.1264081448316574, altitude : 584.0899658203125, lat : -353632621, lng : 1491652374}
xyz LOCAL_POSITION_NED {time_boot_ms : 81614, x : -0.011878405697643757, y : 0.014237890020012856, z : 0.006456415168941021, vx : -0.01506140548735857, vy : 0.018074484542012215, vz : 0.00012481879093684256}
ahrs AHRS2 {roll : 0.0018054703250527382, pitch : 0.0016004781937226653, yaw : -0.12640142440795898, altitude : 584.0899658203125, lat : -353632621, lng : 1491652374}
xyz LOCAL_POSITION_NED {time_boot_ms : 81647, x : -0.011673599481582642, y : 0.013993783853948116, z : 0.0064529599621891975, vx : -0.014911250211298466, vy : 0.017916912212967873, vz : 0.0001530487643321976}
ahrs AHRS2 {roll : 0.0018036424880847335, pitch : 0.0016018764581531286, yaw : -0.12639926373958588, altitude : 584.0899658203125, lat : -353632621, lng : 1491652374}
xyz LOCAL_POSITION_NED {time_boot_ms : 81679, x : -0.011556359939277172, y : 0.01385598722845316, z : 0.006451214663684368, vx : -0.014810738153755665, vy : 0.01784043200314045, vz : 0.00016269119805656374}
ahrs AHRS2 {roll : 0.0018043182790279388, pitch : 0.0016022633062675595, yaw : -0.12639476358890533, altitude : 584.0899658203125, lat : -353632621, lng : 1491652374}
xyz LOCAL_POSITION_NED {time_boot_ms : 81712, x : -0.011683314107358456, y : 0.014011023566126823, z : 0.006451860070228577, vx : -0.01490709651261568, vy : 0.01793234795331955, vz : 0.00016167538706213236}
ahrs AHRS2 {roll : 0.0018062929157167673, pitch : 0.0016041138442233205, yaw : -0.12638723850250244, altitude : 584.0899658203125, lat : -353632621, lng : 1491652374}
xyz LOCAL_POSITION_NED {time_boot_ms : 81747, x : -0.011732340790331364, y : 0.014071986079216003, z : 0.006451633293181658, vx : -0.014948075637221336, vy : 0.01795562356710434, vz : 0.00014672358520328999}
ahrs AHRS2 {roll : 0.001807890017516911, pitch : 0.0016043356154114008, yaw : -0.1263832300901413, altitude : 584.0899658203125, lat : -353632621, lng : 1491652374}
xyz LOCAL_POSITION_NED {time_boot_ms : 81779, x : -0.011813121847808361, y : 0.014171398244798183, z : 0.006451169960200787, vx : -0.014987576752901077, vy : 0.018053682520985603, vz : 0.00014924547576811165}
ahrs AHRS2 {roll : 0.0018079407745972276, pitch : 0.0016063327202573419, yaw : -0.12637577950954437, altitude : 584.0899658203125, lat : -353632621, lng : 1491652374}
xyz LOCAL_POSITION_NED {time_boot_ms : 81812, x : -0.011924193240702152, y : 0.014307329431176186, z : 0.006451460532844067, vx : -0.015078304335474968, vy : 0.01815357431769371, vz : 0.0001381506590405479}
ahrs AHRS2 {roll : 0.0018075554398819804, pitch : 0.0016047279350459576, yaw : -0.12637148797512054, altitude : 584.0899658203125, lat : -353632621, lng : 1491652374}
xyz LOCAL_POSITION_NED {time_boot_ms : 81844, x : -0.011708786711096764, y : 0.014051607809960842, z : 0.006449125707149506, vx : -0.014931188896298409, vy : 0.01796625927090645, vz : 0.0001345546916127205}
ahrs AHRS2 {roll : 0.0018068874487653375, pitch : 0.0016035742592066526, yaw : -0.12636618316173553, altitude : 584.0899658203125, lat : -353632621, lng : 1491652374}
xyz LOCAL_POSITION_NED {time_boot_ms : 81877, x : -0.011777512729167938, y : 0.01413499191403389, z : 0.006449085660278797, vx : -0.014980070292949677, vy : 0.01800030842423439, vz : 0.00011015142081305385}
ahrs AHRS2 {roll : 0.0018064344767481089, pitch : 0.0016031393315643072, yaw : -0.12636148929595947, altitude : 584.0899658203125, lat : -353632621, lng : 1491652374}
xyz LOCAL_POSITION_NED {time_boot_ms : 81912, x : -0.011731814593076706, y : 0.014080431312322617, z : 0.006446584593504667, vx : -0.014968600124120712, vy : 0.017948785796761513, vz : 7.430717232637107e-05}
ahrs AHRS2 {roll : 0.0018043640302494168, pitch : 0.0016008674865588546, yaw : -0.12635351717472076, altitude : 584.0899658203125, lat : -353632621, lng : 1491652374}
xyz LOCAL_POSITION_NED {time_boot_ms : 81944, x : -0.011750675737857819, y : 0.014102550223469734, z : 0.006444239057600498, vx : -0.01501489244401455, vy : 0.01797615736722946, vz : 8.325525413965806e-05}
ahrs AHRS2 {roll : 0.001804147264920175, pitch : 0.0016023608623072505, yaw : -0.12635119259357452, altitude : 584.0899658203125, lat : -353632621, lng : 1491652374}
xyz LOCAL_POSITION_NED {time_boot_ms : 81977, x : -0.011945346370339394, y : 0.014335112646222115, z : 0.006443962454795837, vx : -0.015128940343856812, vy : 0.018126975744962692, vz : 9.078534640138969e-05}
ahrs AHRS2 {roll : 0.0018029448110610247, pitch : 0.0016022126656025648, yaw : -0.1263464242219925, altitude : 584.0899658203125, lat : -353632621, lng : 1491652374}
xyz LOCAL_POSITION_NED {time_boot_ms : 82009, x : -0.01193651556968689, y : 0.014323822222650051, z : 0.006442290730774403, vx : -0.015142272226512432, vy : 0.01811179332435131, vz : 0.00010359994485042989}
ahrs AHRS2 {roll : 0.001802327809855342, pitch : 0.0016011374536901712, yaw : -0.1263405978679657, altitude : 584.0899658203125, lat : -353632621, lng : 1491652374}
xyz LOCAL_POSITION_NED {time_boot_ms : 82042, x : -0.011706042103469372, y : 0.01404541078954935, z : 0.006439831107854843, vx : -0.015017390251159668, vy : 0.017934143543243408, vz : 9.662316006142646e-05}
ahrs AHRS2 {roll : 0.0018051660154014826, pitch : 0.0016006786609068513, yaw : -0.12633530795574188, altitude : 584.0899658203125, lat : -353632621, lng : 1491652374}
xyz LOCAL_POSITION_NED {time_boot_ms : 82077, x : -0.011811735108494759, y : 0.014169477857649326, z : 0.006440264172852039, vx : -0.01507932972162962, vy : 0.018009215593338013, vz : 9.717581997392699e-05}
ahrs AHRS2 {roll : 0.0018050267826765776, pitch : 0.0016003905329853296, yaw : -0.12632863223552704, altitude : 584.0899658203125, lat : -353632621, lng : 1491652374}
xyz LOCAL_POSITION_NED {time_boot_ms : 82109, x : -0.011750494129955769, y : 0.01409291010349989, z : 0.006438222713768482, vx : -0.015024120919406414, vy : 0.017910081893205643, vz : 0.00010817373549798504}
ahrs AHRS2 {roll : 0.0018064456526190042, pitch : 0.0016016039298847318, yaw : -0.12632374465465546, altitude : 584.0899658203125, lat : -353632621, lng : 1491652374}
xyz LOCAL_POSITION_NED {time_boot_ms : 82142, x : -0.01174105703830719, y : 0.014077612198889256, z : 0.006437307223677635, vx : -0.01503258477896452, vy : 0.017896972596645355, vz : 0.00010350067168474197}
ahrs AHRS2 {roll : 0.0018046527402475476, pitch : 0.0016021928749978542, yaw : -0.12631992995738983, altitude : 584.0899658203125, lat : -353632621, lng : 1491652374}
xyz LOCAL_POSITION_NED {time_boot_ms : 82174, x : -0.011958855204284191, y : 0.01433490589261055, z : 0.0064370413310825825, vx : -0.015168571844696999, vy : 0.018067093566060066, vz : 5.184224573895335e-05}
ahrs AHRS2 {roll : 0.0018037992995232344, pitch : 0.001600611605681479, yaw : -0.12631340324878693, altitude : 584.0899658203125, lat : -353632621, lng : 1491652374}
xyz LOCAL_POSITION_NED {time_boot_ms : 82207, x : -0.01192106306552887, y : 0.01428656093776226, z : 0.006434512324631214, vx : -0.015122289769351482, vy : 0.01801016367971897, vz : 8.052822522586212e-05}
ahrs AHRS2 {roll : 0.0018037548288702965, pitch : 0.001600042567588389, yaw : -0.12630751729011536, altitude : 584.0899658203125, lat : -353632621, lng : 1491652374}
xyz LOCAL_POSITION_NED {time_boot_ms : 82242, x : -0.011735442094504833, y : 0.014062117785215378, z : 0.006432235240936279, vx : -0.01498015969991684, vy : 0.01787053607404232, vz : 9.60107208811678e-05}
ahrs AHRS2 {roll : 0.0018048271303996444, pitch : 0.0016017078887671232, yaw : -0.1263028234243393, altitude : 584.0899658203125, lat : -353632621, lng : 1491652374}
xyz LOCAL_POSITION_NED {time_boot_ms : 82274, x : -0.011811243370175362, y : 0.014151975512504578, z : 0.0064318859949707985, vx : -0.01499958336353302, vy : 0.017952101305127144, vz : 9.075269190361723e-05}
ahrs AHRS2 {roll : 0.0018040353897958994, pitch : 0.001601658994331956, yaw : -0.12629641592502594, altitude : 584.0899658203125, lat : -353632621, lng : 1491652374}
xyz LOCAL_POSITION_NED {time_boot_ms : 82307, x : -0.011732162907719612, y : 0.014057870954275131, z : 0.006430531851947308, vx : -0.014934689737856388, vy : 0.017873624339699745, vz : 0.00011245487257838249}
ahrs AHRS2 {roll : 0.0018035431858152151, pitch : 0.0016014808788895607, yaw : -0.1262923926115036, altitude : 584.0899658203125, lat : -353632621, lng : 1491652374}
xyz LOCAL_POSITION_NED {time_boot_ms : 82339, x : -0.011731420643627644, y : 0.014058045111596584, z : 0.00643068365752697, vx : -0.014929773285984993, vy : 0.01789924129843712, vz : 0.0001528541324660182}
ahrs AHRS2 {roll : 0.0018051272490993142, pitch : 0.0016017804155126214, yaw : -0.12628795206546783, altitude : 584.0899658203125, lat : -353632621, lng : 1491652374}
xyz LOCAL_POSITION_NED {time_boot_ms : 82372, x : -0.0119330370798707, y : 0.014299808070063591, z : 0.006432713475078344, vx : -0.015082751400768757, vy : 0.018033696338534355, vz : 0.00013474916340783238}
ahrs AHRS2 {roll : 0.0018045062897726893, pitch : 0.0016034847358241677, yaw : -0.1262824386358261, altitude : 584.0899658203125, lat : -353632621, lng : 1491652374}
xyz LOCAL_POSITION_NED {time_boot_ms : 82407, x : -0.011943588964641094, y : 0.01431218907237053, z : 0.006432823371142149, vx : -0.015075717121362686, vy : 0.018036777153611183, vz : 0.00012065883493050933}
ahrs AHRS2 {roll : 0.0018030442297458649, pitch : 0.0016045421361923218, yaw : -0.12627750635147095, altitude : 584.0899658203125, lat : -353632621, lng : 1491652374}
xyz LOCAL_POSITION_NED {time_boot_ms : 82439, x : -0.01172021683305502, y : 0.01404462568461895, z : 0.006432153284549713, vx : -0.01492682658135891, vy : 0.017845891416072845, vz : 0.0001362807088298723}
ahrs AHRS2 {roll : 0.0018024698365479708, pitch : 0.001605388824827969, yaw : -0.1262741982936859, altitude : 584.0899658203125, lat : -353632621, lng : 1491652374}
xyz LOCAL_POSITION_NED {time_boot_ms : 82471, x : -0.01178285013884306, y : 0.014119183644652367, z : 0.0064336275681853294, vx : -0.014953186735510826, vy : 0.017877791076898575, vz : 0.0001407819800078869}
ahrs AHRS2 {roll : 0.001803158549591899, pitch : 0.0016037414316087961, yaw : -0.12627102434635162, altitude : 584.0899658203125, lat : -353632621, lng : 1491652374}
xyz LOCAL_POSITION_NED {time_boot_ms : 82504, x : -0.011703348718583584, y : 0.01402295008301735, z : 0.00643398892134428, vx : -0.014907820150256157, vy : 0.017776351422071457, vz : 0.00016462149505969137}
ahrs AHRS2 {roll : 0.0018034509848803282, pitch : 0.0016046224627643824, yaw : -0.1262657195329666, altitude : 584.0899658203125, lat : -353632621, lng : 1491652374}
xyz LOCAL_POSITION_NED {time_boot_ms : 82539, x : -0.011737615801393986, y : 0.014062118716537952, z : 0.006435269955545664, vx : -0.014902935363352299, vy : 0.017804428935050964, vz : 0.00014145541354082525}
ahrs AHRS2 {roll : 0.0018029226921498775, pitch : 0.0016041190829128027, yaw : -0.1262625902891159, altitude : 584.0899658203125, lat : -353632621, lng : 1491652374}
xyz LOCAL_POSITION_NED {time_boot_ms : 82571, x : -0.011936788447201252, y : 0.014299865812063217, z : 0.006437340751290321, vx : -0.0150302080437541, vy : 0.01796061359345913, vz : 0.00011944883590331301}
ahrs AHRS2 {roll : 0.00180480454582721, pitch : 0.0016043721698224545, yaw : -0.12625882029533386, altitude : 584.0899658203125, lat : -353632621, lng : 1491652374}
xyz LOCAL_POSITION_NED {time_boot_ms : 82604, x : -0.01190668623894453, y : 0.01426312793046236, z : 0.00643641222268343, vx : -0.01501579862087965, vy : 0.01791399158537388, vz : 0.00011553582589840516}
ahrs AHRS2 {roll : 0.0018056363333016634, pitch : 0.001604079152457416, yaw : -0.12625335156917572, altitude : 584.0899658203125, lat : -353632621, lng : 1491652374}
xyz LOCAL_POSITION_NED {time_boot_ms : 82636, x : -0.011907294392585754, y : 0.014262678101658821, z : 0.006436320953071117, vx : -0.015007123351097107, vy : 0.017901111394166946, vz : 0.00011571568029467016}
ahrs AHRS2 {roll : 0.0018058344721794128, pitch : 0.0016045981319621205, yaw : -0.1262504607439041, altitude : 584.0899658203125, lat : -353632621, lng : 1491652374}
xyz LOCAL_POSITION_NED {time_boot_ms : 82669, x : -0.011741427704691887, y : 0.014063100330531597, z : 0.006434847600758076, vx : -0.014910525642335415, vy : 0.01778281107544899, vz : 0.00011652275861706585}
ahrs AHRS2 {roll : 0.0018081293674185872, pitch : 0.0016070306301116943, yaw : -0.12624605000019073, altitude : 584.0899658203125, lat : -353632621, lng : 1491652374}
xyz LOCAL_POSITION_NED {time_boot_ms : 82704, x : -0.011698151007294655, y : 0.014009139500558376, z : 0.006434310227632523, vx : -0.014917389489710331, vy : 0.01775195635855198, vz : 0.00015194705338217318}
ahrs AHRS2 {roll : 0.00180958048440516, pitch : 0.0016074345912784338, yaw : -0.12624064087867737, altitude : 584.0899658203125, lat : -353632621, lng : 1491652374}
xyz LOCAL_POSITION_NED {time_boot_ms : 82736, x : -0.01185065507888794, y : 0.014187849126756191, z : 0.006436607334762812, vx : -0.015051482245326042, vy : 0.017846209928393364, vz : 0.00018011496285907924}
ahrs AHRS2 {roll : 0.0018103288020938635, pitch : 0.0016055236337706447, yaw : -0.12623527646064758, altitude : 584.0899658203125, lat : -353632621, lng : 1491652374}
xyz LOCAL_POSITION_NED {time_boot_ms : 82769, x : -0.011897088959813118, y : 0.014238541945815086, z : 0.00643838569521904, vx : -0.015095158480107784, vy : 0.01789061725139618, vz : 0.00018433794321026653}
ahrs AHRS2 {roll : 0.0018130296375602484, pitch : 0.0016057607717812061, yaw : -0.12622903287410736, altitude : 584.0899658203125, lat : -353632621, lng : 1491652374}
xyz LOCAL_POSITION_NED {time_boot_ms : 82801, x : -0.011868317611515522, y : 0.014200870878994465, z : 0.006439086981117725, vx : -0.015024363994598389, vy : 0.017863495275378227, vz : 0.0001568769512232393}
ahrs AHRS2 {roll : 0.001814680639654398, pitch : 0.0016049635596573353, yaw : -0.12622302770614624, altitude : 584.0899658203125, lat : -353632621, lng : 1491652374}
xyz LOCAL_POSITION_NED {time_boot_ms : 82834, x : -0.0118693383410573, y : 0.01420023012906313, z : 0.006439896300435066, vx : -0.015012229792773724, vy : 0.017878372222185135, vz : 0.00014376614126376808}
ahrs AHRS2 {roll : 0.0018137340666726232, pitch : 0.0016039906768128276, yaw : -0.1262189894914627, altitude : 584.0899658203125, lat : -353632621, lng : 1491652374}
xyz LOCAL_POSITION_NED {time_boot_ms : 82869, x : -0.011741062626242638, y : 0.014045690186321735, z : 0.00643985066562891, vx : -0.014914738945662975, vy : 0.017787257209420204, vz : 0.00015743525000289083}
ahrs AHRS2 {roll : 0.0018151805270463228, pitch : 0.0016041543567553163, yaw : -0.1262136697769165, altitude : 584.0899658203125, lat : -353632621, lng : 1491652374}
xyz LOCAL_POSITION_NED {time_boot_ms : 82901, x : -0.011659852229058743, y : 0.013948406092822552, z : 0.00643956009298563, vx : -0.01486392505466938, vy : 0.017727741971611977, vz : 0.00015014545351732522}
ahrs AHRS2 {roll : 0.001815709751099348, pitch : 0.0016043686773627996, yaw : -0.12620823085308075, altitude : 584.0899658203125, lat : -353632621, lng : 1491652374}
xyz LOCAL_POSITION_NED {time_boot_ms : 82934, x : -0.011810826137661934, y : 0.014127973467111588, z : 0.006440997123718262, vx : -0.014998545870184898, vy : 0.017871038988232613, vz : 0.00014444072439800948}
ahrs AHRS2 {roll : 0.001817710930481553, pitch : 0.0016045310767367482, yaw : -0.12620508670806885, altitude : 584.0899658203125, lat : -353632621, lng : 1491652374}
xyz LOCAL_POSITION_NED {time_boot_ms : 82966, x : -0.011855755001306534, y : 0.014180830679833889, z : 0.006441433914005756, vx : -0.015030553564429283, vy : 0.017900308594107628, vz : 0.00012396310921758413}
ahrs AHRS2 {roll : 0.001817275071516633, pitch : 0.00160495238378644, yaw : -0.12620027363300323, altitude : 584.0899658203125, lat : -353632621, lng : 1491652374}
xyz LOCAL_POSITION_NED {time_boot_ms : 82999, x : -0.012088052928447723, y : 0.014456542208790779, z : 0.006443241611123085, vx : -0.015219400636851788, vy : 0.018097395077347755, vz : 0.00015702276141382754}
ahrs AHRS2 {roll : 0.001818469725549221, pitch : 0.0016040666960179806, yaw : -0.12619389593601227, altitude : 584.0899658203125, lat : -353632621, lng : 1491652374}
xyz LOCAL_POSITION_NED {time_boot_ms : 83034, x : -0.011868498288094997, y : 0.01419215276837349, z : 0.006442198064178228, vx : -0.015087542124092579, vy : 0.01794028840959072, vz : 0.00014368174015544355}
ahrs AHRS2 {roll : 0.001818321761675179, pitch : 0.0016028265235945582, yaw : -0.12618707120418549, altitude : 584.0899658203125, lat : -353632621, lng : 1491652374}
xyz LOCAL_POSITION_NED {time_boot_ms : 83066, x : -0.011705185286700726, y : 0.013995506800711155, z : 0.006441598292440176, vx : -0.01493375189602375, vy : 0.01780550740659237, vz : 0.00014290896069724113}
ahrs AHRS2 {roll : 0.0018184944055974483, pitch : 0.00160357472486794, yaw : -0.1261817365884781, altitude : 584.0899658203125, lat : -353632621, lng : 1491652374}
xyz LOCAL_POSITION_NED {time_boot_ms : 83099, x : -0.01180508453398943, y : 0.014114107005298138, z : 0.006442663259804249, vx : -0.014978691004216671, vy : 0.01786964014172554, vz : 0.0001372284023091197}
ahrs AHRS2 {roll : 0.0018189253751188517, pitch : 0.001602671341970563, yaw : -0.12617622315883636, altitude : 584.0899658203125, lat : -353632621, lng : 1491652374}
xyz LOCAL_POSITION_NED {time_boot_ms : 83131, x : -0.011776947416365147, y : 0.014080271124839783, z : 0.006441555917263031, vx : -0.014977131970226765, vy : 0.01785574108362198, vz : 8.182646706700325e-05}
ahrs AHRS2 {roll : 0.0018205185187980533, pitch : 0.0016030817059800029, yaw : -0.12617172300815582, altitude : 584.0899658203125, lat : -353632621, lng : 1491652374}
xyz LOCAL_POSITION_NED {time_boot_ms : 83164, x : -0.01181031297892332, y : 0.01411939412355423, z : 0.006440591532737017, vx : -0.01499282754957676, vy : 0.017857205122709274, vz : 0.00010293372179148719}
ahrs AHRS2 {roll : 0.0018221063073724508, pitch : 0.0016042481875047088, yaw : -0.12616607546806335, altitude : 584.0899658203125, lat : -353632621, lng : 1491652374}
xyz LOCAL_POSITION_NED {time_boot_ms : 83199, x : -0.0120795713737607, y : 0.014440168626606464, z : 0.006440578959882259, vx : -0.01515552494674921, vy : 0.018076173961162567, vz : 6.074786142562516e-05}
ahrs AHRS2 {roll : 0.0018234314629808068, pitch : 0.0016049151308834553, yaw : -0.12616094946861267, altitude : 584.0899658203125, lat : -353632621, lng : 1491652374}
xyz LOCAL_POSITION_NED {time_boot_ms : 83231, x : -0.011832325719296932, y : 0.01414487324655056, z : 0.006436241790652275, vx : -0.01497776247560978, vy : 0.017867105081677437, vz : 3.449840733082965e-05}
ahrs AHRS2 {roll : 0.0018240424105897546, pitch : 0.0016038620378822088, yaw : -0.126158207654953, altitude : 584.0899658203125, lat : -353632621, lng : 1491652374}
xyz LOCAL_POSITION_NED {time_boot_ms : 83264, x : -0.011654726229608059, y : 0.013933153823018074, z : 0.006432082038372755, vx : -0.014857991598546505, vy : 0.017750848084688187, vz : 3.2253934477921575e-05}
ahrs AHRS2 {roll : 0.001825105631724, pitch : 0.0016070378478616476, yaw : -0.12615437805652618, altitude : 584.0899658203125, lat : -353632621, lng : 1491652374}
xyz LOCAL_POSITION_NED {time_boot_ms : 83296, x : -0.011765860952436924, y : 0.014066098257899284, z : 0.00642976351082325, vx : -0.014948791824281216, vy : 0.017842909321188927, vz : 4.19098578277044e-05}
ahrs AHRS2 {roll : 0.0018261783989146352, pitch : 0.001607445883564651, yaw : -0.12614880502223969, altitude : 584.0899658203125, lat : -353632621, lng : 1491652374}
xyz LOCAL_POSITION_NED {time_boot_ms : 83329, x : -0.01172521524131298, y : 0.014016765169799328, z : 0.006426273379474878, vx : -0.014944075606763363, vy : 0.01778440549969673, vz : 2.1915455363341607e-05}
ahrs AHRS2 {roll : 0.0018250055145472288, pitch : 0.0016093689482659101, yaw : -0.12614424526691437, altitude : 584.0899658203125, lat : -353632621, lng : 1491652374}
xyz LOCAL_POSITION_NED {time_boot_ms : 83364, x : -0.011808166280388832, y : 0.014113827608525753, z : 0.0064226845279335976, vx : -0.014992330223321915, vy : 0.01782822608947754, vz : 8.624037945992313e-06}
ahrs AHRS2 {roll : 0.0018242155201733112, pitch : 0.0016103951493278146, yaw : -0.12614037096500397, altitude : 584.0899658203125, lat : -353632621, lng : 1491652374}
xyz LOCAL_POSITION_NED {time_boot_ms : 83396, x : -0.01205210480839014, y : 0.014402910135686398, z : 0.006420686841011047, vx : -0.015168575569987297, vy : 0.01804833859205246, vz : 3.3397933293599635e-05}
ahrs AHRS2 {roll : 0.0018251057481393218, pitch : 0.001609844621270895, yaw : -0.12613333761692047, altitude : 584.0899658203125, lat : -353632621, lng : 1491652374}
xyz LOCAL_POSITION_NED {time_boot_ms : 83429, x : -0.011781051754951477, y : 0.014077827334403992, z : 0.006418011616915464, vx : -0.014990566298365593, vy : 0.017844118177890778, vz : 7.46647419873625e-05}
ahrs AHRS2 {roll : 0.0018257938791066408, pitch : 0.0016087419353425503, yaw : -0.1261281818151474, altitude : 584.0899658203125, lat : -353632621, lng : 1491652374}
xyz LOCAL_POSITION_NED {time_boot_ms : 83461, x : -0.01183692179620266, y : 0.01414232887327671, z : 0.0064186640083789825, vx : -0.015044620260596275, vy : 0.0178744625300169, vz : 0.00011460648966021836}
ahrs AHRS2 {roll : 0.0018276774790138006, pitch : 0.0016092605656012893, yaw : -0.12612418830394745, altitude : 584.0899658203125, lat : -353632621, lng : 1491652374}
xyz LOCAL_POSITION_NED {time_boot_ms : 83494, x : -0.011718545109033585, y : 0.013998372480273247, z : 0.0064186821691691875, vx : -0.014994713477790356, vy : 0.017803099006414413, vz : 0.0001364233175991103}
ahrs AHRS2 {roll : 0.0018279860960319638, pitch : 0.0016097924672067165, yaw : -0.12611830234527588, altitude : 584.0899658203125, lat : -353632621, lng : 1491652374}
xyz LOCAL_POSITION_NED {time_boot_ms : 83529, x : -0.01172990445047617, y : 0.014009406790137291, z : 0.006419959478080273, vx : -0.014992434531450272, vy : 0.01784295216202736, vz : 0.00014127713802736253}
ahrs AHRS2 {roll : 0.0018276701448485255, pitch : 0.0016071645077317953, yaw : -0.1261138916015625, altitude : 584.0899658203125, lat : -353632621, lng : 1491652374}
xyz LOCAL_POSITION_NED {time_boot_ms : 83561, x : -0.011928891763091087, y : 0.0142460772767663, z : 0.0064222551882267, vx : -0.015122683718800545, vy : 0.01802659034729004, vz : 0.00012489099754020572}
ahrs AHRS2 {roll : 0.0018270912114530802, pitch : 0.0016076507745310664, yaw : -0.12610848248004913, altitude : 584.0899658203125, lat : -353632621, lng : 1491652374}
xyz LOCAL_POSITION_NED {time_boot_ms : 83594, x : -0.012021075002849102, y : 0.01435610931366682, z : 0.006423566956073046, vx : -0.015181667171418667, vy : 0.018108870834112167, vz : 0.000164474084158428}
ahrs AHRS2 {roll : 0.001826190622523427, pitch : 0.0016082559013739228, yaw : -0.1261032223701477, altitude : 584.0899658203125, lat : -353632621, lng : 1491652374}
xyz LOCAL_POSITION_NED {time_boot_ms : 83626, x : -0.011762437410652637, y : 0.014048581942915916, z : 0.006423944607377052, vx : -0.0149996941909194, vy : 0.017895709723234177, vz : 0.00016135213081724942}
ahrs AHRS2 {roll : 0.00182628002949059, pitch : 0.001609580940566957, yaw : -0.12609833478927612, altitude : 584.0899658203125, lat : -353632621, lng : 1491652374}
xyz LOCAL_POSITION_NED {time_boot_ms : 83659, x : -0.011805285699665546, y : 0.014100405387580395, z : 0.006426074542105198, vx : -0.015031779184937477, vy : 0.017928434535861015, vz : 0.00015803368296474218}
ahrs AHRS2 {roll : 0.0018270282307639718, pitch : 0.0016121878288686275, yaw : -0.12609423696994781, altitude : 584.0899658203125, lat : -353632621, lng : 1491652374}
xyz LOCAL_POSITION_NED {time_boot_ms : 83692, x : -0.011712724342942238, y : 0.013990548439323902, z : 0.006426866166293621, vx : -0.014970263466238976, vy : 0.017835397273302078, vz : 0.00014854389883112162}
ahrs AHRS2 {roll : 0.0018299722578376532, pitch : 0.001613836968317628, yaw : -0.126088947057724, altitude : 584.0899658203125, lat : -353632621, lng : 1491652374}
xyz LOCAL_POSITION_NED {time_boot_ms : 83727, x : -0.011724508367478848, y : 0.014004707336425781, z : 0.006427602842450142, vx : -0.015008782036602497, vy : 0.017851807177066803, vz : 0.00013507767289411277}
ahrs AHRS2 {roll : 0.0018296439666301012, pitch : 0.0016137264901772141, yaw : -0.12608584761619568, altitude : 584.0899658203125, lat : -353632621, lng : 1491652374}
xyz LOCAL_POSITION_NED {time_boot_ms : 83759, x : -0.011911832727491856, y : 0.01422740425914526, z : 0.006429844535887241, vx : -0.015138015151023865, vy : 0.018022214993834496, vz : 0.00013614098133984953}
ahrs AHRS2 {roll : 0.0018293471075594425, pitch : 0.0016129029681906104, yaw : -0.12608009576797485, altitude : 584.0899658203125, lat : -353632621, lng : 1491652374}
xyz LOCAL_POSITION_NED {time_boot_ms : 83792, x : -0.01200562808662653, y : 0.01433850359171629, z : 0.006430669687688351, vx : -0.015200776979327202, vy : 0.01808071695268154, vz : 0.00013945068349130452}
ahrs AHRS2 {roll : 0.0018295181216672063, pitch : 0.0016137509373947978, yaw : -0.1260739266872406, altitude : 584.0899658203125, lat : -353632621, lng : 1491652374}
xyz LOCAL_POSITION_NED {time_boot_ms : 83824, x : -0.01187798473984003, y : 0.014185063540935516, z : 0.0064305709674954414, vx : -0.015097704716026783, vy : 0.017957767471671104, vz : 0.00015241123037412763}
ahrs AHRS2 {roll : 0.0018299920484423637, pitch : 0.0016145951813086867, yaw : -0.12606896460056305, altitude : 584.0899658203125, lat : -353632621, lng : 1491652374}
xyz LOCAL_POSITION_NED {time_boot_ms : 83857, x : -0.011910442262887955, y : 0.01422214973717928, z : 0.006432565860450268, vx : -0.015117090195417404, vy : 0.01797807216644287, vz : 0.00018210858979728073}
ahrs AHRS2 {roll : 0.0018324460834264755, pitch : 0.0016169070731848478, yaw : -0.1260652244091034, altitude : 584.0899658203125, lat : -353632621, lng : 1491652374}
xyz LOCAL_POSITION_NED {time_boot_ms : 83892, x : -0.011825093068182468, y : 0.014118838123977184, z : 0.006434165872633457, vx : -0.015065840445458889, vy : 0.01792275719344616, vz : 0.00017729707178659737}
ahrs AHRS2 {roll : 0.0018315871711820364, pitch : 0.0016173641197383404, yaw : -0.12606099247932434, altitude : 584.0899658203125, lat : -353632621, lng : 1491652374}
xyz LOCAL_POSITION_NED {time_boot_ms : 83924, x : -0.011783170513808727, y : 0.01406785100698471, z : 0.006435235496610403, vx : -0.015041561797261238, vy : 0.01788291707634926, vz : 0.00015631764836143702}
ahrs AHRS2 {roll : 0.0018328591249883175, pitch : 0.0016182803083211184, yaw : -0.12605738639831543, altitude : 584.0899658203125, lat : -353632621, lng : 1491652374}
xyz LOCAL_POSITION_NED {time_boot_ms : 83957, x : -0.011960468254983425, y : 0.014278233051300049, z : 0.006437720265239477, vx : -0.015144952572882175, vy : 0.018032725900411606, vz : 0.00014275318244472146}
ahrs AHRS2 {roll : 0.0018333749612793326, pitch : 0.0016180014936253428, yaw : -0.12605315446853638, altitude : 584.0899658203125, lat : -353632621, lng : 1491652374}
xyz LOCAL_POSITION_NED {time_boot_ms : 83989, x : -0.012039797380566597, y : 0.014372247271239758, z : 0.0064388457685709, vx : -0.015204381197690964, vy : 0.0181014034897089, vz : 0.00015385675942525268}
ahrs AHRS2 {roll : 0.0018350020982325077, pitch : 0.0016178226796910167, yaw : -0.12605036795139313, altitude : 584.0899658203125, lat : -353632621, lng : 1491652374}
xyz LOCAL_POSITION_NED {time_boot_ms : 84022, x : -0.012136940844357014, y : 0.014488250948488712, z : 0.006439531221985817, vx : -0.015247602947056293, vy : 0.01820298098027706, vz : 0.00011022550461348146}
ahrs AHRS2 {roll : 0.0018368164310231805, pitch : 0.0016193399205803871, yaw : -0.12604659795761108, altitude : 584.0899658203125, lat : -353632621, lng : 1491652374}
xyz LOCAL_POSITION_NED {time_boot_ms : 84057, x : -0.01194917131215334, y : 0.014266912825405598, z : 0.006437220145016909, vx : -0.015085062012076378, vy : 0.018057875335216522, vz : 8.327094838023186e-05}
ahrs AHRS2 {roll : 0.0018365755677223206, pitch : 0.001620631548576057, yaw : -0.12604445219039917, altitude : 584.0899658203125, lat : -353632621, lng : 1491652374}
xyz LOCAL_POSITION_NED {time_boot_ms : 84089, x : -0.011827996000647545, y : 0.014124785549938679, z : 0.006435236893594265, vx : -0.01504259742796421, vy : 0.017976898699998856, vz : 0.00010673017095541582}
ahrs AHRS2 {roll : 0.0018368181772530079, pitch : 0.0016200081445276737, yaw : -0.12604102492332458, altitude : 584.0899658203125, lat : -353632621, lng : 1491652374}
xyz LOCAL_POSITION_NED {time_boot_ms : 84122, x : -0.011935634538531303, y : 0.014255005866289139, z : 0.006435367278754711, vx : -0.01511192787438631, vy : 0.018067900091409683, vz : 9.548708476359025e-05}
ahrs AHRS2 {roll : 0.001839192002080381, pitch : 0.001620595809072256, yaw : -0.12603607773780823, altitude : 584.0899658203125, lat : -353632621, lng : 1491652374}
xyz LOCAL_POSITION_NED {time_boot_ms : 84154, x : -0.011947429738938808, y : 0.014271484687924385, z : 0.006434118375182152, vx : -0.015134375542402267, vy : 0.018079886212944984, vz : 9.62478734436445e-05}
ahrs AHRS2 {roll : 0.0018392851343378425, pitch : 0.0016227462328970432, yaw : -0.1260332316160202, altitude : 584.0899658203125, lat : -353632621, lng : 1491652374}
xyz LOCAL_POSITION_NED {time_boot_ms : 84187, x : -0.012005751952528954, y : 0.014343512244522572, z : 0.0064337607473134995, vx : -0.015171483159065247, vy : 0.018147718161344528, vz : 0.0001357799774268642}
ahrs AHRS2 {roll : 0.0018408328760415316, pitch : 0.001623925636522472, yaw : -0.12602689862251282, altitude : 584.0899658203125, lat : -353632621, lng : 1491652374}
xyz LOCAL_POSITION_NED {time_boot_ms : 84222, x : -0.01214862335473299, y : 0.014516320079565048, z : 0.006435648538172245, vx : -0.015243129804730415, vy : 0.01823335886001587, vz : 0.0001576088834553957}
ahrs AHRS2 {roll : 0.001844156300649047, pitch : 0.0016253676731139421, yaw : -0.1260242462158203, altitude : 584.0899658203125, lat : -353632621, lng : 1491652374}
xyz LOCAL_POSITION_NED {time_boot_ms : 84254, x : -0.011931545101106167, y : 0.014258232899010181, z : 0.006435340270400047, vx : -0.015121337957680225, vy : 0.018058495596051216, vz : 0.0001396428415318951}
ahrs AHRS2 {roll : 0.0018437758553773165, pitch : 0.0016265016747638583, yaw : -0.12601855397224426, altitude : 584.0899658203125, lat : -353632621, lng : 1491652374}
xyz LOCAL_POSITION_NED {time_boot_ms : 84287, x : -0.011782047338783741, y : 0.014079991728067398, z : 0.006434584967792034, vx : -0.015046617947518826, vy : 0.017932571470737457, vz : 0.00011941254342673346}
ahrs AHRS2 {roll : 0.0018441862193867564, pitch : 0.0016271460335701704, yaw : -0.12601420283317566, altitude : 584.0899658203125, lat : -353632621, lng : 1491652374}
xyz LOCAL_POSITION_NED {time_boot_ms : 84319, x : -0.011913198046386242, y : 0.014236059039831161, z : 0.006435339339077473, vx : -0.015120051801204681, vy : 0.018048832193017006, vz : 9.671015141066164e-05}
ahrs AHRS2 {roll : 0.0018454265082255006, pitch : 0.0016270605847239494, yaw : -0.12601158022880554, altitude : 584.0899658203125, lat : -353632621, lng : 1491652374}
xyz LOCAL_POSITION_NED {time_boot_ms : 84352, x : -0.011896215379238129, y : 0.014217270538210869, z : 0.006434467621147633, vx : -0.015082989819347858, vy : 0.018068155273795128, vz : 9.38667799346149e-05}
ahrs AHRS2 {roll : 0.0018456135876476765, pitch : 0.0016272228676825762, yaw : -0.12600833177566528, altitude : 584.0899658203125, lat : -353632621, lng : 1491652374}
xyz LOCAL_POSITION_NED {time_boot_ms : 84387, x : -0.01201364491134882, y : 0.014360220171511173, z : 0.006433970294892788, vx : -0.015178500674664974, vy : 0.018180791288614273, vz : 9.080309246201068e-05}
ahrs AHRS2 {roll : 0.0018469194183126092, pitch : 0.001629021018743515, yaw : -0.12600228190422058, altitude : 584.0899658203125, lat : -353632621, lng : 1491652374}
xyz LOCAL_POSITION_NED {time_boot_ms : 84419, x : -0.012116732075810432, y : 0.014486181549727917, z : 0.006433763541281223, vx : -0.015248820185661316, vy : 0.018291637301445007, vz : 9.764170681592077e-05}
ahrs AHRS2 {roll : 0.0018505252664908767, pitch : 0.0016311418730765581, yaw : -0.12599921226501465, altitude : 584.0899658203125, lat : -353632621, lng : 1491652374}
xyz LOCAL_POSITION_NED {time_boot_ms : 84452, x : -0.011885283514857292, y : 0.014212386682629585, z : 0.006432104855775833, vx : -0.015125367790460587, vy : 0.018098076805472374, vz : 9.865370520856231e-05}
ahrs AHRS2 {roll : 0.0018486797343939543, pitch : 0.001632506726309657, yaw : -0.12599816918373108, altitude : 584.0899658203125, lat : -353632621, lng : 1491652374}
xyz LOCAL_POSITION_NED {time_boot_ms : 84484, x : -0.01194686722010374, y : 0.014286757446825504, z : 0.006432403344660997, vx : -0.015166286379098892, vy : 0.018111977726221085, vz : 0.00011529989569680765}
ahrs AHRS2 {roll : 0.0018497402779757977, pitch : 0.0016339324647560716, yaw : -0.12599295377731323, altitude : 584.0899658203125, lat : -353632621, lng : 1491652374}
xyz LOCAL_POSITION_NED {time_boot_ms : 84517, x : -0.011864340864121914, y : 0.014188388362526894, z : 0.006431617774069309, vx : -0.015152016654610634, vy : 0.018061500042676926, vz : 0.00013084385136608034}
ahrs AHRS2 {roll : 0.0018506655469536781, pitch : 0.0016348676290363073, yaw : -0.12598799169063568, altitude : 584.0899658203125, lat : -353632621, lng : 1491652374}
xyz LOCAL_POSITION_NED {time_boot_ms : 84551, x : -0.011898756958544254, y : 0.014228623360395432, z : 0.006432046182453632, vx : -0.01517845131456852, vy : 0.018097013235092163, vz : 0.00011423903197282925}
ahrs AHRS2 {roll : 0.0018519210861995816, pitch : 0.0016351162921637297, yaw : -0.1259852647781372, altitude : 584.0899658203125, lat : -353632621, lng : 1491652374}
xyz LOCAL_POSITION_NED {time_boot_ms : 84584, x : -0.01210218109190464, y : 0.014470658265054226, z : 0.006433406379073858, vx : -0.015318860299885273, vy : 0.01824955642223358, vz : 0.0001157052829512395}
ahrs AHRS2 {roll : 0.0018532252870500088, pitch : 0.0016339464345946908, yaw : -0.12598083913326263, altitude : 584.0899658203125, lat : -353632621, lng : 1491652374}
xyz LOCAL_POSITION_NED {time_boot_ms : 84616, x : -0.01207177247852087, y : 0.014433949254453182, z : 0.006432635709643364, vx : -0.015296447090804577, vy : 0.018228184431791306, vz : 0.00010967435810016468}
ahrs AHRS2 {roll : 0.0018538563745096326, pitch : 0.0016347937053069472, yaw : -0.12597689032554626, altitude : 584.0899658203125, lat : -353632621, lng : 1491652374}
xyz LOCAL_POSITION_NED {time_boot_ms : 84649, x : -0.011841394938528538, y : 0.014158121310174465, z : 0.0064308615401387215, vx : -0.01515993196517229, vy : 0.018048491328954697, vz : 9.487596253165975e-05}
ahrs AHRS2 {roll : 0.0018549618544057012, pitch : 0.0016364294569939375, yaw : -0.1259724199771881, altitude : 584.0899658203125, lat : -353632621, lng : 1491652374}
xyz LOCAL_POSITION_NED {time_boot_ms : 84684, x : -0.0119424257427454, y : 0.014276877976953983, z : 0.006430931389331818, vx : -0.015253471210598946, vy : 0.018134767189621925, vz : 0.00010873217252083123}
ahrs AHRS2 {roll : 0.0018557134317234159, pitch : 0.0016393548576161265, yaw : -0.12596850097179413, altitude : 584.0899658203125, lat : -353632621, lng : 1491652374}
xyz LOCAL_POSITION_NED {time_boot_ms : 84716, x : -0.011861174367368221, y : 0.014178341254591942, z : 0.006429935805499554, vx : -0.015217354521155357, vy : 0.018099673092365265, vz : 0.00011010761227225885}
ahrs AHRS2 {roll : 0.0018571820110082626, pitch : 0.0016411923570558429, yaw : -0.1259632557630539, altitude : 584.0899658203125, lat : -353632621, lng : 1491652374}
xyz LOCAL_POSITION_NED {time_boot_ms : 84749, x : -0.011858727782964706, y : 0.014173302799463272, z : 0.006429276429116726, vx : -0.0152018116787076, vy : 0.018070038408041, vz : 9.991376282414421e-05}
ahrs AHRS2 {roll : 0.001858214964158833, pitch : 0.0016433449927717447, yaw : -0.12596169114112854, altitude : 584.0899658203125, lat : -353632621, lng : 1491652374}
xyz LOCAL_POSITION_NED {time_boot_ms : 84781, x : -0.012063020840287209, y : 0.014414675533771515, z : 0.006430415436625481, vx : -0.01534024253487587, vy : 0.018241267651319504, vz : 0.00010268008918501437}
ahrs AHRS2 {roll : 0.0018597448943182826, pitch : 0.0016447680536657572, yaw : -0.1259566843509674, altitude : 584.0899658203125, lat : -353632621, lng : 1491652374}
xyz LOCAL_POSITION_NED {time_boot_ms : 84814, x : -0.012033415958285332, y : 0.014377370476722717, z : 0.006429386790841818, vx : -0.015315528959035873, vy : 0.018195997923612595, vz : 9.595812298357487e-05}
ahrs AHRS2 {roll : 0.0018565136706456542, pitch : 0.0016431764233857393, yaw : -0.12595278024673462, altitude : 584.0899658203125, lat : -353632621, lng : 1491652374}
xyz LOCAL_POSITION_NED {time_boot_ms : 84849, x : -0.011842040345072746, y : 0.014146433211863041, z : 0.006427433341741562, vx : -0.015198005363345146, vy : 0.01803974062204361, vz : 9.349569154437631e-05}
ahrs AHRS2 {roll : 0.0018536400748416781, pitch : 0.0016405226197093725, yaw : -0.12594746053218842, altitude : 584.0899658203125, lat : -353632621, lng : 1491652374}
xyz LOCAL_POSITION_NED {time_boot_ms : 84881, x : -0.01190546527504921, y : 0.014219301752746105, z : 0.0064269802533090115, vx : -0.015242421068251133, vy : 0.018084431067109108, vz : 6.638181366724893e-05}
ahrs AHRS2 {roll : 0.001852083601988852, pitch : 0.0016383540350943804, yaw : -0.12594424188137054, altitude : 584.0899658203125, lat : -353632621, lng : 1491652374}
xyz LOCAL_POSITION_NED {time_boot_ms : 84914, x : -0.011824257671833038, y : 0.01411945465952158, z : 0.00642482191324234, vx : -0.015208142809569836, vy : 0.018032830208539963, vz : 6.363420834532008e-05}
ahrs AHRS2 {roll : 0.0018490934744477272, pitch : 0.0016374585684388876, yaw : -0.12594150006771088, altitude : 584.0899658203125, lat : -353632621, lng : 1491652374}
xyz LOCAL_POSITION_NED {time_boot_ms : 84946, x : -0.011979594826698303, y : 0.0143013009801507, z : 0.006424155086278915, vx : -0.015309585258364677, vy : 0.01814696379005909, vz : 4.3616579205263406e-05}
ahrs AHRS2 {roll : 0.0018473361851647496, pitch : 0.0016357876593247056, yaw : -0.12594084441661835, altitude : 584.0899658203125, lat : -353632621, lng : 1491652374}
xyz LOCAL_POSITION_NED {time_boot_ms : 84979, x : -0.012025737203657627, y : 0.014353512786328793, z : 0.006422054022550583, vx : -0.015327896922826767, vy : 0.018191441893577576, vz : 5.109018093207851e-05}
ahrs AHRS2 {roll : 0.0018438571132719517, pitch : 0.0016339204739779234, yaw : -0.12593980133533478, altitude : 584.0899658203125, lat : -353632621, lng : 1491652374}
xyz LOCAL_POSITION_NED {time_boot_ms : 85014, x : -0.012034947052598, y : 0.014361399225890636, z : 0.006419906858354807, vx : -0.015359316021203995, vy : 0.018199624493718147, vz : 4.903900480712764e-05}
ahrs AHRS2 {roll : 0.0018418170511722565, pitch : 0.0016333835665136576, yaw : -0.1259365975856781, altitude : 584.0899658203125, lat : -353632621, lng : 1491652374}
xyz LOCAL_POSITION_NED {time_boot_ms : 85046, x : -0.012037625536322594, y : 0.014360903762280941, z : 0.0064186472445726395, vx : -0.015380612574517727, vy : 0.018178993836045265, vz : 5.553622031584382e-05}
ahrs AHRS2 {roll : 0.001841117744334042, pitch : 0.0016322620213031769, yaw : -0.12593460083007812, altitude : 584.0899658203125, lat : -353632621, lng : 1491652374}
xyz LOCAL_POSITION_NED {time_boot_ms : 85079, x : -0.01187138818204403, y : 0.01415870152413845, z : 0.006416680291295052, vx : -0.015300590544939041, vy : 0.018065661191940308, vz : 5.5603839427931234e-05}
ahrs AHRS2 {roll : 0.001841238932684064, pitch : 0.0016318955458700657, yaw : -0.12593089044094086, altitude : 584.0899658203125, lat : -353632621, lng : 1491652374}
xyz LOCAL_POSITION_NED {time_boot_ms : 85111, x : -0.011792701669037342, y : 0.014059889130294323, z : 0.006414399016648531, vx : -0.015263947658240795, vy : 0.017997106537222862, vz : 4.254413943272084e-05}
ahrs AHRS2 {roll : 0.0018397500971332192, pitch : 0.001630619983188808, yaw : -0.12592607736587524, altitude : 584.0899658203125, lat : -353632621, lng : 1491652374}
xyz LOCAL_POSITION_NED {time_boot_ms : 85144, x : -0.011950396932661533, y : 0.014241505414247513, z : 0.006413654424250126, vx : -0.015394406393170357, vy : 0.01811213791370392, vz : 4.2382991523481905e-05}
ahrs AHRS2 {roll : 0.0018405790906399488, pitch : 0.0016308716731145978, yaw : -0.12592612206935883, altitude : 584.0899658203125, lat : -353632621, lng : 1491652374}
xyz LOCAL_POSITION_NED {time_boot_ms : 85179, x : -0.012038861401379108, y : 0.014339430257678032, z : 0.0064127701334655285, vx : -0.015474889427423477, vy : 0.018177755177021027, vz : 7.426289084833115e-05}
ahrs AHRS2 {roll : 0.0018395711667835712, pitch : 0.0016277662944048643, yaw : -0.12592194974422455, altitude : 584.0899658203125, lat : -353632621, lng : 1491652374}
xyz LOCAL_POSITION_NED {time_boot_ms : 85211, x : -0.012012884020805359, y : 0.014301815070211887, z : 0.006411517504602671, vx : -0.015425272285938263, vy : 0.01813790760934353, vz : 5.8681140217231587e-05}
ahrs AHRS2 {roll : 0.00183972402010113, pitch : 0.0016248717438429594, yaw : -0.1259155422449112, altitude : 584.0899658203125, lat : -353632621, lng : 1491652374}
xyz LOCAL_POSITION_NED {time_boot_ms : 85244, x : -0.012004939839243889, y : 0.014287035912275314, z : 0.006411158014088869, vx : -0.01542610116302967, vy : 0.018139652907848358, vz : 7.274447852978483e-05}
ahrs AHRS2 {roll : 0.001835291157476604, pitch : 0.0016251750057563186, yaw : -0.125915989279747, altitude : 584.0899658203125, lat : -353632621, lng : 1491652374}
xyz LOCAL_POSITION_NED {time_boot_ms : 85276, x : -0.01185325812548399, y : 0.014101725071668625, z : 0.006410346366465092, vx : -0.015327256172895432, vy : 0.01804087869822979, vz : 8.457041985820979e-05}
ahrs AHRS2 {roll : 0.0018361350521445274, pitch : 0.001623871154151857, yaw : -0.12591351568698883, altitude : 584.0899658203125, lat : -353632621, lng : 1491652374}
xyz LOCAL_POSITION_NED {time_boot_ms : 85309, x : -0.011945716105401516, y : 0.014207122847437859, z : 0.006410342641174793, vx : -0.015402229502797127, vy : 0.018142255023121834, vz : 4.986793646821752e-05}
ahrs AHRS2 {roll : 0.0018344735726714134, pitch : 0.0016233396017923951, yaw : -0.12590788304805756, altitude : 584.0899658203125, lat : -353632621, lng : 1491652374}
xyz LOCAL_POSITION_NED {time_boot_ms : 85344, x : -0.01195891760289669, y : 0.0142190707847476, z : 0.00640888512134552, vx : -0.015404153615236282, vy : 0.018179072067141533, vz : 4.7019180783536285e-05}
ahrs AHRS2 {roll : 0.001834547845646739, pitch : 0.0016231350600719452, yaw : -0.12590725719928741, altitude : 584.0899658203125, lat : -353632621, lng : 1491652374}
xyz LOCAL_POSITION_NED {time_boot_ms : 85376, x : -0.012021474540233612, y : 0.014290884137153625, z : 0.00640733540058136, vx : -0.015447134152054787, vy : 0.018242720514535904, vz : 2.6689087462727912e-05}
ahrs AHRS2 {roll : 0.00183382467366755, pitch : 0.0016234131762757897, yaw : -0.1259038895368576, altitude : 584.0899658203125, lat : -353632621, lng : 1491652374}
xyz LOCAL_POSITION_NED {time_boot_ms : 85409, x : -0.012248207814991474, y : 0.014557803981006145, z : 0.006406035274267197, vx : -0.01559328194707632, vy : 0.01841614954173565, vz : 8.775776223046705e-06}
ahrs AHRS2 {roll : 0.0018320444505661726, pitch : 0.0016229604370892048, yaw : -0.12589888274669647, altitude : 584.0899658203125, lat : -353632621, lng : 1491652374}
xyz LOCAL_POSITION_NED {time_boot_ms : 85441, x : -0.011999227106571198, y : 0.014260850846767426, z : 0.006402325816452503, vx : -0.01543713454157114, vy : 0.01823120191693306, vz : -1.650423109822441e-05}
ahrs AHRS2 {roll : 0.0018288788851350546, pitch : 0.001621917705051601, yaw : -0.1258975863456726, altitude : 584.0899658203125, lat : -353632621, lng : 1491652374}
xyz LOCAL_POSITION_NED {time_boot_ms : 85474, x : -0.011821379885077477, y : 0.014048794284462929, z : 0.006398657336831093, vx : -0.015307307243347168, vy : 0.018081864342093468, vz : -3.7322040498111164e-06}
ahrs AHRS2 {roll : 0.0018256453331559896, pitch : 0.001619694521650672, yaw : -0.12589576840400696, altitude : 584.0899658203125, lat : -353632621, lng : 1491652374}
xyz LOCAL_POSITION_NED {time_boot_ms : 85509, x : -0.011963831260800362, y : 0.014216209761798382, z : 0.006396853365004063, vx : -0.015392772853374481, vy : 0.018188808113336563, vz : 2.032694646914024e-05}
ahrs AHRS2 {roll : 0.0018246805993840098, pitch : 0.0016199365491047502, yaw : -0.12589237093925476, altitude : 584.0899658203125, lat : -353632621, lng : 1491652374}
xyz LOCAL_POSITION_NED {time_boot_ms : 85541, x : -0.011949858628213406, y : 0.01419832743704319, z : 0.0063944533467292786, vx : -0.015382627956569195, vy : 0.0181826651096344, vz : 4.8034639803518075e-06}
ahrs AHRS2 {roll : 0.0018228820990771055, pitch : 0.0016170507296919823, yaw : -0.12589024007320404, altitude : 584.0899658203125, lat : -353632621, lng : 1491652374}
xyz LOCAL_POSITION_NED {time_boot_ms : 85574, x : -0.011985286138951778, y : 0.014239829033613205, z : 0.006392032839357853, vx : -0.01540652196854353, vy : 0.018215982243418694, vz : -2.7157443582837004e-06}
ahrs AHRS2 {roll : 0.0018231639405712485, pitch : 0.0016151606105268002, yaw : -0.12588782608509064, altitude : 584.0899658203125, lat : -353632621, lng : 1491652374}
xyz LOCAL_POSITION_NED {time_boot_ms : 85606, x : -0.01223628968000412, y : 0.014536825008690357, z : 0.006390619557350874, vx : -0.015552813187241554, vy : 0.018410488963127136, vz : 1.604941462574061e-05}
ahrs AHRS2 {roll : 0.0018218313343822956, pitch : 0.001614597043953836, yaw : -0.12588287889957428, altitude : 584.0899658203125, lat : -353632621, lng : 1491652374}
xyz LOCAL_POSITION_NED {time_boot_ms : 85639, x : -0.011974584311246872, y : 0.014225956983864307, z : 0.006389128975570202, vx : -0.015397059731185436, vy : 0.018177470192313194, vz : 3.9884605939732864e-05}
ahrs AHRS2 {roll : 0.0018213907023891807, pitch : 0.0016137480270117521, yaw : -0.1258816123008728, altitude : 584.0899658203125, lat : -353632621, lng : 1491652374}
xyz LOCAL_POSITION_NED {time_boot_ms : 85674, x : -0.01184892375022173, y : 0.014076251536607742, z : 0.0063880737870931625, vx : -0.01530615333467722, vy : 0.01807592622935772, vz : 3.24853572237771e-05}
ahrs AHRS2 {roll : 0.0018200089689344168, pitch : 0.001614390523172915, yaw : -0.1258784830570221, altitude : 584.0899658203125, lat : -353632621, lng : 1491652374}
xyz LOCAL_POSITION_NED {time_boot_ms : 85706, x : -0.011953994631767273, y : 0.014199385419487953, z : 0.0063871778547763824, vx : -0.015372895635664463, vy : 0.018177621066570282, vz : 3.852592271869071e-06}
ahrs AHRS2 {roll : 0.0018192015122622252, pitch : 0.0016145643312484026, yaw : -0.12587468326091766, altitude : 584.0899658203125, lat : -353632621, lng : 1491652374}
xyz LOCAL_POSITION_NED {time_boot_ms : 85739, x : -0.011928241699934006, y : 0.014167826622724533, z : 0.0063850306905806065, vx : -0.01535915955901146, vy : 0.018125951290130615, vz : -1.5856671780056786e-06}
ahrs AHRS2 {roll : 0.0018178893951699138, pitch : 0.001613892032764852, yaw : -0.12587343156337738, altitude : 584.0899658203125, lat : -353632621, lng : 1491652374}
xyz LOCAL_POSITION_NED {time_boot_ms : 85772, x : -0.01199141051620245, y : 0.01424153707921505, z : 0.006383439060300589, vx : -0.015396193601191044, vy : 0.01818336732685566, vz : 6.299338110693498e-06}
ahrs AHRS2 {roll : 0.0018158805323764682, pitch : 0.0016134966863319278, yaw : -0.1258704662322998, altitude : 584.0899658203125, lat : -353632621, lng : 1491652374}
xyz LOCAL_POSITION_NED {time_boot_ms : 85804, x : -0.011958166025578976, y : 0.014201013371348381, z : 0.00638201180845499, vx : -0.015382358804345131, vy : 0.018178703263401985, vz : 3.877345079672523e-05}
ahrs AHRS2 {roll : 0.001818169024772942, pitch : 0.0016129437135532498, yaw : -0.12586422264575958, altitude : 584.0899658203125, lat : -353632621, lng : 1491652374}
xyz LOCAL_POSITION_NED {time_boot_ms : 85837, x : -0.011739479377865791, y : 0.01394161768257618, z : 0.006380251608788967, vx : -0.015216396190226078, vy : 0.018016522750258446, vz : 1.1162498594785575e-05}
ahrs AHRS2 {roll : 0.0018169049872085452, pitch : 0.0016130413860082626, yaw : -0.12586213648319244, altitude : 584.0899658203125, lat : -353632621, lng : 1491652374}
xyz LOCAL_POSITION_NED {time_boot_ms : 85872, x : -0.011648701503872871, y : 0.01383452583104372, z : 0.00637876708060503, vx : -0.015159627422690392, vy : 0.01793523132801056, vz : 2.691893132578116e-05}
ahrs AHRS2 {roll : 0.0018162800697609782, pitch : 0.0016117943450808525, yaw : -0.12586024403572083, altitude : 584.0899658203125, lat : -353632621, lng : 1491652374}
xyz LOCAL_POSITION_NED {time_boot_ms : 85904, x : -0.011773406527936459, y : 0.01398184522986412, z : 0.006378333084285259, vx : -0.015236342325806618, vy : 0.01802928000688553, vz : 3.6695659218821675e-05}
ahrs AHRS2 {roll : 0.0018166267545893788, pitch : 0.0016114895697683096, yaw : -0.1258530467748642, altitude : 584.0899658203125, lat : -353632621, lng : 1491652374}
xyz LOCAL_POSITION_NED {time_boot_ms : 85937, x : -0.011776534840464592, y : 0.013986038975417614, z : 0.0063779521733522415, vx : -0.015231715515255928, vy : 0.018023012205958366, vz : 7.190955511759967e-05}
ahrs AHRS2 {roll : 0.0018168777460232377, pitch : 0.001610910869203508, yaw : -0.1258510798215866, altitude : 584.0899658203125, lat : -353632621, lng : 1491652374}
xyz LOCAL_POSITION_NED {time_boot_ms : 85969, x : -0.011850989423692226, y : 0.014074237085878849, z : 0.006378696765750647, vx : -0.015270103700459003, vy : 0.0180739127099514, vz : 7.878976612119004e-05}
ahrs AHRS2 {roll : 0.0018169009126722813, pitch : 0.0016102067893370986, yaw : -0.12584684789180756, altitude : 584.0899658203125, lat : -353632621, lng : 1491652374}
xyz LOCAL_POSITION_NED {time_boot_ms : 86002, x : -0.012104401364922523, y : 0.014373266138136387, z : 0.006380375009030104, vx : -0.01546933501958847, vy : 0.01825510896742344, vz : 0.00011003172403434291}
ahrs AHRS2 {roll : 0.0018166752997785807, pitch : 0.0016101393848657608, yaw : -0.1258411854505539, altitude : 584.0899658203125, lat : -353632621, lng : 1491652374}
xyz LOCAL_POSITION_NED {time_boot_ms : 86037, x : -0.01190327387303114, y : 0.014132755808532238, z : 0.006382175721228123, vx : -0.015339625999331474, vy : 0.018095791339874268, vz : 0.00014042358088772744}
ahrs AHRS2 {roll : 0.0018157610902562737, pitch : 0.001608771039173007, yaw : -0.12583854794502258, altitude : 584.0899658203125, lat : -353632621, lng : 1491652374}
xyz LOCAL_POSITION_NED {time_boot_ms : 86069, x : -0.011757769621908665, y : 0.013957850635051727, z : 0.006384164094924927, vx : -0.015245781280100346, vy : 0.017971869558095932, vz : 0.00012324625276960433}
ahrs AHRS2 {roll : 0.0018151320982724428, pitch : 0.0016073081642389297, yaw : -0.12583573162555695, altitude : 584.0899658203125, lat : -353632621, lng : 1491652374}
xyz LOCAL_POSITION_NED {time_boot_ms : 86102, x : -0.011860921047627926, y : 0.014078167267143726, z : 0.00638637924566865, vx : -0.01530209369957447, vy : 0.018100325018167496, vz : 0.0001284708851017058}
ahrs AHRS2 {roll : 0.0018132732948288321, pitch : 0.001606568694114685, yaw : -0.12583285570144653, altitude : 584.0899658203125, lat : -353632621, lng : 1491652374}
xyz LOCAL_POSITION_NED {time_boot_ms : 86134, x : -0.011863754130899906, y : 0.014080926775932312, z : 0.006388687528669834, vx : -0.015307220630347729, vy : 0.018101776018738747, vz : 0.00013101233344059438}
ahrs AHRS2 {roll : 0.0018118052976205945, pitch : 0.001606652862392366, yaw : -0.1258300244808197, altitude : 584.0899658203125, lat : -353632621, lng : 1491652374}
xyz LOCAL_POSITION_NED {time_boot_ms : 86167, x : -0.012051605619490147, y : 0.014303269796073437, z : 0.0063920714892446995, vx : -0.015441063791513443, vy : 0.018275359645485878, vz : 0.00016014753782656044}
ahrs AHRS2 {roll : 0.0018110685050487518, pitch : 0.0016067478572949767, yaw : -0.12582643330097198, altitude : 584.0899658203125, lat : -353632621, lng : 1491652374}
xyz LOCAL_POSITION_NED {time_boot_ms : 86202, x : -0.012199381366372108, y : 0.014478056691586971, z : 0.006395568605512381, vx : -0.015553866513073444, vy : 0.018412651494145393, vz : 0.00015968830848578364}
ahrs AHRS2 {roll : 0.0018093094695359468, pitch : 0.001603670883923769, yaw : -0.12581995129585266, altitude : 584.0899658203125, lat : -353632621, lng : 1491652374}
xyz LOCAL_POSITION_NED {time_boot_ms : 86234, x : -0.011963501572608948, y : 0.014197774231433868, z : 0.006396488286554813, vx : -0.015394851565361023, vy : 0.018202366307377815, vz : 0.00013410707470029593}
ahrs AHRS2 {roll : 0.001808134838938713, pitch : 0.00160437379963696, yaw : -0.12581908702850342, altitude : 584.0899658203125, lat : -353632621, lng : 1491652374}
xyz LOCAL_POSITION_NED {time_boot_ms : 86267, x : -0.012004314921796322, y : 0.014244970865547657, z : 0.006399062462151051, vx : -0.015418716706335545, vy : 0.018224354833364487, vz : 0.00016217563825193793}
ahrs AHRS2 {roll : 0.0018077843124046922, pitch : 0.0016034082509577274, yaw : -0.12581594288349152, altitude : 584.0899658203125, lat : -353632621, lng : 1491652374}
xyz LOCAL_POSITION_NED {time_boot_ms : 86299, x : -0.011919189244508743, y : 0.014143534004688263, z : 0.00640079565346241, vx : -0.015358484350144863, vy : 0.018176712095737457, vz : 0.0001470198476454243}
ahrs AHRS2 {roll : 0.0018069593934342265, pitch : 0.0016032833373174071, yaw : -0.1258121132850647, altitude : 584.0899658203125, lat : -353632621, lng : 1491652374}
xyz LOCAL_POSITION_NED {time_boot_ms : 86332, x : -0.011889415793120861, y : 0.014107457362115383, z : 0.006402182392776012, vx : -0.015364636667072773, vy : 0.018152201548218727, vz : 0.00013012818817514926}
ahrs AHRS2 {roll : 0.0018069030484184623, pitch : 0.0016034137224778533, yaw : -0.12580890953540802, altitude : 584.0899658203125, lat : -353632621, lng : 1491652374}
xyz LOCAL_POSITION_NED {time_boot_ms : 86367, x : -0.012125721201300621, y : 0.014385494403541088, z : 0.006405089981853962, vx : -0.015520253218710423, vy : 0.0183408260345459, vz : 0.00013628519081976265}
ahrs AHRS2 {roll : 0.0018077439162880182, pitch : 0.0016051048878580332, yaw : -0.12580525875091553, altitude : 584.0899658203125, lat : -353632621, lng : 1491652374}
xyz LOCAL_POSITION_NED {time_boot_ms : 86399, x : -0.012241859920322895, y : 0.014521651901304722, z : 0.0064066625200212, vx : -0.01561952568590641, vy : 0.018415682017803192, vz : 0.0001322826574323699}
ahrs AHRS2 {roll : 0.001806297805160284, pitch : 0.0016045246738940477, yaw : -0.12579943239688873, altitude : 584.0899658203125, lat : -353632621, lng : 1491652374}
xyz LOCAL_POSITION_NED {time_boot_ms : 86432, x : -0.011974823661148548, y : 0.014202221296727657, z : 0.0064062029123306274, vx : -0.015447882004082203, vy : 0.018177058547735214, vz : 0.00015517201973125339}
ahrs AHRS2 {roll : 0.0018059442518278956, pitch : 0.0016026439843699336, yaw : -0.12579631805419922, altitude : 584.0899658203125, lat : -353632621, lng : 1491652374}
xyz LOCAL_POSITION_NED {time_boot_ms : 86464, x : -0.012038248591125011, y : 0.01427375990897417, z : 0.006408863700926304, vx : -0.01545180007815361, vy : 0.018228303641080856, vz : 0.00016590481391176581}
ahrs AHRS2 {roll : 0.0018049688078463078, pitch : 0.001603181241080165, yaw : -0.12579278647899628, altitude : 584.0899658203125, lat : -353632621, lng : 1491652374}
xyz LOCAL_POSITION_NED {time_boot_ms : 86497, x : -0.01193867065012455, y : 0.014153117313981056, z : 0.0064102644100785255, vx : -0.015409981831908226, vy : 0.018144885078072548, vz : 0.00017845466209109873}
ahrs AHRS2 {roll : 0.0018042937153950334, pitch : 0.0016003057826310396, yaw : -0.1257883459329605, altitude : 584.0899658203125, lat : -353632621, lng : 1491652374}
xyz LOCAL_POSITION_NED {time_boot_ms : 86532, x : -0.01195784006267786, y : 0.014172322116792202, z : 0.006413004826754332, vx : -0.01542196236550808, vy : 0.018138771876692772, vz : 0.00019507230899762362}
ahrs AHRS2 {roll : 0.001804739935323596, pitch : 0.0015976469730958343, yaw : -0.12578533589839935, altitude : 584.0899658203125, lat : -353632621, lng : 1491652374}
xyz LOCAL_POSITION_NED {time_boot_ms : 86564, x : -0.01215344574302435, y : 0.014401253312826157, z : 0.006417660042643547, vx : -0.015548969618976116, vy : 0.01831207610666752, vz : 0.0002151295921066776}
ahrs AHRS2 {roll : 0.0018024668097496033, pitch : 0.001597013557329774, yaw : -0.12578171491622925, altitude : 584.0899658203125, lat : -353632621, lng : 1491652374}
xyz LOCAL_POSITION_NED {time_boot_ms : 86597, x : -0.012253880500793457, y : 0.014516811817884445, z : 0.006420880556106567, vx : -0.01559695415198803, vy : 0.018363358452916145, vz : 0.0001878018956631422}
ahrs AHRS2 {roll : 0.0018027018522843719, pitch : 0.0015982295153662562, yaw : -0.1257781982421875, altitude : 584.0899658203125, lat : -353632621, lng : 1491652374}
xyz LOCAL_POSITION_NED {time_boot_ms : 86629, x : -0.01199599914252758, y : 0.01421030331403017, z : 0.006421354599297047, vx : -0.015370883047580719, vy : 0.018148371949791908, vz : 0.0001916686596814543}
ahrs AHRS2 {roll : 0.0018006813479587436, pitch : 0.0015981050673872232, yaw : -0.12577621638774872, altitude : 584.0899658203125, lat : -353632621, lng : 1491652374}
xyz LOCAL_POSITION_NED {time_boot_ms : 86664, x : -0.012082168832421303, y : 0.014310603961348534, z : 0.0064244456589221954, vx : -0.015459385700523853, vy : 0.018193237483501434, vz : 0.00017146734171546996}
ahrs AHRS2 {roll : 0.0018014309462159872, pitch : 0.001594757311977446, yaw : -0.12577398121356964, altitude : 584.0899658203125, lat : -353632621, lng : 1491652374}
xyz LOCAL_POSITION_NED {time_boot_ms : 86696, x : -0.011976851150393486, y : 0.014183836057782173, z : 0.006425260566174984, vx : -0.015401315875351429, vy : 0.01813296042382717, vz : 0.00017114324145950377}
ahrs AHRS2 {roll : 0.0018013123190030456, pitch : 0.0015951530076563358, yaw : -0.1257689744234085, altitude : 584.0899658203125, lat : -353632621, lng : 1491652374}
xyz LOCAL_POSITION_NED {time_boot_ms : 86729, x : -0.01195227075368166, y : 0.014152893796563148, z : 0.006427353248000145, vx : -0.015371892601251602, vy : 0.01812262088060379, vz : 0.00022450063261203468}
ahrs AHRS2 {roll : 0.0018023261800408363, pitch : 0.0015937245916575193, yaw : -0.1257665902376175, altitude : 584.0899658203125, lat : -353632621, lng : 1491652374}
xyz LOCAL_POSITION_NED {time_boot_ms : 86761, x : -0.01214427500963211, y : 0.014379629865288734, z : 0.006431260146200657, vx : -0.015493649989366531, vy : 0.018310584127902985, vz : 0.00019530764257069677}
ahrs AHRS2 {roll : 0.0018012591172009706, pitch : 0.0015927288914099336, yaw : -0.12576483190059662, altitude : 584.0899658203125, lat : -353632621, lng : 1491652374}
xyz LOCAL_POSITION_NED {time_boot_ms : 86794, x : -0.012239581905305386, y : 0.014492406509816647, z : 0.006433648522943258, vx : -0.01555111538618803, vy : 0.01835479401051998, vz : 0.00019361366867087781}
ahrs AHRS2 {roll : 0.001802712446078658, pitch : 0.0015930009540170431, yaw : -0.1257605254650116, altitude : 584.0899658203125, lat : -353632621, lng : 1491652374}
xyz LOCAL_POSITION_NED {time_boot_ms : 86829, x : -0.01201723050326109, y : 0.014228396117687225, z : 0.006433915346860886, vx : -0.015424896031618118, vy : 0.0181544441729784, vz : 0.00021285252296365798}
ahrs AHRS2 {roll : 0.0018033672822639346, pitch : 0.0015935644041746855, yaw : -0.12575818598270416, altitude : 584.0899658203125, lat : -353632621, lng : 1491652374}
xyz LOCAL_POSITION_NED {time_boot_ms : 86861, x : -0.01206398755311966, y : 0.014281466603279114, z : 0.006436999887228012, vx : -0.015448924154043198, vy : 0.018185939639806747, vz : 0.00022189533046912402}
ahrs AHRS2 {roll : 0.0018040628638118505, pitch : 0.0015953496331349015, yaw : -0.1257558912038803, altitude : 584.0899658203125, lat : -353632621, lng : 1491652374}
xyz LOCAL_POSITION_NED {time_boot_ms : 86894, x : -0.011955787427723408, y : 0.01415301114320755, z : 0.006438506301492453, vx : -0.015363005921244621, vy : 0.018117021769285202, vz : 0.0002112431247951463}
ahrs AHRS2 {roll : 0.001803398015908897, pitch : 0.0015973479021340609, yaw : -0.1257513463497162, altitude : 584.0899658203125, lat : -353632621, lng : 1491652374}
xyz LOCAL_POSITION_NED {time_boot_ms : 86926, x : -0.012096233665943146, y : 0.014317416585981846, z : 0.006441677920520306, vx : -0.015473878011107445, vy : 0.018210167065262794, vz : 0.00021531604579649866}
ahrs AHRS2 {roll : 0.0018041617004200816, pitch : 0.0015960182063281536, yaw : -0.12574736773967743, altitude : 584.0899658203125, lat : -353632621, lng : 1491652374}
xyz LOCAL_POSITION_NED {time_boot_ms : 86959, x : -0.012119617313146591, y : 0.01434419583529234, z : 0.006443857681006193, vx : -0.015467552468180656, vy : 0.018241753801703453, vz : 0.0001937939232448116}
ahrs AHRS2 {roll : 0.001800961559638381, pitch : 0.0015959765296429396, yaw : -0.1257442682981491, altitude : 584.0899658203125, lat : -353632621, lng : 1491652374}
xyz LOCAL_POSITION_NED {time_boot_ms : 86994, x : -0.012251508422195911, y : 0.01450049877166748, z : 0.006446355022490025, vx : -0.015518524684011936, vy : 0.018339883536100388, vz : 0.00020402271184138954}
ahrs AHRS2 {roll : 0.0018012014916166663, pitch : 0.001595508772879839, yaw : -0.12573958933353424, altitude : 584.0899658203125, lat : -353632621, lng : 1491652374}
xyz LOCAL_POSITION_NED {time_boot_ms : 87026, x : -0.012231331318616867, y : 0.014477420598268509, z : 0.006447785533964634, vx : -0.01550313737243414, vy : 0.01831827498972416, vz : 0.00018085198826156557}
ahrs AHRS2 {roll : 0.001798211014829576, pitch : 0.0015957907307893038, yaw : -0.1257348209619522, altitude : 584.0899658203125, lat : -353632621, lng : 1491652374}
xyz LOCAL_POSITION_NED {time_boot_ms : 87059, x : -0.012030679732561111, y : 0.014242063276469707, z : 0.006447263062000275, vx : -0.015383988618850708, vy : 0.018176736310124397, vz : 0.00018185048247687519}
ahrs AHRS2 {roll : 0.0017986902967095375, pitch : 0.0015959313604980707, yaw : -0.1257316917181015, altitude : 584.0899658203125, lat : -353632621, lng : 1491652374}
xyz LOCAL_POSITION_NED {time_boot_ms : 87091, x : -0.011920562013983727, y : 0.014112860895693302, z : 0.006446747109293938, vx : -0.015301059931516647, vy : 0.018072746694087982, vz : 0.00014792649017181247}
ahrs AHRS2 {roll : 0.0017987133469432592, pitch : 0.0015951039968058467, yaw : -0.12572599947452545, altitude : 584.0899658203125, lat : -353632621, lng : 1491652374}
xyz LOCAL_POSITION_NED {time_boot_ms : 87124, x : -0.012058989144861698, y : 0.014276345260441303, z : 0.006447832100093365, vx : -0.015415270812809467, vy : 0.01816732808947563, vz : 0.0001569856976857409}
ahrs AHRS2 {roll : 0.0018004272133111954, pitch : 0.0015965919010341167, yaw : -0.12572528421878815, altitude : 584.0899658203125, lat : -353632621, lng : 1491652374}
xyz LOCAL_POSITION_NED {time_boot_ms : 87159, x : -0.012119700200855732, y : 0.014346658252179623, z : 0.0064481571316719055, vx : -0.015480409376323223, vy : 0.018180591985583305, vz : 0.0001406814408255741}
ahrs AHRS2 {roll : 0.0017990793567150831, pitch : 0.0015945828054100275, yaw : -0.12572108209133148, altitude : 584.0899658203125, lat : -353632621, lng : 1491652374}
xyz LOCAL_POSITION_NED {time_boot_ms : 87191, x : -0.01221342571079731, y : 0.01445547305047512, z : 0.006447355262935162, vx : -0.015545520931482315, vy : 0.01827048324048519, vz : 0.00010602889233268797}
ahrs AHRS2 {roll : 0.0017977339448407292, pitch : 0.0015949368244037032, yaw : -0.1257161796092987, altitude : 584.0899658203125, lat : -353632621, lng : 1491652374}
xyz LOCAL_POSITION_NED {time_boot_ms : 87224, x : -0.012195154093205929, y : 0.014431175775825977, z : 0.006446226965636015, vx : -0.015531295910477638, vy : 0.018253685906529427, vz : 9.861646685749292e-05}
ahrs AHRS2 {roll : 0.0017971612978726625, pitch : 0.0015943734906613827, yaw : -0.12571333348751068, altitude : 584.0899658203125, lat : -353632621, lng : 1491652374}
xyz LOCAL_POSITION_NED {time_boot_ms : 87256, x : -0.011996368877589703, y : 0.01419371459633112, z : 0.006444030441343784, vx : -0.015384577214717865, vy : 0.018065113574266434, vz : 0.00011349485430400819}
ahrs AHRS2 {roll : 0.0017964593134820461, pitch : 0.0015930833760648966, yaw : -0.12570899724960327, altitude : 584.0899658203125, lat : -353632621, lng : 1491652374}
xyz LOCAL_POSITION_NED {time_boot_ms : 87289, x : -0.012080622836947441, y : 0.014291049912571907, z : 0.006444217637181282, vx : -0.015423162840306759, vy : 0.018159082159399986, vz : 0.00012372148921713233}
ahrs AHRS2 {roll : 0.0017977331299334764, pitch : 0.0015933020040392876, yaw : -0.12570437788963318, altitude : 584.0899658203125, lat : -353632621, lng : 1491652374}
xyz LOCAL_POSITION_NED {time_boot_ms : 87324, x : -0.012052071280777454, y : 0.014256042428314686, z : 0.006443008780479431, vx : -0.015427417121827602, vy : 0.01815296895802021, vz : 0.0001181511179311201}
ahrs AHRS2 {roll : 0.0017964500002563, pitch : 0.0015901681035757065, yaw : -0.12570255994796753, altitude : 584.0899658203125, lat : -353632621, lng : 1491652374}
xyz LOCAL_POSITION_NED {time_boot_ms : 87356, x : -0.012088564224541187, y : 0.014297502115368843, z : 0.006442359648644924, vx : -0.01545928604900837, vy : 0.018190501257777214, vz : 0.0001076289190677926}
ahrs AHRS2 {roll : 0.0017980394186452031, pitch : 0.001589812571182847, yaw : -0.12569957971572876, altitude : 584.0899658203125, lat : -353632621, lng : 1491652374}
xyz LOCAL_POSITION_NED {time_boot_ms : 87389, x : -0.012299794703722, y : 0.014544626697897911, z : 0.006442743353545666, vx : -0.015635358169674873, vy : 0.018344154581427574, vz : 0.00011440197704359889}
ahrs AHRS2 {roll : 0.0017967227613553405, pitch : 0.0015889749629423022, yaw : -0.12569351494312286, altitude : 584.0899658203125, lat : -353632621, lng : 1491652374}
xyz LOCAL_POSITION_NED {time_boot_ms : 87421, x : -0.012166187167167664, y : 0.0143832266330719, z : 0.006441149860620499, vx : -0.015529762022197247, vy : 0.01820683479309082, vz : 0.00010921187640633434}
ahrs AHRS2 {roll : 0.0017938049277290702, pitch : 0.0015890499344095588, yaw : -0.12568984925746918, altitude : 584.0899658203125, lat : -353632621, lng : 1491652374}
xyz LOCAL_POSITION_NED {time_boot_ms : 87454, x : -0.011956197209656239, y : 0.01413230411708355, z : 0.006438766606152058, vx : -0.01538063120096922, vy : 0.018036730587482452, vz : 8.493515633745119e-05}
ahrs AHRS2 {roll : 0.0017920619575306773, pitch : 0.001589291263371706, yaw : -0.1256868690252304, altitude : 584.0899658203125, lat : -353632621, lng : 1491652374}
xyz LOCAL_POSITION_NED {time_boot_ms : 87489, x : -0.01208034623414278, y : 0.014274733141064644, z : 0.006437650881707668, vx : -0.015462475828826427, vy : 0.01811073161661625, vz : 4.896093378192745e-05}
ahrs AHRS2 {roll : 0.0017917208606377244, pitch : 0.0015894287498667836, yaw : -0.12568292021751404, altitude : 584.0899658203125, lat : -353632621, lng : 1491652374}
xyz LOCAL_POSITION_NED {time_boot_ms : 87521, x : -0.0120393680408597, y : 0.014222816564142704, z : 0.0064340983517467976, vx : -0.015400135889649391, vy : 0.018064217641949654, vz : 5.155517646926455e-05}
ahrs AHRS2 {roll : 0.0017927775625139475, pitch : 0.0015910947695374489, yaw : -0.12567925453186035, altitude : 584.0899658203125, lat : -353632621, lng : 1491652374}
xyz LOCAL_POSITION_NED {time_boot_ms : 87554, x : -0.012049669399857521, y : 0.014231705106794834, z : 0.006431310437619686, vx : -0.015403596684336662, vy : 0.018050746992230415, vz : 6.001473593642004e-05}
ahrs AHRS2 {roll : 0.0017915164353325963, pitch : 0.001591296517290175, yaw : -0.12567488849163055, altitude : 584.0899658203125, lat : -353632621, lng : 1491652374}
xyz LOCAL_POSITION_NED {time_boot_ms : 87586, x : -0.012284907512366772, y : 0.014505403116345406, z : 0.006430617533624172, vx : -0.015542467124760151, vy : 0.018239738419651985, vz : 5.4470932809636e-05}
ahrs AHRS2 {roll : 0.0017942746635526419, pitch : 0.0015927173662930727, yaw : -0.1256723552942276, altitude : 584.0899658203125, lat : -353632621, lng : 1491652374}
xyz LOCAL_POSITION_NED {time_boot_ms : 87619, x : -0.012122641317546368, y : 0.0143118966370821, z : 0.00642743706703186, vx : -0.015438406728208065, vy : 0.018091242760419846, vz : 3.162996654282324e-05}
ahrs AHRS2 {roll : 0.0017968370812013745, pitch : 0.0015944349579513073, yaw : -0.12566834688186646, altitude : 584.0899658203125, lat : -353632621, lng : 1491652374}
xyz LOCAL_POSITION_NED {time_boot_ms : 87654, x : -0.011962708085775375, y : 0.014119603671133518, z : 0.006424372084438801, vx : -0.01538426335901022, vy : 0.017974233254790306, vz : 2.9993807402206585e-05}
ahrs AHRS2 {roll : 0.0017981712007895112, pitch : 0.0015917905839160085, yaw : -0.12566648423671722, altitude : 584.0899658203125, lat : -353632621, lng : 1491652374}
xyz LOCAL_POSITION_NED {time_boot_ms : 87686, x : -0.012061013840138912, y : 0.014229866676032543, z : 0.006422532722353935, vx : -0.015443595126271248, vy : 0.01800704188644886, vz : 1.4522343008138705e-05}
ahrs AHRS2 {roll : 0.0017990643391385674, pitch : 0.0015932071255519986, yaw : -0.12566059827804565, altitude : 584.0899658203125, lat : -353632621, lng : 1491652374}
xyz LOCAL_POSITION_NED {time_boot_ms : 87719, x : -0.012007362209260464, y : 0.014160661026835442, z : 0.006419501267373562, vx : -0.015416310168802738, vy : 0.01794307865202427, vz : 2.1899983039475046e-05}
ahrs AHRS2 {roll : 0.0017995289526879787, pitch : 0.0015923931496217847, yaw : -0.12565743923187256, altitude : 584.0899658203125, lat : -353632621, lng : 1491652374}
xyz LOCAL_POSITION_NED {time_boot_ms : 87751, x : -0.012182057835161686, y : 0.014360432513058186, z : 0.006417642347514629, vx : -0.015525808557868004, vy : 0.01809164509177208, vz : 2.0878209397778846e-05}
ahrs AHRS2 {roll : 0.0018014719244092703, pitch : 0.0015918087447062135, yaw : -0.12565384805202484, altitude : 584.0899658203125, lat : -353632621, lng : 1491652374}
xyz LOCAL_POSITION_NED {time_boot_ms : 87784, x : -0.0122537761926651, y : 0.014438718557357788, z : 0.006415250711143017, vx : -0.015588394366204739, vy : 0.018159091472625732, vz : 2.5784333047340624e-05}
ahrs AHRS2 {roll : 0.0018036873079836369, pitch : 0.001594369881786406, yaw : -0.12564942240715027, altitude : 584.0899658203125, lat : -353632621, lng : 1491652374}
xyz LOCAL_POSITION_NED {time_boot_ms : 87819, x : -0.012144713662564754, y : 0.014305784367024899, z : 0.0064128702506423, vx : -0.015495926141738892, vy : 0.018060289323329926, vz : 4.78784459119197e-05}
ahrs AHRS2 {roll : 0.0018032139632850885, pitch : 0.0015951722161844373, yaw : -0.12564626336097717, altitude : 584.0899658203125, lat : -353632621, lng : 1491652374}
xyz LOCAL_POSITION_NED {time_boot_ms : 87852, x : -0.011960882693529129, y : 0.0140864048153162, z : 0.006411276292055845, vx : -0.015356150455772877, vy : 0.017932698130607605, vz : 4.440435077412985e-05}
ahrs AHRS2 {roll : 0.001805182546377182, pitch : 0.0015930961817502975, yaw : -0.12564612925052643, altitude : 584.0899658203125, lat : -353632621, lng : 1491652374}
xyz LOCAL_POSITION_NED {time_boot_ms : 87884, x : -0.012046212330460548, y : 0.014183742925524712, z : 0.006411109119653702, vx : -0.01540739368647337, vy : 0.01799863576889038, vz : 7.320195436477661e-05}
ahrs AHRS2 {roll : 0.001805848558433354, pitch : 0.0015932096866890788, yaw : -0.12564241886138916, altitude : 584.0899658203125, lat : -353632621, lng : 1491652374}
xyz LOCAL_POSITION_NED {time_boot_ms : 87917, x : -0.011992843821644783, y : 0.014118637889623642, z : 0.0064105382189154625, vx : -0.015364333055913448, vy : 0.017949189990758896, vz : 8.591785444878042e-05}
ahrs AHRS2 {roll : 0.0018064361065626144, pitch : 0.001591547392308712, yaw : -0.12563946843147278, altitude : 584.0899658203125, lat : -353632621, lng : 1491652374}
xyz LOCAL_POSITION_NED {time_boot_ms : 87949, x : -0.012167515233159065, y : 0.014321156777441502, z : 0.006411717273294926, vx : -0.015490631572902203, vy : 0.018090305849909782, vz : 0.00010487909457879141}
ahrs AHRS2 {roll : 0.001805751002393663, pitch : 0.0015897100092843175, yaw : -0.1256365031003952, altitude : 584.0899658203125, lat : -353632621, lng : 1491652374}
xyz LOCAL_POSITION_NED {time_boot_ms : 87982, x : -0.012239228002727032, y : 0.014403225854039192, z : 0.006412699352949858, vx : -0.015538601204752922, vy : 0.018169481307268143, vz : 0.00011143596202600747}
ahrs AHRS2 {roll : 0.0018069881480187178, pitch : 0.001589320134371519, yaw : -0.12563183903694153, altitude : 584.0899658203125, lat : -353632621, lng : 1491652374}
xyz LOCAL_POSITION_NED {time_boot_ms : 88017, x : -0.01212992612272501, y : 0.014274482615292072, z : 0.00641318503767252, vx : -0.015433418564498425, vy : 0.01809372752904892, vz : 0.00010260621638735756}
ahrs AHRS2 {roll : 0.0018043715972453356, pitch : 0.0015885193133726716, yaw : -0.1256258636713028, altitude : 584.0899658203125, lat : -353632621, lng : 1491652374}
xyz LOCAL_POSITION_NED {time_boot_ms : 88049, x : -0.012153047136962414, y : 0.014301935210824013, z : 0.0064140018075704575, vx : -0.015432988293468952, vy : 0.018099192529916763, vz : 8.15482999314554e-05}
ahrs AHRS2 {roll : 0.0018058328423649073, pitch : 0.0015888003399595618, yaw : -0.1256246566772461, altitude : 584.0899658203125, lat : -353632621, lng : 1491652374}
xyz LOCAL_POSITION_NED {time_boot_ms : 88082, x : -0.012013362720608711, y : 0.014138889499008656, z : 0.00641341507434845, vx : -0.015325780026614666, vy : 0.01799682341516018, vz : 6.879177817609161e-05}
ahrs AHRS2 {roll : 0.0018066110787913203, pitch : 0.0015900743892416358, yaw : -0.12561988830566406, altitude : 584.0899658203125, lat : -353632621, lng : 1491652374}
xyz LOCAL_POSITION_NED {time_boot_ms : 88114, x : -0.011957339011132717, y : 0.01407492347061634, z : 0.006412323564291, vx : -0.015293756499886513, vy : 0.017939886078238487, vz : 6.20832433924079e-05}
ahrs AHRS2 {roll : 0.00180751271545887, pitch : 0.0015891932416707277, yaw : -0.12561485171318054, altitude : 584.0899658203125, lat : -353632621, lng : 1491652374}
xyz LOCAL_POSITION_NED {time_boot_ms : 88147, x : -0.012116309255361557, y : 0.014262338168919086, z : 0.006412654649466276, vx : -0.015370805747807026, vy : 0.018065212294459343, vz : 8.831388549879193e-05}
ahrs AHRS2 {roll : 0.001808501430787146, pitch : 0.0015909647336229682, yaw : -0.1256137490272522, altitude : 584.0899658203125, lat : -353632621, lng : 1491652374}
xyz LOCAL_POSITION_NED {time_boot_ms : 88182, x : -0.012223604135215282, y : 0.01439020037651062, z : 0.006413079798221588, vx : -0.015446381643414497, vy : 0.018129535019397736, vz : 8.221035386668518e-05}
ahrs AHRS2 {roll : 0.0018089442746713758, pitch : 0.0015888622729107738, yaw : -0.12561064958572388, altitude : 584.0899658203125, lat : -353632621, lng : 1491652374}
xyz LOCAL_POSITION_NED {time_boot_ms : 88214, x : -0.012086114846169949, y : 0.01422965805977583, z : 0.006412187125533819, vx : -0.015329624526202679, vy : 0.01802857220172882, vz : 6.521933391923085e-05}
ahrs AHRS2 {roll : 0.0018088301876559854, pitch : 0.0015886491164565086, yaw : -0.1256060153245926, altitude : 584.0899658203125, lat : -353632621, lng : 1491652374}
xyz LOCAL_POSITION_NED {time_boot_ms : 88247, x : -0.012095030397176743, y : 0.014240283519029617, z : 0.006412148009985685, vx : -0.01535862497985363, vy : 0.018022878095507622, vz : 5.718302054447122e-05}
ahrs AHRS2 {roll : 0.0018097212305292487, pitch : 0.001590280793607235, yaw : -0.12560400366783142, altitude : 584.0899658203125, lat : -353632621, lng : 1491652374}
xyz LOCAL_POSITION_NED {time_boot_ms : 88279, x : -0.011968142352998257, y : 0.014091375283896923, z : 0.006410468835383654, vx : -0.015265124849975109, vy : 0.01795346662402153, vz : 4.774149419972673e-05}
ahrs AHRS2 {roll : 0.0018097767606377602, pitch : 0.0015892402734607458, yaw : -0.12560155987739563, altitude : 584.0899658203125, lat : -353632621, lng : 1491652374}
xyz LOCAL_POSITION_NED {time_boot_ms : 88312, x : -0.012074513360857964, y : 0.014217364601790905, z : 0.006409958936274052, vx : -0.015333067625761032, vy : 0.01804175414144993, vz : 4.962984166922979e-05}
ahrs AHRS2 {roll : 0.001810624380595982, pitch : 0.001589684165082872, yaw : -0.12559404969215393, altitude : 584.0899658203125, lat : -353632621, lng : 1491652374}
xyz LOCAL_POSITION_NED {time_boot_ms : 88347, x : -0.012108088470995426, y : 0.014258630573749542, z : 0.00640870351344347, vx : -0.01537567563354969, vy : 0.01808866113424301, vz : 4.5177530410001054e-05}
ahrs AHRS2 {roll : 0.0018110418459400535, pitch : 0.0015901615843176842, yaw : -0.1255924254655838, altitude : 584.0899658203125, lat : -353632621, lng : 1491652374}
xyz LOCAL_POSITION_NED {time_boot_ms : 88379, x : -0.012189505621790886, y : 0.014356262050569057, z : 0.006407514214515686, vx : -0.015404022298753262, vy : 0.01814894750714302, vz : 4.3002699385397136e-05}
ahrs AHRS2 {roll : 0.0018116896972060204, pitch : 0.0015905472682788968, yaw : -0.12558777630329132, altitude : 584.0899658203125, lat : -353632621, lng : 1491652374}
xyz LOCAL_POSITION_NED {time_boot_ms : 88412, x : -0.012281393632292747, y : 0.014466837048530579, z : 0.006406181957572699, vx : -0.015443151816725731, vy : 0.018222415819764137, vz : 1.4594122148992028e-05}
ahrs AHRS2 {roll : 0.0018133982084691525, pitch : 0.0015925324987620115, yaw : -0.12558229267597198, altitude : 584.0899658203125, lat : -353632621, lng : 1491652374}
xyz LOCAL_POSITION_NED {time_boot_ms : 88444, x : -0.012059947475790977, y : 0.014208965934813023, z : 0.006402791943401098, vx : -0.015277957543730736, vy : 0.01801980286836624, vz : -2.1661835489794612e-05}
ahrs AHRS2 {roll : 0.0018140791216865182, pitch : 0.0015904861502349377, yaw : -0.12558136880397797, altitude : 584.0899658203125, lat : -353632621, lng : 1491652374}
xyz LOCAL_POSITION_NED {time_boot_ms : 88477, x : -0.011907014064490795, y : 0.014031117781996727, z : 0.006399700418114662, vx : -0.015204431489109993, vy : 0.017925264313817024, vz : -8.17287127574673e-06}
ahrs AHRS2 {roll : 0.0018166794907301664, pitch : 0.0015905217733234167, yaw : -0.12557680904865265, altitude : 584.0899658203125, lat : -353632621, lng : 1491652374}
xyz LOCAL_POSITION_NED {time_boot_ms : 88512, x : -0.012063993141055107, y : 0.014217152260243893, z : 0.0063979472033679485, vx : -0.015333921648561954, vy : 0.018039854243397713, vz : 6.211276286194334e-06}
ahrs AHRS2 {roll : 0.001816878910176456, pitch : 0.0015886500477790833, yaw : -0.1255723387002945, altitude : 584.0899658203125, lat : -353632621, lng : 1491652374}
xyz LOCAL_POSITION_NED {time_boot_ms : 88544, x : -0.012073107995092869, y : 0.014228015206754208, z : 0.006395574193447828, vx : -0.015348569490015507, vy : 0.01803976483643055, vz : 1.3306910659593996e-05}
ahrs AHRS2 {roll : 0.001815400435589254, pitch : 0.0015895060496404767, yaw : -0.12557068467140198, altitude : 584.0899658203125, lat : -353632621, lng : 1491652374}
xyz LOCAL_POSITION_NED {time_boot_ms : 88577, x : -0.012141913175582886, y : 0.014309468679130077, z : 0.006394006311893463, vx : -0.015381247736513615, vy : 0.018105974420905113, vz : 3.429867865634151e-05}
ahrs AHRS2 {roll : 0.0018160156905651093, pitch : 0.0015903438907116652, yaw : -0.12556524574756622, altitude : 584.0899658203125, lat : -353632621, lng : 1491652374}
xyz LOCAL_POSITION_NED {time_boot_ms : 88609, x : -0.012247679755091667, y : 0.014434662647545338, z : 0.00639315415173769, vx : -0.015455732122063637, vy : 0.018207069486379623, vz : 1.5500221707043238e-05}
ahrs AHRS2 {roll : 0.0018174933502450585, pitch : 0.0015915206167846918, yaw : -0.12556229531764984, altitude : 584.0899658203125, lat : -353632621, lng : 1491652374}
xyz LOCAL_POSITION_NED {time_boot_ms : 88642, x : -0.012015357613563538, y : 0.014162499457597733, z : 0.006391158793121576, vx : -0.015279603190720081, vy : 0.01803407073020935, vz : 1.2187324500700925e-05}
ahrs AHRS2 {roll : 0.0018176776356995106, pitch : 0.0015902469167485833, yaw : -0.12556135654449463, altitude : 584.0899658203125, lat : -353632621, lng : 1491652374}
xyz LOCAL_POSITION_NED {time_boot_ms : 88677, x : -0.011913260444998741, y : 0.014045776799321175, z : 0.006389161571860313, vx : -0.015165477991104126, vy : 0.01798422634601593, vz : 2.912215859396383e-05}
ahrs AHRS2 {roll : 0.001817900687456131, pitch : 0.001592251006513834, yaw : -0.12555553019046783, altitude : 584.0899658203125, lat : -353632621, lng : 1491652374}
xyz LOCAL_POSITION_NED {time_boot_ms : 88709, x : -0.012030873447656631, y : 0.014188691973686218, z : 0.006387921050190926, vx : -0.015248513780534267, vy : 0.01808295026421547, vz : 6.8423792072280776e-06}
ahrs AHRS2 {roll : 0.001818031189031899, pitch : 0.0015935644041746855, yaw : -0.1255519837141037, altitude : 584.0899658203125, lat : -353632621, lng : 1491652374}
xyz LOCAL_POSITION_NED {time_boot_ms : 88741, x : -0.012025578878819942, y : 0.01418797392398119, z : 0.006386495195329189, vx : -0.015249835327267647, vy : 0.018114840611815453, vz : 2.9610910132760182e-05}
ahrs AHRS2 {roll : 0.0018183976644650102, pitch : 0.0015967001672834158, yaw : -0.1255478858947754, altitude : 584.0899658203125, lat : -353632621, lng : 1491652374}
xyz LOCAL_POSITION_NED {time_boot_ms : 88774, x : -0.012228935956954956, y : 0.014432148076593876, z : 0.006386183202266693, vx : -0.015375740826129913, vy : 0.01823769509792328, vz : 2.2961527065490372e-05}
ahrs AHRS2 {roll : 0.00181935157161206, pitch : 0.0015973573317751288, yaw : -0.1255446970462799, altitude : 584.0899658203125, lat : -353632621, lng : 1491652374}
xyz LOCAL_POSITION_NED {time_boot_ms : 88809, x : -0.012234766036272049, y : 0.014444809406995773, z : 0.006384646985679865, vx : -0.015340469777584076, vy : 0.01826564222574234, vz : 3.082144394284114e-05}
ahrs AHRS2 {roll : 0.001818518852815032, pitch : 0.0015969075029715896, yaw : -0.12554031610488892, altitude : 584.0899658203125, lat : -353632621, lng : 1491652374}
xyz LOCAL_POSITION_NED {time_boot_ms : 88841, x : -0.011999841779470444, y : 0.014173089526593685, z : 0.006383106112480164, vx : -0.015178291127085686, vy : 0.018068920820951462, vz : 1.0610388926579617e-05}
ahrs AHRS2 {roll : 0.0018174269935116172, pitch : 0.0015942738391458988, yaw : -0.1255396157503128, altitude : 584.0899658203125, lat : -353632621, lng : 1491652374}
xyz LOCAL_POSITION_NED {time_boot_ms : 88874, x : -0.0120596494525671, y : 0.014248955063521862, z : 0.00638233870267868, vx : -0.015210363082587719, vy : 0.018114514648914337, vz : 2.534293889766559e-05}
ahrs AHRS2 {roll : 0.001816331990994513, pitch : 0.0015948908403515816, yaw : -0.12553593516349792, altitude : 584.0899658203125, lat : -353632621, lng : 1491652374}
xyz LOCAL_POSITION_NED {time_boot_ms : 88906, x : -0.01197337731719017, y : 0.014153741300106049, z : 0.006380676291882992, vx : -0.015137775801122189, vy : 0.01806323230266571, vz : 1.369084020552691e-05}
ahrs AHRS2 {roll : 0.0018165430519729853, pitch : 0.0015977266011759639, yaw : -0.1255299299955368, altitude : 584.0899658203125, lat : -353632621, lng : 1491652374}
xyz LOCAL_POSITION_NED {time_boot_ms : 88939, x : -0.01196614746004343, y : 0.01415178645402193, z : 0.006379248574376106, vx : -0.015133804641664028, vy : 0.018055954948067665, vz : 2.2360731236403808e-05}
ahrs AHRS2 {roll : 0.001818228978663683, pitch : 0.0016000161413103342, yaw : -0.12552990019321442, altitude : 584.0899658203125, lat : -353632621, lng : 1491652374}
xyz LOCAL_POSITION_NED {time_boot_ms : 88974, x : -0.01220445055514574, y : 0.014440314844250679, z : 0.006378906778991222, vx : -0.015264586545526981, vy : 0.018238535150885582, vz : 2.033304190263152e-05}
ahrs AHRS2 {roll : 0.0018193656578660011, pitch : 0.0016008553793653846, yaw : -0.12552596628665924, altitude : 584.0899658203125, lat : -353632621, lng : 1491652374}
xyz LOCAL_POSITION_NED {time_boot_ms : 89006, x : -0.012170040048658848, y : 0.014406271278858185, z : 0.006378007121384144, vx : -0.015232925303280354, vy : 0.01820957101881504, vz : 4.7848490794422105e-05}
ahrs AHRS2 {roll : 0.0018192067509517074, pitch : 0.001601282274350524, yaw : -0.1255190670490265, altitude : 584.0899658203125, lat : -353632621, lng : 1491652374}
xyz LOCAL_POSITION_NED {time_boot_ms : 89039, x : -0.011934813112020493, y : 0.014133986085653305, z : 0.006377602461725473, vx : -0.015054355375468731, vy : 0.018026292324066162, vz : 6.31965885986574e-05}
ahrs AHRS2 {roll : 0.00181840849108994, pitch : 0.0016033411957323551, yaw : -0.1255171298980713, altitude : 584.0899658203125, lat : -353632621, lng : 1491652374}
xyz LOCAL_POSITION_NED {time_boot_ms : 89071, x : -0.011992336250841618, y : 0.014209214597940445, z : 0.006378324702382088, vx : -0.015064720995724201, vy : 0.018090886995196342, vz : 6.186666723806411e-05}
ahrs AHRS2 {roll : 0.001819269498810172, pitch : 0.0016050438862293959, yaw : -0.12551316618919373, altitude : 584.0899658203125, lat : -353632621, lng : 1491652374}
xyz LOCAL_POSITION_NED {time_boot_ms : 89104, x : -0.01190424244850874, y : 0.014113567769527435, z : 0.006378691643476486, vx : -0.014992649666965008, vy : 0.0180381890386343, vz : 7.987977005541325e-05}
ahrs AHRS2 {roll : 0.001820652512833476, pitch : 0.0016078411135822535, yaw : -0.1255062073469162, altitude : 584.0899658203125, lat : -353632621, lng : 1491652374}
xyz LOCAL_POSITION_NED {time_boot_ms : 89139, x : -0.011931591667234898, y : 0.014155931770801544, z : 0.006380341947078705, vx : -0.014979138039052486, vy : 0.01804516278207302, vz : 0.00010432930866954848}
ahrs AHRS2 {roll : 0.0018218621844425797, pitch : 0.0016088299453258514, yaw : -0.12550319731235504, altitude : 584.0899658203125, lat : -353632621, lng : 1491652374}
xyz LOCAL_POSITION_NED {time_boot_ms : 89171, x : -0.012127947993576527, y : 0.014398588798940182, z : 0.006383122876286507, vx : -0.015088051557540894, vy : 0.01820693165063858, vz : 0.00011305647785775363}
ahrs AHRS2 {roll : 0.0018215863965451717, pitch : 0.001607208512723446, yaw : -0.12549974024295807, altitude : 584.0899658203125, lat : -353632621, lng : 1491652374}
xyz LOCAL_POSITION_NED {time_boot_ms : 89204, x : -0.012090103700757027, y : 0.014363501220941544, z : 0.006385010667145252, vx : -0.0150422602891922, vy : 0.018172748386859894, vz : 0.00012179065379314125}
ahrs AHRS2 {roll : 0.0018236774485558271, pitch : 0.0016085889656096697, yaw : -0.12549543380737305, altitude : 584.0899658203125, lat : -353632621, lng : 1491652374}
xyz LOCAL_POSITION_NED {time_boot_ms : 89236, x : -0.012083817273378372, y : 0.014365041628479958, z : 0.0063866423442959785, vx : -0.015045887790620327, vy : 0.018180351704359055, vz : 0.00010328830103389919}
ahrs AHRS2 {roll : 0.0018247473053634167, pitch : 0.001609987230040133, yaw : -0.12549446523189545, altitude : 584.0899658203125, lat : -353632621, lng : 1491652374}
xyz LOCAL_POSITION_NED {time_boot_ms : 89269, x : -0.011908537708222866, y : 0.014165585860610008, z : 0.006386779248714447, vx : -0.014925208874046803, vy : 0.018050504848361015, vz : 6.944886990822852e-05}
ahrs AHRS2 {roll : 0.001825646497309208, pitch : 0.0016125760739669204, yaw : -0.12549015879631042, altitude : 584.0899658203125, lat : -353632621, lng : 1491652374}
xyz LOCAL_POSITION_NED {time_boot_ms : 89304, x : -0.011857024393975735, y : 0.014114126563072205, z : 0.006385487504303455, vx : -0.0149087468162179, vy : 0.01802571304142475, vz : 1.4743969586561434e-05}
ahrs AHRS2 {roll : 0.0018272324232384562, pitch : 0.0016140429070219398, yaw : -0.1254846751689911, altitude : 584.0899658203125, lat : -353632621, lng : 1491652374}
xyz LOCAL_POSITION_NED {time_boot_ms : 89336, x : -0.012003996409475803, y : 0.014298220165073872, z : 0.006384325213730335, vx : -0.015013427473604679, vy : 0.018155671656131744, vz : 2.2145608454593457e-05}
ahrs AHRS2 {roll : 0.0018292339518666267, pitch : 0.0016153904143720865, yaw : -0.1254841685295105, altitude : 584.0899658203125, lat : -353632621, lng : 1491652374}
xyz LOCAL_POSITION_NED {time_boot_ms : 89369, x : -0.012043187394738197, y : 0.014353584498167038, z : 0.006383209489285946, vx : -0.015038846991956234, vy : 0.01818782463669777, vz : 3.172486322000623e-05}
ahrs AHRS2 {roll : 0.001828504609875381, pitch : 0.0016168523579835892, yaw : -0.12548258900642395, altitude : 584.0899658203125, lat : -353632621, lng : 1491652374}
xyz LOCAL_POSITION_NED {time_boot_ms : 89401, x : -0.012008270248770714, y : 0.014319726265966892, z : 0.0063821603544056416, vx : -0.015017680823802948, vy : 0.018182160332798958, vz : 4.325297413743101e-05}
ahrs AHRS2 {roll : 0.001828310894779861, pitch : 0.0016180265229195356, yaw : -0.1254751980304718, altitude : 584.0899658203125, lat : -353632621, lng : 1491652374}
xyz LOCAL_POSITION_NED {time_boot_ms : 89434, x : -0.011991728097200394, y : 0.01430779229849577, z : 0.006381946615874767, vx : -0.014977655373513699, vy : 0.018175728619098663, vz : 3.083788396907039e-05}
ahrs AHRS2 {roll : 0.0018314154585823417, pitch : 0.0016193862538784742, yaw : -0.12547248601913452, altitude : 584.0899658203125, lat : -353632621, lng : 1491652374}
xyz LOCAL_POSITION_NED {time_boot_ms : 89469, x : -0.01185668259859085, y : 0.014155207201838493, z : 0.006380569189786911, vx : -0.01488327607512474, vy : 0.01806270331144333, vz : 1.3341567864699755e-05}
ahrs AHRS2 {roll : 0.0018324424745514989, pitch : 0.0016201831167563796, yaw : -0.12546952068805695, altitude : 584.0899658203125, lat : -353632621, lng : 1491652374}
xyz LOCAL_POSITION_NED {time_boot_ms : 89501, x : -0.011781862936913967, y : 0.014074170961976051, z : 0.006378575228154659, vx : -0.014819850213825703, vy : 0.01799839176237583, vz : -1.2379741747281514e-05}
ahrs AHRS2 {roll : 0.001831435482017696, pitch : 0.0016186204738914967, yaw : -0.12546488642692566, altitude : 584.0899658203125, lat : -353632621, lng : 1491652374}
xyz LOCAL_POSITION_NED {time_boot_ms : 89534, x : -0.011916481889784336, y : 0.014243235811591148, z : 0.006376990117132664, vx : -0.014942825771868229, vy : 0.018124327063560486, vz : -5.781794243375771e-06}
ahrs AHRS2 {roll : 0.0018337455112487078, pitch : 0.0016189394518733025, yaw : -0.12546375393867493, altitude : 584.0899658203125, lat : -353632621, lng : 1491652374}
xyz LOCAL_POSITION_NED {time_boot_ms : 89566, x : -0.011969326063990593, y : 0.014314756728708744, z : 0.006375497207045555, vx : -0.014974454417824745, vy : 0.018193179741501808, vz : 1.1403464668546803e-05}
ahrs AHRS2 {roll : 0.0018350164173170924, pitch : 0.0016202967381104827, yaw : -0.12546059489250183, altitude : 584.0899658203125, lat : -353632621, lng : 1491652374}
xyz LOCAL_POSITION_NED {time_boot_ms : 89599, x : -0.012185287661850452, y : 0.01458074152469635, z : 0.006374278571456671, vx : -0.015136213041841984, vy : 0.01836203970015049, vz : -1.1155060747114476e-05}
ahrs AHRS2 {roll : 0.001837580930441618, pitch : 0.0016223650891333818, yaw : -0.12545445561408997, altitude : 584.0899658203125, lat : -353632621, lng : 1491652374}
xyz LOCAL_POSITION_NED {time_boot_ms : 89634, x : -0.011957602575421333, y : 0.014313966035842896, z : 0.006371867377310991, vx : -0.014989827759563923, vy : 0.018170122057199478, vz : -3.0439057809417136e-05}
ahrs AHRS2 {roll : 0.00183768046554178, pitch : 0.0016214554198086262, yaw : -0.1254517138004303, altitude : 584.0899658203125, lat : -353632621, lng : 1491652374}
xyz LOCAL_POSITION_NED {time_boot_ms : 89666, x : -0.011800837703049183, y : 0.014131027273833752, z : 0.006369979586452246, vx : -0.014901291579008102, vy : 0.01805093325674534, vz : 8.459550713268982e-07}
ahrs AHRS2 {roll : 0.001838889205828309, pitch : 0.0016213981434702873, yaw : -0.12544897198677063, altitude : 584.0899658203125, lat : -353632621, lng : 1491652374}
xyz LOCAL_POSITION_NED {time_boot_ms : 89699, x : -0.011885152198374271, y : 0.014237486757338047, z : 0.0063683148473501205, vx : -0.014940835535526276, vy : 0.018140777945518494, vz : -3.944563650293276e-05}
ahrs AHRS2 {roll : 0.0018387924646958709, pitch : 0.001622929354198277, yaw : -0.1254422813653946, altitude : 584.0899658203125, lat : -353632621, lng : 1491652374}
xyz LOCAL_POSITION_NED {time_boot_ms : 89731, x : -0.011866636574268341, y : 0.014220822602510452, z : 0.00636527594178915, vx : -0.01495750155299902, vy : 0.018157821148633957, vz : -4.534942127065733e-05}
ahrs AHRS2 {roll : 0.0018397023668512702, pitch : 0.001624906319193542, yaw : -0.12544065713882446, altitude : 584.0899658203125, lat : -353632621, lng : 1491652374}
xyz LOCAL_POSITION_NED {time_boot_ms : 89764, x : -0.01189766451716423, y : 0.014262836426496506, z : 0.006362677086144686, vx : -0.014994032680988312, vy : 0.018182948231697083, vz : -6.043526082066819e-05}
ahrs AHRS2 {roll : 0.001841924386098981, pitch : 0.0016273228684440255, yaw : -0.12543748319149017, altitude : 584.0899658203125, lat : -353632621, lng : 1491652374}
xyz LOCAL_POSITION_NED {time_boot_ms : 89799, x : -0.012059862725436687, y : 0.014463180676102638, z : 0.006358807440847158, vx : -0.015075660310685635, vy : 0.01831750012934208, vz : -7.918832125142217e-05}
ahrs AHRS2 {roll : 0.001841125194914639, pitch : 0.0016281871357932687, yaw : -0.12543241679668427, altitude : 584.0899658203125, lat : -353632621, lng : 1491652374}
xyz LOCAL_POSITION_NED {time_boot_ms : 89831, x : -0.012047115713357925, y : 0.01445415336638689, z : 0.006355429068207741, vx : -0.015072260983288288, vy : 0.01835951954126358, vz : -8.110188355203718e-05}
ahrs AHRS2 {roll : 0.0018422333523631096, pitch : 0.001627272111363709, yaw : -0.12543003261089325, altitude : 584.0899658203125, lat : -353632621, lng : 1491652374}
xyz LOCAL_POSITION_NED {time_boot_ms : 89864, x : -0.011861711740493774, y : 0.014238232746720314, z : 0.006352453026920557, vx : -0.014941584318876266, vy : 0.018208984285593033, vz : -5.2289437007857487e-05}
ahrs AHRS2 {roll : 0.001843256177380681, pitch : 0.0016284625744447112, yaw : -0.1254236102104187, altitude : 584.0899658203125, lat : -353632621, lng : 1491652374}
xyz LOCAL_POSITION_NED {time_boot_ms : 89896, x : -0.011949010193347931, y : 0.014350573532283306, z : 0.006350020412355661, vx : -0.01500569935888052, vy : 0.01831735670566559, vz : -5.138999767950736e-05}
ahrs AHRS2 {roll : 0.0018440837739035487, pitch : 0.0016300785355269909, yaw : -0.1254182755947113, altitude : 584.0899658203125, lat : -353632621, lng : 1491652374}
xyz LOCAL_POSITION_NED {time_boot_ms : 89929, x : -0.01191792730242014, y : 0.014321382157504559, z : 0.006346787326037884, vx : -0.01497733499854803, vy : 0.018322840332984924, vz : -8.557808178011328e-05}
ahrs AHRS2 {roll : 0.001844121958129108, pitch : 0.001631066668778658, yaw : -0.1254163235425949, altitude : 584.0899658203125, lat : -353632621, lng : 1491652374}
xyz LOCAL_POSITION_NED {time_boot_ms : 89962, x : -0.011948730796575546, y : 0.014367057010531425, z : 0.006343871355056763, vx : -0.014999150298535824, vy : 0.018335187807679176, vz : -7.271212234627455e-05}
ahrs AHRS2 {roll : 0.0018451756332069635, pitch : 0.0016299213748425245, yaw : -0.12541510164737701, altitude : 584.0899658203125, lat : -353632621, lng : 1491652374}
xyz LOCAL_POSITION_NED {time_boot_ms : 89997, x : -0.012085720896720886, y : 0.014540232717990875, z : 0.006340210326015949, vx : -0.0151026900857687, vy : 0.018452167510986328, vz : -6.721427052980289e-05}
ahrs AHRS2 {roll : 0.0018441184656694531, pitch : 0.0016258684918284416, yaw : -0.12541350722312927, altitude : 584.0899658203125, lat : -353632621, lng : 1491652374}
xyz LOCAL_POSITION_NED {time_boot_ms : 90029, x : -0.012067609466612339, y : 0.01452503353357315, z : 0.006338766776025295, vx : -0.015112928114831448, vy : 0.0184218417853117, vz : -3.933457992388867e-05}
ahrs AHRS2 {roll : 0.0018425772432237864, pitch : 0.0016236132942140102, yaw : -0.12541364133358002, altitude : 584.0899658203125, lat : -353632621, lng : 1491652374}
xyz LOCAL_POSITION_NED {time_boot_ms : 90062, x : -0.011875213123857975, y : 0.01429773773998022, z : 0.006337589584290981, vx : -0.015007948502898216, vy : 0.018242768943309784, vz : -3.811266287812032e-05}
ahrs AHRS2 {roll : 0.0018418077379465103, pitch : 0.0016227347077801824, yaw : -0.12541301548480988, altitude : 584.0899658203125, lat : -353632621, lng : 1491652374}
xyz LOCAL_POSITION_NED {time_boot_ms : 90094, x : -0.011958989314734936, y : 0.014402726665139198, z : 0.006336254067718983, vx : -0.015059095807373524, vy : 0.01832742430269718, vz : -3.357227615197189e-05}
xyz LOCAL_POSITION_NED {time_boot_ms : 90357, x : -0.012035435996949673, y : 0.014512913301587105, z : 0.006324073299765587, vx : -0.015181581489741802, vy : 0.01841220259666443, vz : -6.742284313077107e-05}
ahrs AHRS2 {roll : 0.0018265008693560958, pitch : 0.001594822620972991, yaw : -0.12540343403816223, altitude : 584.0899658203125, lat : -353632621, lng : 1491652374}
xyz LOCAL_POSITION_NED {time_boot_ms : 90607, x : -0.012238208204507828, y : 0.01476092915982008, z : 0.006310885772109032, vx : -0.015330411493778229, vy : 0.018602848052978516, vz : -2.441110700601712e-05}
ahrs AHRS2 {roll : 0.0018240034114569426, pitch : 0.0015915465774014592, yaw : -0.12539918720722198, altitude : 584.0899658203125, lat : -353632621, lng : 1491652374}
xyz LOCAL_POSITION_NED {time_boot_ms : 90642, x : -0.012024451047182083, y : 0.014505552127957344, z : 0.00631002988666296, vx : -0.015182980336248875, vy : 0.01840619556605816, vz : -3.708669464685954e-05}
ahrs AHRS2 {roll : 0.001824165927246213, pitch : 0.001591219799593091, yaw : -0.12539750337600708, altitude : 584.0899658203125, lat : -353632621, lng : 1491652374}
xyz LOCAL_POSITION_NED {time_boot_ms : 90674, x : -0.011857235804200172, y : 0.01430516503751278, z : 0.006308757700026035, vx : -0.015082933939993382, vy : 0.018276838585734367, vz : -6.2556478951592e-05}
ahrs AHRS2 {roll : 0.0018232095753774047, pitch : 0.0015890533104538918, yaw : -0.12539538741111755, altitude : 584.0899658203125, lat : -353632621, lng : 1491652374}
xyz LOCAL_POSITION_NED {time_boot_ms : 90707, x : -0.011775080114603043, y : 0.014207009226083755, z : 0.006307106930762529, vx : -0.01500220037996769, vy : 0.018192565068602562, vz : -3.757941158255562e-05}
ahrs AHRS2 {roll : 0.0018217461183667183, pitch : 0.0015865415334701538, yaw : -0.1253933310508728, altitude : 584.0899658203125, lat : -353632621, lng : 1491652374}
xyz LOCAL_POSITION_NED {time_boot_ms : 90739, x : -0.011926247738301754, y : 0.01439144741743803, z : 0.0063064079731702805, vx : -0.015107398852705956, vy : 0.018312396481633186, vz : -6.316714006970869e-06}
ahrs AHRS2 {roll : 0.0018183477222919464, pitch : 0.0015855894889682531, yaw : -0.1253945529460907, altitude : 584.0899658203125, lat : -353632621, lng : 1491652374}
xyz LOCAL_POSITION_NED {time_boot_ms : 90772, x : -0.011969500221312046, y : 0.014445065520703793, z : 0.006306231953203678, vx : -0.015134645625948906, vy : 0.01837625354528427, vz : -8.68028564582346e-06}
ahrs AHRS2 {roll : 0.0018142875051125884, pitch : 0.001583716832101345, yaw : -0.12539230287075043, altitude : 584.0899658203125, lat : -353632621, lng : 1491652374}
xyz LOCAL_POSITION_NED {time_boot_ms : 90806, x : -0.011975901201367378, y : 0.014454800635576248, z : 0.006305513437837362, vx : -0.015143738128244877, vy : 0.01837209425866604, vz : -3.6379591620061547e-05}
ahrs AHRS2 {roll : 0.0018125857459381223, pitch : 0.0015831415075808764, yaw : -0.12538868188858032, altitude : 584.0899658203125, lat : -353632621, lng : 1491652374}
xyz LOCAL_POSITION_NED {time_boot_ms : 90839, x : -0.011976144276559353, y : 0.014457037672400475, z : 0.0063040852546691895, vx : -0.015142359770834446, vy : 0.018367327749729156, vz : -6.203055818332359e-05}
ahrs AHRS2 {roll : 0.001811153837479651, pitch : 0.0015811764169484377, yaw : -0.12538908421993256, altitude : 584.0899658203125, lat : -353632621, lng : 1491652374}
xyz LOCAL_POSITION_NED {time_boot_ms : 90871, x : -0.01180779654532671, y : 0.014255544170737267, z : 0.006302440073341131, vx : -0.01502949744462967, vy : 0.01823921501636505, vz : -4.892413562629372e-05}
ahrs AHRS2 {roll : 0.0018100612796843052, pitch : 0.0015790773322805762, yaw : -0.12538865208625793, altitude : 584.0899658203125, lat : -353632621, lng : 1491652374}
xyz LOCAL_POSITION_NED {time_boot_ms : 90904, x : -0.011906839907169342, y : 0.014377044513821602, z : 0.006300690118223429, vx : -0.015120089054107666, vy : 0.01834954507648945, vz : -7.590680615976453e-05}
ahrs AHRS2 {roll : 0.0018067399505525827, pitch : 0.001577757764607668, yaw : -0.1253858357667923, altitude : 584.0899658203125, lat : -353632621, lng : 1491652374}
xyz LOCAL_POSITION_NED {time_boot_ms : 90939, x : -0.011914112605154514, y : 0.01438865065574646, z : 0.006298788357526064, vx : -0.015106153674423695, vy : 0.018370334059000015, vz : -5.557366966968402e-05}
ahrs AHRS2 {roll : 0.0018040480790659785, pitch : 0.0015777744119986892, yaw : -0.12538665533065796, altitude : 584.0899658203125, lat : -353632621, lng : 1491652374}
xyz LOCAL_POSITION_NED {time_boot_ms : 90971, x : -0.011956881731748581, y : 0.014443719759583473, z : 0.006296955980360508, vx : -0.015103524550795555, vy : 0.01842326670885086, vz : -6.28600173513405e-05}
ahrs AHRS2 {roll : 0.0018034388776868582, pitch : 0.001576356589794159, yaw : -0.1253851354122162, altitude : 584.0899658203125, lat : -353632621, lng : 1491652374}
xyz LOCAL_POSITION_NED {time_boot_ms : 91004, x : -0.012187493033707142, y : 0.014727689325809479, z : 0.006294767372310162, vx : -0.015262439846992493, vy : 0.01862151548266411, vz : -5.4587417253060266e-05}
ahrs AHRS2 {roll : 0.0018009623745456338, pitch : 0.001575725618749857, yaw : -0.12538118660449982, altitude : 584.0899658203125, lat : -353632621, lng : 1491652374}
xyz LOCAL_POSITION_NED {time_boot_ms : 91036, x : -0.011922789737582207, y : 0.014413440600037575, z : 0.006294203922152519, vx : -0.015080775134265423, vy : 0.01842394657433033, vz : -2.9490160159184597e-05}
ahrs AHRS2 {roll : 0.0017993034562096, pitch : 0.0015758672961965203, yaw : -0.1253816932439804, altitude : 584.0899658203125, lat : -353632621, lng : 1491652374}
xyz LOCAL_POSITION_NED {time_boot_ms : 91069, x : -0.011753188446164131, y : 0.014214476570487022, z : 0.006294282153248787, vx : -0.014959330670535564, vy : 0.018294895067811012, vz : -2.3075539502315223e-05}
ahrs AHRS2 {roll : 0.0017977472161874175, pitch : 0.0015765369171276689, yaw : -0.1253790557384491, altitude : 584.0899658203125, lat : -353632621, lng : 1491652374}
xyz LOCAL_POSITION_NED {time_boot_ms : 91104, x : -0.011887602508068085, y : 0.014384224079549313, z : 0.006293749436736107, vx : -0.015048899687826633, vy : 0.018423689529299736, vz : -2.757133734121453e-05}
ahrs AHRS2 {roll : 0.0017967054154723883, pitch : 0.0015762780094519258, yaw : -0.12537628412246704, altitude : 584.0899658203125, lat : -353632621, lng : 1491652374}
xyz LOCAL_POSITION_NED {time_boot_ms : 91136, x : -0.011856045573949814, y : 0.014351701363921165, z : 0.006293359212577343, vx : -0.01506202295422554, vy : 0.01839456520974636, vz : -3.3443480788264424e-05}
ahrs AHRS2 {roll : 0.0017951829358935356, pitch : 0.0015738657675683498, yaw : -0.12537582218647003, altitude : 584.0899658203125, lat : -353632621, lng : 1491652374}
xyz LOCAL_POSITION_NED {time_boot_ms : 91169, x : -0.011897963471710682, y : 0.01440794114023447, z : 0.006292913109064102, vx : -0.015062552876770496, vy : 0.018423082306981087, vz : -3.652361192507669e-05}
ahrs AHRS2 {roll : 0.0017961383564397693, pitch : 0.0015747331781312823, yaw : -0.12537503242492676, altitude : 584.0899658203125, lat : -353632621, lng : 1491652374}
xyz LOCAL_POSITION_NED {time_boot_ms : 91201, x : -0.012128396891057491, y : 0.014692123979330063, z : 0.006291589699685574, vx : -0.015237916260957718, vy : 0.01861029490828514, vz : -4.6573746658395976e-05}
ahrs AHRS2 {roll : 0.0017953687347471714, pitch : 0.001572475302964449, yaw : -0.12537112832069397, altitude : 584.0899658203125, lat : -353632621, lng : 1491652374}
xyz LOCAL_POSITION_NED {time_boot_ms : 91234, x : -0.011865164153277874, y : 0.014377686195075512, z : 0.006290762685239315, vx : -0.015046508051455021, vy : 0.018416769802570343, vz : -3.1920233595883474e-05}
ahrs AHRS2 {roll : 0.001791708986274898, pitch : 0.0015718531794846058, yaw : -0.12537086009979248, altitude : 584.0899658203125, lat : -353632621, lng : 1491652374}
xyz LOCAL_POSITION_NED {time_boot_ms : 91269, x : -0.011734126135706902, y : 0.014223393984138966, z : 0.0062906634993851185, vx : -0.014963202178478241, vy : 0.018276112154126167, vz : -1.3332732123672031e-05}
ahrs AHRS2 {roll : 0.001789835630916059, pitch : 0.0015708415303379297, yaw : -0.1253700703382492, altitude : 584.0899658203125, lat : -353632621, lng : 1491652374}
xyz LOCAL_POSITION_NED {time_boot_ms : 91301, x : -0.01183184515684843, y : 0.014346029609441757, z : 0.0062904367223382, vx : -0.015015660785138607, vy : 0.018360687419772148, vz : -1.4733599527971819e-05}
ahrs AHRS2 {roll : 0.001789103145711124, pitch : 0.0015699471114203334, yaw : -0.12536627054214478, altitude : 584.0899658203125, lat : -353632621, lng : 1491652374}
xyz LOCAL_POSITION_NED {time_boot_ms : 91334, x : -0.0118008553981781, y : 0.014311835169792175, z : 0.006289969198405743, vx : -0.0150090167298913, vy : 0.018330572172999382, vz : -1.661818168940954e-05}
ahrs AHRS2 {roll : 0.0017882874235510826, pitch : 0.0015683704987168312, yaw : -0.12536665797233582, altitude : 584.0899658203125, lat : -353632621, lng : 1491652374}
xyz LOCAL_POSITION_NED {time_boot_ms : 91366, x : -0.011984726414084435, y : 0.014538126066327095, z : 0.006289116106927395, vx : -0.015130476094782352, vy : 0.01846182532608509, vz : -4.651440031011589e-05}
ahrs AHRS2 {roll : 0.0017876708880066872, pitch : 0.0015668499981984496, yaw : -0.1253640055656433, altitude : 584.0899658203125, lat : -353632621, lng : 1491652374}
xyz LOCAL_POSITION_NED {time_boot_ms : 91399, x : -0.01207384467124939, y : 0.014648310840129852, z : 0.00628779549151659, vx : -0.015195677056908607, vy : 0.01853342540562153, vz : -3.97712537960615e-05}
ahrs AHRS2 {roll : 0.0017872641328722239, pitch : 0.00156713230535388, yaw : -0.1253587305545807, altitude : 584.0899658203125, lat : -353632621, lng : 1491652374}
xyz LOCAL_POSITION_NED {time_boot_ms : 91434, x : -0.011849531903862953, y : 0.014377758838236332, z : 0.006285643205046654, vx : -0.015035095624625683, vy : 0.01831485889852047, vz : -9.024547034641728e-05}
ahrs AHRS2 {roll : 0.0017876095371320844, pitch : 0.0015640683704987168, yaw : -0.12535744905471802, altitude : 584.0899658203125, lat : -353632621, lng : 1491652374}
xyz LOCAL_POSITION_NED {time_boot_ms : 91466, x : -0.011890343390405178, y : 0.014429260045289993, z : 0.00628277100622654, vx : -0.01505348552018404, vy : 0.018359960988163948, vz : -9.374189539812505e-05}
ahrs AHRS2 {roll : 0.0017889573937281966, pitch : 0.001564196078106761, yaw : -0.12535890936851501, altitude : 584.0899658203125, lat : -353632621, lng : 1491652374}
xyz LOCAL_POSITION_NED {time_boot_ms : 91499, x : -0.011768708936870098, y : 0.01428222469985485, z : 0.006279858760535717, vx : -0.015014233998954296, vy : 0.01826620288193226, vz : -8.507317397743464e-05}
ahrs AHRS2 {roll : 0.0017875884659588337, pitch : 0.0015640986384823918, yaw : -0.1253547966480255, altitude : 584.0899658203125, lat : -353632621, lng : 1491652374}
xyz LOCAL_POSITION_NED {time_boot_ms : 91531, x : -0.011751892976462841, y : 0.014262443408370018, z : 0.006276764906942844, vx : -0.01497785747051239, vy : 0.01827360689640045, vz : -0.00011535807425389066}
ahrs AHRS2 {roll : 0.0017892519244924188, pitch : 0.0015632646391168237, yaw : -0.12535460293293, altitude : 584.0899658203125, lat : -353632621, lng : 1491652374}
xyz LOCAL_POSITION_NED {time_boot_ms : 91564, x : -0.011924241669476032, y : 0.01447332464158535, z : 0.006273031234741211, vx : -0.015120876021683216, vy : 0.018447497859597206, vz : -0.00012241712829563767}
ahrs AHRS2 {roll : 0.0017884352710098028, pitch : 0.0015633531147614121, yaw : -0.12535341084003448, altitude : 584.0899658203125, lat : -353632621, lng : 1491652374}
xyz LOCAL_POSITION_NED {time_boot_ms : 91599, x : -0.01205388456583023, y : 0.014631873928010464, z : 0.006269343663007021, vx : -0.01522658672183752, vy : 0.01856548711657524, vz : -9.536928700981662e-05}
ahrs AHRS2 {roll : 0.0017894452903419733, pitch : 0.001560829346999526, yaw : -0.1253495067358017, altitude : 584.0899658203125, lat : -353632621, lng : 1491652374}
xyz LOCAL_POSITION_NED {time_boot_ms : 91631, x : -0.011806897819042206, y : 0.014333788305521011, z : 0.006266936659812927, vx : -0.01507107075303793, vy : 0.01837480627000332, vz : -0.00011110967170679942}
ahrs AHRS2 {roll : 0.001789300236850977, pitch : 0.0015600629849359393, yaw : -0.12534700334072113, altitude : 584.0899658203125, lat : -353632621, lng : 1491652374}
xyz LOCAL_POSITION_NED {time_boot_ms : 91664, x : -0.011837436817586422, y : 0.014372636564075947, z : 0.00626396294683218, vx : -0.015078112483024597, vy : 0.018385587260127068, vz : -0.00010975034820148721}
ahrs AHRS2 {roll : 0.0017901600804179907, pitch : 0.0015599546022713184, yaw : -0.1253463476896286, altitude : 584.0899658203125, lat : -353632621, lng : 1491652374}
xyz LOCAL_POSITION_NED {time_boot_ms : 91696, x : -0.011742163449525833, y : 0.014259053394198418, z : 0.006261414848268032, vx : -0.015000981278717518, vy : 0.01832527294754982, vz : -0.0001115345221478492}
ahrs AHRS2 {roll : 0.00178987393155694, pitch : 0.0015589522663503885, yaw : -0.12534308433532715, altitude : 584.0899658203125, lat : -353632621, lng : 1491652374}
xyz LOCAL_POSITION_NED {time_boot_ms : 91729, x : -0.01186499372124672, y : 0.014410633593797684, z : 0.006257824134081602, vx : -0.015077508985996246, vy : 0.01840580627322197, vz : -0.0001293916575377807}
ahrs AHRS2 {roll : 0.0017877330537885427, pitch : 0.0015591761330142617, yaw : -0.1253410428762436, altitude : 584.0899658203125, lat : -353632621, lng : 1491652374}
xyz LOCAL_POSITION_NED {time_boot_ms : 91764, x : -0.011923646554350853, y : 0.01448438037186861, z : 0.006253991276025772, vx : -0.01509709469974041, vy : 0.018458355218172073, vz : -0.00015189747500699013}
ahrs AHRS2 {roll : 0.001785162603482604, pitch : 0.0015600192127749324, yaw : -0.12534023821353912, altitude : 584.0899658203125, lat : -353632621, lng : 1491652374}
xyz LOCAL_POSITION_NED {time_boot_ms : 91796, x : -0.01202696468681097, y : 0.014612316153943539, z : 0.00624930951744318, vx : -0.015180646441876888, vy : 0.018530331552028656, vz : -0.00017303832282777876}
ahrs AHRS2 {roll : 0.0017848477000370622, pitch : 0.0015589635586366057, yaw : -0.12533685564994812, altitude : 584.0899658203125, lat : -353632621, lng : 1491652374}
xyz LOCAL_POSITION_NED {time_boot_ms : 91829, x : -0.01199314184486866, y : 0.014574235305190086, z : 0.006245204247534275, vx : -0.015160752460360527, vy : 0.01854328252375126, vz : -0.00017117918469011784}
ahrs AHRS2 {roll : 0.0017848784336820245, pitch : 0.0015576573787257075, yaw : -0.1253335177898407, altitude : 584.0899658203125, lat : -353632621, lng : 1491652374}
xyz LOCAL_POSITION_NED {time_boot_ms : 91861, x : -0.011807906441390514, y : 0.01435296330600977, z : 0.006240817718207836, vx : -0.015027265064418316, vy : 0.01840803027153015, vz : -0.00019158687791787088}
ahrs AHRS2 {roll : 0.0017836412880569696, pitch : 0.001555985538288951, yaw : -0.12533468008041382, altitude : 584.0899658203125, lat : -353632621, lng : 1491652374}
xyz LOCAL_POSITION_NED {time_boot_ms : 91894, x : -0.011698809452354908, y : 0.014224257320165634, z : 0.0062367478385567665, vx : -0.014960034750401974, vy : 0.018331505358219147, vz : -0.00017595029203221202}
ahrs AHRS2 {roll : 0.0017827489646151662, pitch : 0.0015554417623206973, yaw : -0.1253313273191452, altitude : 584.0899658203125, lat : -353632621, lng : 1491652374}
xyz LOCAL_POSITION_NED {time_boot_ms : 91929, x : -0.011870886199176311, y : 0.014438197016716003, z : 0.006231575272977352, vx : -0.015087553299963474, vy : 0.018496457487344742, vz : -0.0001772006507962942}
ahrs AHRS2 {roll : 0.00178258097730577, pitch : 0.0015552813420072198, yaw : -0.12533043324947357, altitude : 584.0899658203125, lat : -353632621, lng : 1491652374}
xyz LOCAL_POSITION_NED {time_boot_ms : 91961, x : -0.011892249807715416, y : 0.014467718079686165, z : 0.006227097474038601, vx : -0.015122415497899055, vy : 0.018522167578339577, vz : -0.00018891331274062395}
ahrs AHRS2 {roll : 0.001784679014235735, pitch : 0.001557634212076664, yaw : -0.12532687187194824, altitude : 584.0899658203125, lat : -353632621, lng : 1491652374}
xyz LOCAL_POSITION_NED {time_boot_ms : 91994, x : -0.011996828019618988, y : 0.0145987868309021, z : 0.006222087889909744, vx : -0.015172021463513374, vy : 0.018609991297125816, vz : -0.00018568156519904733}
ahrs AHRS2 {roll : 0.0017853268655017018, pitch : 0.001556942705065012, yaw : -0.12532195448875427, altitude : 584.0899658203125, lat : -353632621, lng : 1491652374}
xyz LOCAL_POSITION_NED {time_boot_ms : 92027, x : -0.011978319846093655, y : 0.014579745940864086, z : 0.006218275986611843, vx : -0.015181032009422779, vy : 0.018594928085803986, vz : -0.00019456066365819424}
ahrs AHRS2 {roll : 0.0017834889004006982, pitch : 0.0015569865936413407, yaw : -0.12532056868076324, altitude : 584.0899658203125, lat : -353632621, lng : 1491652374}
xyz LOCAL_POSITION_NED {time_boot_ms : 92059, x : -0.011783469468355179, y : 0.014345810748636723, z : 0.006215081550180912, vx : -0.015026185661554337, vy : 0.018446076661348343, vz : -0.00021223061776254326}
ahrs AHRS2 {roll : 0.001781602157279849, pitch : 0.0015555574791505933, yaw : -0.12532003223896027, altitude : 584.0899658203125, lat : -353632621, lng : 1491652374}
xyz LOCAL_POSITION_NED {time_boot_ms : 92092, x : -0.011676074005663395, y : 0.014219723641872406, z : 0.006211468949913979, vx : -0.01492715161293745, vy : 0.018358958885073662, vz : -0.0001773753756424412}
ahrs AHRS2 {roll : 0.001779258600436151, pitch : 0.0015562874032184482, yaw : -0.12531468272209167, altitude : 584.0899658203125, lat : -353632621, lng : 1491652374}
xyz LOCAL_POSITION_NED {time_boot_ms : 92127, x : -0.011849254369735718, y : 0.014435035176575184, z : 0.006207522004842758, vx : -0.01507487427443266, vy : 0.018482647836208344, vz : -0.00015396540402434766}
ahrs AHRS2 {roll : 0.0017782951472327113, pitch : 0.0015550863463431597, yaw : -0.1253131926059723, altitude : 584.0899658203125, lat : -353632621, lng : 1491652374}
xyz LOCAL_POSITION_NED {time_boot_ms : 92159, x : -0.01187098864465952, y : 0.014465207234025002, z : 0.006205275189131498, vx : -0.01505343895405531, vy : 0.018500812351703644, vz : -0.00013999779184814543}
ahrs AHRS2 {roll : 0.001777793513610959, pitch : 0.0015547651564702392, yaw : -0.12531249225139618, altitude : 584.0899658203125, lat : -353632621, lng : 1491652374}
xyz LOCAL_POSITION_NED {time_boot_ms : 92192, x : -0.011961597017943859, y : 0.01457907259464264, z : 0.006203461438417435, vx : -0.015104270540177822, vy : 0.0185418538749218, vz : -0.00011425078992033377}
ahrs AHRS2 {roll : 0.0017785720992833376, pitch : 0.0015540429158136249, yaw : -0.12530827522277832, altitude : 584.0899658203125, lat : -353632621, lng : 1491652374}
xyz LOCAL_POSITION_NED {time_boot_ms : 92224, x : -0.011940183117985725, y : 0.014556377194821835, z : 0.006202414631843567, vx : -0.015035757794976234, vy : 0.01847791112959385, vz : -0.0001229864574270323}
ahrs AHRS2 {roll : 0.0017772667342796922, pitch : 0.0015546733047813177, yaw : -0.12530533969402313, altitude : 584.0899658203125, lat : -353632621, lng : 1491652374}
xyz LOCAL_POSITION_NED {time_boot_ms : 92257, x : -0.01174228172749281, y : 0.014318494126200676, z : 0.006202446762472391, vx : -0.01490451768040657, vy : 0.018333284184336662, vz : -0.00012153063289588317}
ahrs AHRS2 {roll : 0.0017754646250978112, pitch : 0.0015551961259916425, yaw : -0.12530478835105896, altitude : 584.0899658203125, lat : -353632621, lng : 1491652374}
xyz LOCAL_POSITION_NED {time_boot_ms : 92292, x : -0.011669066734611988, y : 0.014233876019716263, z : 0.006201640702784061, vx : -0.014821413904428482, vy : 0.018271397799253464, vz : -0.00012404848530422896}
ahrs AHRS2 {roll : 0.0017755050212144852, pitch : 0.0015537036815658212, yaw : -0.12530089914798737, altitude : 584.0899658203125, lat : -353632621, lng : 1491652374}
xyz LOCAL_POSITION_NED {time_boot_ms : 92324, x : -0.01180112361907959, y : 0.014399769715964794, z : 0.0061994437128305435, vx : -0.014932115562260151, vy : 0.018370838835835457, vz : -0.00013945301179774106}
ahrs AHRS2 {roll : 0.0017768568359315395, pitch : 0.0015560999745503068, yaw : -0.12529829144477844, altitude : 584.0899658203125, lat : -353632621, lng : 1491652374}
xyz LOCAL_POSITION_NED {time_boot_ms : 92357, x : -0.011807420291006565, y : 0.014410432428121567, z : 0.006198157090693712, vx : -0.014926576986908913, vy : 0.01834738999605179, vz : -0.0001385765353916213}
ahrs AHRS2 {roll : 0.0017747959354892373, pitch : 0.00155492196790874, yaw : -0.1252976804971695, altitude : 584.0899658203125, lat : -353632621, lng : 1491652374}
xyz LOCAL_POSITION_NED {time_boot_ms : 92389, x : -0.012033524923026562, y : 0.014690123498439789, z : 0.006195141933858395, vx : -0.015050079673528671, vy : 0.018532751128077507, vz : -0.00013759607099927962}
ahrs AHRS2 {roll : 0.0017738615861162543, pitch : 0.0015553280245512724, yaw : -0.12529413402080536, altitude : 584.0899658203125, lat : -353632621, lng : 1491652374}
xyz LOCAL_POSITION_NED {time_boot_ms : 92422, x : -0.011872541159391403, y : 0.014496639370918274, z : 0.006194252520799637, vx : -0.014957879669964314, vy : 0.018401654437184334, vz : -0.00014810505672357976}
ahrs AHRS2 {roll : 0.0017739407485350966, pitch : 0.0015542189357802272, yaw : -0.12529346346855164, altitude : 584.0899658203125, lat : -353632621, lng : 1491652374}
xyz LOCAL_POSITION_NED {time_boot_ms : 92457, x : -0.011712501756846905, y : 0.014303339645266533, z : 0.006192855071276426, vx : -0.01484460849314928, vy : 0.01825798489153385, vz : -0.00014555432426277548}
ahrs AHRS2 {roll : 0.0017749551916494966, pitch : 0.0015531794633716345, yaw : -0.12529009580612183, altitude : 584.0899658203125, lat : -353632621, lng : 1491652374}
xyz LOCAL_POSITION_NED {time_boot_ms : 92489, x : -0.01180319581180811, y : 0.014417480677366257, z : 0.006190295331180096, vx : -0.014910382218658924, vy : 0.018338162451982498, vz : -0.00014509046741295606}
ahrs AHRS2 {roll : 0.0017746209632605314, pitch : 0.0015544878551736474, yaw : -0.12528514862060547, altitude : 584.0899658203125, lat : -353632621, lng : 1491652374}
xyz LOCAL_POSITION_NED {time_boot_ms : 92522, x : -0.011734641157090664, y : 0.014335207641124725, z : 0.006189342588186264, vx : -0.01486194971948862, vy : 0.01825626939535141, vz : -0.00013064336962997913}
ahrs AHRS2 {roll : 0.001774217700585723, pitch : 0.0015544046182185411, yaw : -0.12528087198734283, altitude : 584.0899658203125, lat : -353632621, lng : 1491652374}
xyz LOCAL_POSITION_NED {time_boot_ms : 92554, x : -0.011765502393245697, y : 0.014374122954905033, z : 0.006187750026583672, vx : -0.014869839884340763, vy : 0.018288549035787582, vz : -0.00013037602184340358}
ahrs AHRS2 {roll : 0.0017759845359250903, pitch : 0.0015550503740087152, yaw : -0.12527823448181152, altitude : 584.0899658203125, lat : -353632621, lng : 1491652374}
xyz LOCAL_POSITION_NED {time_boot_ms : 92587, x : -0.011965332552790642, y : 0.014621018432080746, z : 0.006185916252434254, vx : -0.01497562788426876, vy : 0.018431691452860832, vz : -0.00010305116302333772}
ahrs AHRS2 {roll : 0.001776352757588029, pitch : 0.0015550808748230338, yaw : -0.12527509033679962, altitude : 584.0899658203125, lat : -353632621, lng : 1491652374}
xyz LOCAL_POSITION_NED {time_boot_ms : 92622, x : -0.011853484436869621, y : 0.014487456530332565, z : 0.0061861677095294, vx : -0.014891405589878559, vy : 0.018315862864255905, vz : -8.15985185909085e-05}
ahrs AHRS2 {roll : 0.001777992001734674, pitch : 0.0015553603880107403, yaw : -0.12527216970920563, altitude : 584.0899658203125, lat : -353632621, lng : 1491652374}
xyz LOCAL_POSITION_NED {time_boot_ms : 92654, x : -0.011666655540466309, y : 0.014262035489082336, z : 0.0061871809884905815, vx : -0.014737116172909737, vy : 0.018162362277507782, vz : -6.768985622329637e-05}
ahrs AHRS2 {roll : 0.0017773645231500268, pitch : 0.0015564303612336516, yaw : -0.12526971101760864, altitude : 584.0899658203125, lat : -353632621, lng : 1491652374}
xyz LOCAL_POSITION_NED {time_boot_ms : 92687, x : -0.011730443686246872, y : 0.014343858696520329, z : 0.006187737453728914, vx : -0.01478551421314478, vy : 0.018228888511657715, vz : -3.672388265840709e-05}
ahrs AHRS2 {roll : 0.00177673005964607, pitch : 0.0015548223163932562, yaw : -0.1252671331167221, altitude : 584.0899658203125, lat : -353632621, lng : 1491652374}
xyz LOCAL_POSITION_NED {time_boot_ms : 92719, x : -0.011683874763548374, y : 0.01429035235196352, z : 0.006189505569636822, vx : -0.014742255210876465, vy : 0.018165672197937965, vz : -4.525150143308565e-05}
ahrs AHRS2 {roll : 0.0017781544011086226, pitch : 0.0015562103362753987, yaw : -0.12526336312294006, altitude : 584.0899658203125, lat : -353632621, lng : 1491652374}
xyz LOCAL_POSITION_NED {time_boot_ms : 92752, x : -0.0118465106934309, y : 0.014492076821625233, z : 0.006189768202602863, vx : -0.01484022755175829, vy : 0.01826395094394684, vz : -5.697477899957448e-05}
ahrs AHRS2 {roll : 0.001778865815140307, pitch : 0.0015554203419014812, yaw : -0.12526200711727142, altitude : 584.0899658203125, lat : -353632621, lng : 1491652374}
xyz LOCAL_POSITION_NED {time_boot_ms : 92787, x : -0.011946323327720165, y : 0.014616377651691437, z : 0.0061903283931314945, vx : -0.014891309663653374, vy : 0.01834661327302456, vz : -5.183717075851746e-05}
ahrs AHRS2 {roll : 0.0017789696576073766, pitch : 0.001556751667521894, yaw : -0.12525956332683563, altitude : 584.0899658203125, lat : -353632621, lng : 1491652374}
xyz LOCAL_POSITION_NED {time_boot_ms : 92819, x : -0.011795667000114918, y : 0.014434799551963806, z : 0.006191721651703119, vx : -0.01480577327311039, vy : 0.018223870545625687, vz : -4.2684070649556816e-05}
ahrs AHRS2 {roll : 0.0017778081819415092, pitch : 0.0015559165040031075, yaw : -0.1252564936876297, altitude : 584.0899658203125, lat : -353632621, lng : 1491652374}
xyz LOCAL_POSITION_NED {time_boot_ms : 92852, x : -0.011812986806035042, y : 0.01445815060287714, z : 0.006191980093717575, vx : -0.014809859916567802, vy : 0.0182239580899477, vz : -5.455801874632016e-05}
ahrs AHRS2 {roll : 0.001778202480636537, pitch : 0.0015569748356938362, yaw : -0.12525387108325958, altitude : 584.0899658203125, lat : -353632621, lng : 1491652374}
xyz LOCAL_POSITION_NED {time_boot_ms : 92884, x : -0.011672834865748882, y : 0.014288345351815224, z : 0.0061926827766001225, vx : -0.014724661596119404, vy : 0.01812463440001011, vz : -4.2619663872756064e-05}
ahrs AHRS2 {roll : 0.0017803156515583396, pitch : 0.0015547143993899226, yaw : -0.12525223195552826, altitude : 584.0899658203125, lat : -353632621, lng : 1491652374}
xyz LOCAL_POSITION_NED {time_boot_ms : 92919, x : -0.011651977896690369, y : 0.014263682067394257, z : 0.006193854846060276, vx : -0.014733003452420235, vy : 0.018079765141010284, vz : -2.9858392736059614e-05}
ahrs AHRS2 {roll : 0.0017806452233344316, pitch : 0.0015559192979708314, yaw : -0.1252485066652298, altitude : 584.0899658203125, lat : -353632621, lng : 1491652374}
xyz LOCAL_POSITION_NED {time_boot_ms : 92951, x : -0.011815992183983326, y : 0.014464949257671833, z : 0.006194190122187138, vx : -0.014848806895315647, vy : 0.0182341355830431, vz : -3.014239700860344e-05}
ahrs AHRS2 {roll : 0.0017823466332629323, pitch : 0.0015551093965768814, yaw : -0.12524956464767456, altitude : 584.0899658203125, lat : -353632621, lng : 1491652374}
xyz LOCAL_POSITION_NED {time_boot_ms : 92984, x : -0.011880624108016491, y : 0.014544316567480564, z : 0.006195027381181717, vx : -0.014882024377584457, vy : 0.01828717440366745, vz : -3.398791886866093e-05}
ahrs AHRS2 {roll : 0.0017814758466556668, pitch : 0.0015549877425655723, yaw : -0.12524628639221191, altitude : 584.0899658203125, lat : -353632621, lng : 1491652374}
xyz LOCAL_POSITION_NED {time_boot_ms : 93016, x : -0.011733369901776314, y : 0.014364078640937805, z : 0.006195979192852974, vx : -0.014802065677940845, vy : 0.018141843378543854, vz : -2.4839004254317842e-05}
ahrs AHRS2 {roll : 0.0017822269583120942, pitch : 0.0015544716734439135, yaw : -0.1252443790435791, altitude : 584.0899658203125, lat : -353632621, lng : 1491652374}
xyz LOCAL_POSITION_NED {time_boot_ms : 93049, x : -0.011753044091165066, y : 0.014387567527592182, z : 0.006196629721671343, vx : -0.014822574332356453, vy : 0.01814534328877926, vz : -1.4175476280797739e-05}
ahrs AHRS2 {roll : 0.0017813908634707332, pitch : 0.001554885064251721, yaw : -0.12524326145648956, altitude : 584.0899658203125, lat : -353632621, lng : 1491652374}
xyz LOCAL_POSITION_NED {time_boot_ms : 93084, x : -0.01165310014039278, y : 0.014263344928622246, z : 0.006197899580001831, vx : -0.01474704872816801, vy : 0.0180522333830595, vz : -1.0908543117693625e-05}
ahrs AHRS2 {roll : 0.001781783881597221, pitch : 0.0015545280184596777, yaw : -0.12523910403251648, altitude : 584.0899658203125, lat : -353632621, lng : 1491652374}
xyz LOCAL_POSITION_NED {time_boot_ms : 93116, x : -0.01159762591123581, y : 0.014193597249686718, z : 0.006198950577527285, vx : -0.014704907312989235, vy : 0.017993085086345673, vz : -3.168981857015751e-05}
ahrs AHRS2 {roll : 0.0017818089108914137, pitch : 0.0015545444330200553, yaw : -0.12523609399795532, altitude : 584.0899658203125, lat : -353632621, lng : 1491652374}
xyz LOCAL_POSITION_NED {time_boot_ms : 93149, x : -0.011762518435716629, y : 0.01439395360648632, z : 0.006198677700012922, vx : -0.014819081872701645, vy : 0.018137719482183456, vz : -3.7153949961066246e-05}
ahrs AHRS2 {roll : 0.00178009201772511, pitch : 0.0015550096286460757, yaw : -0.12523594498634338, altitude : 584.0899658203125, lat : -353632621, lng : 1491652374}
xyz LOCAL_POSITION_NED {time_boot_ms : 93181, x : -0.011828756891191006, y : 0.014472811482846737, z : 0.006198945455253124, vx : -0.014856346882879734, vy : 0.018180977553129196, vz : -3.5349901736481115e-05}
ahrs AHRS2 {roll : 0.0017798448679968715, pitch : 0.0015587466768920422, yaw : -0.12523482739925385, altitude : 584.0899658203125, lat : -353632621, lng : 1491652374}
xyz LOCAL_POSITION_NED {time_boot_ms : 93214, x : -0.011929224245250225, y : 0.014595077373087406, z : 0.006199099589139223, vx : -0.014922020025551319, vy : 0.018259398639202118, vz : -3.477988138911314e-05}
ahrs AHRS2 {roll : 0.0017793261213228106, pitch : 0.001559087191708386, yaw : -0.12523002922534943, altitude : 584.0899658203125, lat : -353632621, lng : 1491652374}
xyz LOCAL_POSITION_NED {time_boot_ms : 93249, x : -0.011738890781998634, y : 0.01436139177531004, z : 0.006198922172188759, vx : -0.014815599657595158, vy : 0.01810481585562229, vz : -4.397697193780914e-05}
ahrs AHRS2 {roll : 0.0017815782921388745, pitch : 0.0015591977862641215, yaw : -0.12522928416728973, altitude : 584.0899658203125, lat : -353632621, lng : 1491652374}
xyz LOCAL_POSITION_NED {time_boot_ms : 93281, x : -0.011603044345974922, y : 0.014192868955433369, z : 0.006199225317686796, vx : -0.014753601513803005, vy : 0.01796940714120865, vz : -1.4068242307985201e-05}
ahrs AHRS2 {roll : 0.0017826049588620663, pitch : 0.0015601651975885034, yaw : -0.12522584199905396, altitude : 584.0899658203125, lat : -353632621, lng : 1491652374}
xyz LOCAL_POSITION_NED {time_boot_ms : 93314, x : -0.01171902846544981, y : 0.014331372454762459, z : 0.006199512630701065, vx : -0.014829694293439388, vy : 0.018085205927491188, vz : -1.751452509779483e-05}
ahrs AHRS2 {roll : 0.0017839150968939066, pitch : 0.0015622718492522836, yaw : -0.12522253394126892, altitude : 584.0899658203125, lat : -353632621, lng : 1491652374}
xyz LOCAL_POSITION_NED {time_boot_ms : 93346, x : -0.011715800501406193, y : 0.014324691146612167, z : 0.006199762690812349, vx : -0.014826931990683079, vy : 0.018088815733790398, vz : -3.811150963883847e-05}
ahrs AHRS2 {roll : 0.0017849007854238153, pitch : 0.001562550663948059, yaw : -0.12522448599338531, altitude : 584.0899658203125, lat : -353632621, lng : 1491652374}
xyz LOCAL_POSITION_NED {time_boot_ms : 93379, x : -0.011784417554736137, y : 0.014404905028641224, z : 0.006199981085956097, vx : -0.014909695833921432, vy : 0.01815255917608738, vz : -2.323630360479001e-05}
ahrs AHRS2 {roll : 0.0017821795772761106, pitch : 0.0015623229555785656, yaw : -0.12522192299365997, altitude : 584.0899658203125, lat : -353632621, lng : 1491652374}
xyz LOCAL_POSITION_NED {time_boot_ms : 93414, x : -0.01192520558834076, y : 0.014573968946933746, z : 0.006199597381055355, vx : -0.015011832118034363, vy : 0.018255110830068588, vz : -3.560676486813463e-05}
ahrs AHRS2 {roll : 0.0017846381524577737, pitch : 0.0015630745328962803, yaw : -0.12521865963935852, altitude : 584.0899658203125, lat : -353632621, lng : 1491652374}
xyz LOCAL_POSITION_NED {time_boot_ms : 93446, x : -0.011700371280312538, y : 0.014296820387244225, z : 0.006199512630701065, vx : -0.014866233803331852, vy : 0.01805945858359337, vz : -3.126524461549707e-05}
ahrs AHRS2 {roll : 0.0017834303434938192, pitch : 0.0015651164576411247, yaw : -0.12521980702877045, altitude : 584.0899658203125, lat : -353632621, lng : 1491652374}
xyz LOCAL_POSITION_NED {time_boot_ms : 93479, x : -0.011566868051886559, y : 0.014130502007901669, z : 0.006198985036462545, vx : -0.014776107855141163, vy : 0.017965709790587425, vz : -6.07897418376524e-05}